Timestamp,cost-per-transaction
2019-04-21 00:00:00,28.2105046358341
2019-04-22 00:00:00,27.0851421347835
2019-04-23 00:00:00,27.3871298829751
2019-04-24 00:00:00,29.46833019333
2019-04-25 00:00:00,26.6223730837181
2019-04-26 00:00:00,26.7137500643614
2019-04-27 00:00:00,25.381164294873
2019-04-28 00:00:00,28.103245180798
2019-04-29 00:00:00,30.4857896838611
2019-04-30 00:00:00,27.4944434435269
2019-05-01 00:00:00,26.4969092012474
2019-05-02 00:00:00,27.9708514510895
2019-05-03 00:00:00,29.0384334192596
2019-05-04 00:00:00,27.2976230261004
2019-05-05 00:00:00,28.9994092129323
2019-05-06 00:00:00,29.3305522052356
2019-05-07 00:00:00,29.9656862831318
2019-05-08 00:00:00,29.8455120704085
2019-05-09 00:00:00,33.0991212922985
2019-05-10 00:00:00,32.9153756539132
2019-05-11 00:00:00,34.4330982675101
2019-05-12 00:00:00,44.1098467139244
2019-05-13 00:00:00,41.8466056141763
2019-05-14 00:00:00,44.1289479881913
2019-05-15 00:00:00,44.9364454436926
2019-05-16 00:00:00,43.6602175431352
2019-05-17 00:00:00,42.5780670651137
2019-05-18 00:00:00,41.6583075333021
2019-05-19 00:00:00,49.3830406151526
2019-05-20 00:00:00,45.6289717191716
2019-05-21 00:00:00,44.1811915146516
2019-05-22 00:00:00,45.3394913915237
2019-05-23 00:00:00,42.3005448954593
2019-05-24 00:00:00,45.0224517543274
2019-05-25 00:00:00,44.666945828867
2019-05-26 00:00:00,46.8643409346336
2019-05-27 00:00:00,50.1813215354999
2019-05-28 00:00:00,50.2221496823349
2019-05-29 00:00:00,50.4708034582727
2019-05-30 00:00:00,50.2153455036011
2019-05-31 00:00:00,46.5837629574751
2019-06-01 00:00:00,52.6973440587309
2019-06-02 00:00:00,51.1652144494655
2019-06-03 00:00:00,48.9059108007802
2019-06-04 00:00:00,44.8260164966682
2019-06-05 00:00:00,44.9772261025852
2019-06-06 00:00:00,44.8360139982732
2019-06-07 00:00:00,47.0867654909602
2019-06-08 00:00:00,43.7623279680004
2019-06-09 00:00:00,49.0664144120194
2019-06-10 00:00:00,45.5573724249407
2019-06-11 00:00:00,44.0144173026103
2019-06-12 00:00:00,42.7479218067421
2019-06-13 00:00:00,44.765065154586
2019-06-14 00:00:00,51.3515561331295
2019-06-15 00:00:00,50.1857814053655
2019-06-16 00:00:00,52.4325655085327
2019-06-17 00:00:00,51.3471327041772
2019-06-18 00:00:00,50.0432326306077
2019-06-19 00:00:00,52.9126999593201
2019-06-20 00:00:00,54.2462032122193
2019-06-21 00:00:00,51.9282169339068
2019-06-22 00:00:00,57.1239955615097
2019-06-23 00:00:00,66.5162485015371
2019-06-24 00:00:00,65.483492893849
2019-06-25 00:00:00,60.9120469564058
2019-06-26 00:00:00,71.5731340688491
2019-06-27 00:00:00,64.6004942886489
2019-06-28 00:00:00,63.7133801705182
2019-06-29 00:00:00,76.3890180666589
2019-06-30 00:00:00,70.0570831384349
2019-07-01 00:00:00,60.8858357962894
2019-07-02 00:00:00,57.9382290758566
2019-07-03 00:00:00,64.3355567819161
2019-07-04 00:00:00,69.080367156161
2019-07-05 00:00:00,71.6928640593513
2019-07-06 00:00:00,74.6001189118738
2019-07-07 00:00:00,70.7848479653411
2019-07-08 00:00:00,71.5060014146179
2019-07-09 00:00:00,69.1673055847394
2019-07-10 00:00:00,68.1388206314988
2019-07-11 00:00:00,60.4701923318181
2019-07-12 00:00:00,67.6842726899866
2019-07-13 00:00:00,67.6741040903416
2019-07-14 00:00:00,66.547224674243
2019-07-15 00:00:00,56.2523417514088
2019-07-16 00:00:00,60.2185118834706
2019-07-17 00:00:00,50.7894975696866
2019-07-18 00:00:00,50.4623113425228
2019-07-19 00:00:00,54.0467694962078
2019-07-20 00:00:00,74.5069287647335
2019-07-21 00:00:00,70.8051791693474
2019-07-22 00:00:00,66.3459219432144
2019-07-23 00:00:00,57.8716147694272
2019-07-24 00:00:00,58.6820111798732
2019-07-25 00:00:00,57.4308811583028
2019-07-26 00:00:00,64.9097906247496
2019-07-27 00:00:00,66.3434198319484
2019-07-28 00:00:00,76.9097013160833
2019-07-29 00:00:00,62.0451605644715
2019-07-30 00:00:00,53.4797452400545
2019-07-31 00:00:00,59.9883464893205
2019-08-01 00:00:00,54.4208451983898
2019-08-02 00:00:00,64.7035349741656
2019-08-03 00:00:00,72.5873514029389
2019-08-04 00:00:00,76.6382405544222
2019-08-05 00:00:00,63.1067782083659
2019-08-06 00:00:00,65.8068474888384
2019-08-07 00:00:00,62.8462692219344
2019-08-08 00:00:00,65.3523665788906
2019-08-09 00:00:00,66.0566787284843
2019-08-10 00:00:00,73.275797059353
2019-08-11 00:00:00,80.9888479954152
2019-08-12 00:00:00,66.0676369993002
2019-08-13 00:00:00,61.420327482175
2019-08-14 00:00:00,56.9411942998479
2019-08-15 00:00:00,56.4658066588714
2019-08-16 00:00:00,59.7138183628022
2019-08-17 00:00:00,58.3465994829838
2019-08-18 00:00:00,59.6939677631792
2019-08-19 00:00:00,66.2656115572474
2019-08-20 00:00:00,63.4093231776879
2019-08-21 00:00:00,57.8585943874638
2019-08-22 00:00:00,56.5812280925451
2019-08-23 00:00:00,58.754193509411
2019-08-24 00:00:00,68.037592774417
2019-08-25 00:00:00,69.1659356910217
2019-08-26 00:00:00,56.7269683884573
2019-08-27 00:00:00,53.8132363935469
2019-08-28 00:00:00,56.5215223791599
2019-08-29 00:00:00,57.3372246189114
2019-08-30 00:00:00,55.423720672848
2019-08-31 00:00:00,58.9422761810399
2019-09-01 00:00:00,60.9054401216385
2019-09-02 00:00:00,57.7612977607317
2019-09-03 00:00:00,59.4311303489136
2019-09-04 00:00:00,56.5856908668939
2019-09-05 00:00:00,63.6577647816231
2019-09-06 00:00:00,58.7219349243661
2019-09-07 00:00:00,62.7413380689339
2019-09-08 00:00:00,81.9251101978105
2019-09-09 00:00:00,60.4710385004454
2019-09-10 00:00:00,69.6237820517503
2019-09-11 00:00:00,70.6489862166719
2019-09-12 00:00:00,60.9803251937681
2019-09-13 00:00:00,63.600000824058
2019-09-14 00:00:00,67.6138437140606
2019-09-15 00:00:00,70.3762745165825
2019-09-16 00:00:00,61.214821815812
2019-09-17 00:00:00,56.0324493279703
2019-09-18 00:00:00,62.0440781613469
2019-09-19 00:00:00,54.1653606781131
2019-09-20 00:00:00,57.3134687453945
2019-09-21 00:00:00,62.7355135570425
2019-09-22 00:00:00,66.3300828377716
2019-09-23 00:00:00,50.534540179164
2019-09-24 00:00:00,53.0872769255953
2019-09-25 00:00:00,48.7985164480177
2019-09-26 00:00:00,50.309449944586
2019-09-27 00:00:00,44.4266876287536
2019-09-28 00:00:00,52.1545880070646
2019-09-29 00:00:00,48.8152777770494
2019-09-30 00:00:00,43.1497755861691
2019-10-01 00:00:00,45.5094392434382
2019-10-02 00:00:00,48.0947311368581
2019-10-03 00:00:00,47.3077938685327
2019-10-04 00:00:00,45.0705446264621
2019-10-05 00:00:00,49.6996124011376
2019-10-06 00:00:00,53.2545312982838
2019-10-07 00:00:00,47.8824281167047
2019-10-08 00:00:00,50.02011085204
2019-10-09 00:00:00,47.0227841059467
2019-10-10 00:00:00,51.338440016588
2019-10-11 00:00:00,48.4883278411479
2019-10-12 00:00:00,46.4748599476245
2019-10-13 00:00:00,53.5597112186838
2019-10-14 00:00:00,47.3402249495259
2019-10-15 00:00:00,47.4181091790772
2019-10-16 00:00:00,43.2339749883066
2019-10-17 00:00:00,46.2402548337499
2019-10-18 00:00:00,48.0213891674874
2019-10-19 00:00:00,46.9692240058046
2019-10-20 00:00:00,51.4650747772336
2019-10-21 00:00:00,46.8686739347487
2019-10-22 00:00:00,51.2399501978676
2019-10-23 00:00:00,48.5485454719215
2019-10-24 00:00:00,41.449687615801
2019-10-25 00:00:00,42.3285572909028
2019-10-26 00:00:00,54.8506745247245
2019-10-27 00:00:00,54.1633461896998
2019-10-28 00:00:00,52.4996292841207
2019-10-29 00:00:00,51.6559195515456
2019-10-30 00:00:00,49.8983567957221
2019-10-31 00:00:00,52.6256601149877
2019-11-01 00:00:00,48.3729391425207
2019-11-02 00:00:00,56.2313878519737
2019-11-03 00:00:00,55.6179189679099
2019-11-03 23:00:00,51.1410223205603
2019-11-04 23:00:00,52.3194888281144
2019-11-05 23:00:00,50.109660733284
2019-11-06 23:00:00,49.2190917838089
2019-11-07 23:00:00,47.4003359781669
2019-11-08 23:00:00,52.623101472921
2019-11-09 23:00:00,62.5177134399388
2019-11-10 23:00:00,51.6711387049149
2019-11-11 23:00:00,49.7348295591248
2019-11-12 23:00:00,47.2420634605174
2019-11-13 23:00:00,52.8362276962086
2019-11-14 23:00:00,52.9858581574861
2019-11-15 23:00:00,55.9653266122265
2019-11-16 23:00:00,62.7245046677867
2019-11-17 23:00:00,49.1132451680952
2019-11-18 23:00:00,46.6587908046475
2019-11-19 23:00:00,45.4020079764546
2019-11-20 23:00:00,42.3386065467349
2019-11-21 23:00:00,39.7198346975416
2019-11-22 23:00:00,51.6732027041905
2019-11-23 23:00:00,44.2566521666448
2019-11-24 23:00:00,39.3016544806619
2019-11-25 23:00:00,34.7550669694361
2019-11-26 23:00:00,40.4568918848291
2019-11-27 23:00:00,50.7822655372359
2019-11-28 23:00:00,43.463953657116
2019-11-29 23:00:00,44.2660891745267
2019-11-30 23:00:00,47.0675089388549
2019-12-01 23:00:00,42.7224657846594
2019-12-02 23:00:00,43.4983659263729
2019-12-03 23:00:00,45.7717257667715
2019-12-04 23:00:00,43.1867460516921
2019-12-05 23:00:00,43.1343234863841
2019-12-06 23:00:00,53.4140536308424
2019-12-07 23:00:00,50.0963245900911
2019-12-08 23:00:00,44.5458869125117
2019-12-09 23:00:00,42.6369854322623
2019-12-10 23:00:00,41.414941331393
2019-12-11 23:00:00,38.7312182764325
2019-12-12 23:00:00,43.1491637824181
2019-12-13 23:00:00,46.1470631003128
2019-12-14 23:00:00,42.2335470675045
2019-12-15 23:00:00,43.099548684611
2019-12-16 23:00:00,37.9692469134202
2019-12-17 23:00:00,36.705163679023
2019-12-18 23:00:00,44.5246170458534
2019-12-19 23:00:00,42.4593032989739
2019-12-20 23:00:00,50.9285393912032
2019-12-21 23:00:00,54.5694416816695
2019-12-22 23:00:00,45.1174690089122
2019-12-23 23:00:00,39.6845842405523
2019-12-24 23:00:00,47.5542588114732
2019-12-25 23:00:00,52.3447783979696
2019-12-26 23:00:00,40.8919855219548
2019-12-27 23:00:00,45.9245650612103
2019-12-28 23:00:00,51.1481969014049
2019-12-29 23:00:00,47.1261419309612
2019-12-30 23:00:00,44.8222139606688
2019-12-31 23:00:00,63.1365953390269
2020-01-01 23:00:00,42.5491723475771
2020-01-02 23:00:00,49.5736805977311
2020-01-03 23:00:00,53.9107284378774
2020-01-04 23:00:00,53.4236766613
2020-01-05 23:00:00,42.7441166219581
2020-01-06 23:00:00,51.2854004552215
2020-01-07 23:00:00,46.8226009280057
2020-01-08 23:00:00,48.8430300019678
2020-01-09 23:00:00,45.0900867653004
2020-01-10 23:00:00,54.5283533905023
2020-01-11 23:00:00,54.7886892998734
2020-01-12 23:00:00,50.1834040864354
2020-01-13 23:00:00,45.3896676882071
2020-01-14 23:00:00,50.4804035221325
2020-01-15 23:00:00,53.6227320285354
2020-01-16 23:00:00,54.8876145709407
2020-01-17 23:00:00,51.644896291384
2020-01-18 23:00:00,58.851921421606
2020-01-19 23:00:00,50.056922752291
2020-01-20 23:00:00,53.0070246546905
2020-01-21 23:00:00,51.9998545816502
2020-01-22 23:00:00,51.5887007459838
2020-01-23 23:00:00,51.7239595986548
2020-01-24 23:00:00,60.0392153120972
2020-01-25 23:00:00,58.0992383350351
2020-01-26 23:00:00,50.9483378687911
2020-01-27 23:00:00,47.7648977462592
2020-01-28 23:00:00,55.4599640721215
2020-01-29 23:00:00,55.8945940438906
2020-01-30 23:00:00,50.9536765522243
2020-01-31 23:00:00,58.7973400795474
2020-02-01 23:00:00,58.2518215268443
2020-02-02 23:00:00,52.7688716863485
2020-02-03 23:00:00,49.8561284752417
2020-02-04 23:00:00,51.2322154900361
2020-02-05 23:00:00,52.3365386658269
2020-02-06 23:00:00,51.6415384785938
2020-02-07 23:00:00,53.9642782932341
2020-02-08 23:00:00,61.9374694396448
2020-02-09 23:00:00,51.5976410189723
2020-02-10 23:00:00,51.2150334008625
2020-02-11 23:00:00,54.4473644094993
2020-02-12 23:00:00,54.3229361297891
2020-02-13 23:00:00,54.8436204448203
2020-02-14 23:00:00,56.6897318162039
2020-02-15 23:00:00,60.9148465058036
2020-02-16 23:00:00,56.7259918641387
2020-02-17 23:00:00,57.2139873633336
2020-02-18 23:00:00,54.18808224507
2020-02-19 23:00:00,48.5376591752753
2020-02-20 23:00:00,55.7986276879979
2020-02-21 23:00:00,59.2635612495899
2020-02-22 23:00:00,61.9243915821044
2020-02-23 23:00:00,52.837833991223
2020-02-24 23:00:00,51.4271682587918
2020-02-25 23:00:00,47.365384056718
2020-02-26 23:00:00,48.4139173509012
2020-02-27 23:00:00,47.2397000915007
2020-02-28 23:00:00,49.6798861567392
2020-02-29 23:00:00,61.5097699288912
2020-03-01 23:00:00,48.2853310434457
2020-03-02 23:00:00,49.7687489931233
2020-03-03 23:00:00,51.4939195062357
2020-03-04 23:00:00,53.1074931593234
2020-03-05 23:00:00,52.9639674437683
2020-03-06 23:00:00,57.5002119266035
2020-03-07 23:00:00,56.9351412699975
2020-03-09 00:00:00,43.088009974729
2020-03-10 00:00:00,40.367531888613
2020-03-11 00:00:00,41.4148440738767
2020-03-12 00:00:00,37.7012858874398
2020-03-13 00:00:00,30.1972713532277
2020-03-14 00:00:00,32.1144461101509
2020-03-15 00:00:00,36.299335502047
2020-03-16 00:00:00,28.6531555057772
2020-03-17 00:00:00,30.4589458926035
2020-03-18 00:00:00,30.0157174331889
2020-03-19 00:00:00,30.0402961431206
2020-03-20 00:00:00,32.5779202935299
2020-03-21 00:00:00,40.1550498113668
2020-03-22 00:00:00,47.7934498372945
2020-03-23 00:00:00,34.3038742331181
2020-03-24 00:00:00,40.5935264612312
2020-03-25 00:00:00,36.9165986921745
2020-03-26 00:00:00,46.7548124218159
2020-03-27 00:00:00,48.4139360584423
2020-03-28 00:00:00,44.877568332905
2020-03-29 00:00:00,50.6111416094839
2020-03-30 00:00:00,42.0400515117745
2020-03-31 00:00:00,45.2210030614672
2020-04-01 00:00:00,43.6242390477481
2020-04-02 00:00:00,43.5159150777912
2020-04-03 00:00:00,41.0259308138856
2020-04-04 00:00:00,53.3448121281878
2020-04-05 00:00:00,62.2562937358401
2020-04-06 00:00:00,40.9503429131681
2020-04-07 00:00:00,49.7993840083494
2020-04-08 00:00:00,46.4207222199787
2020-04-09 00:00:00,49.6711356833184
2020-04-10 00:00:00,49.7901158867751
2020-04-11 00:00:00,55.2823718033444
2020-04-12 00:00:00,58.4156265205156
2020-04-13 00:00:00,50.1981120036146
2020-04-14 00:00:00,48.7254431006258
2020-04-15 00:00:00,46.9258048671644
2020-04-16 00:00:00,41.7948357085057
2020-04-17 00:00:00,39.9360818632395
2020-04-18 00:00:00,49.3265191176367
2020-04-19 00:00:00,54.4932067671539
2020-04-20 00:00:00,46.4250848596367
2020-04-21 00:00:00,42.2422605181555
2020-04-22 00:00:00,41.6028773016883
2020-04-23 00:00:00,40.127745193341
2020-04-24 00:00:00,43.0990266044061
2020-04-25 00:00:00,46.4020438553101
2020-04-26 00:00:00,52.5184758501002
2020-04-27 00:00:00,44.4534044135194
2020-04-28 00:00:00,46.6323333642837
2020-04-29 00:00:00,46.0787611079707
2020-04-30 00:00:00,49.6286142146446
2020-05-01 00:00:00,49.2306658615637
2020-05-02 00:00:00,59.3473218914269
2020-05-03 00:00:00,69.5408005495611
2020-05-04 00:00:00,54.887253618017
2020-05-05 00:00:00,55.5579450400896
2020-05-06 00:00:00,56.967033117196
2020-05-07 00:00:00,53.3553440801215
2020-05-08 00:00:00,56.0721702694106
2020-05-09 00:00:00,55.6206774079318
2020-05-10 00:00:00,66.5166166003509
2020-05-11 00:00:00,55.6794889441733
2020-05-12 00:00:00,25.9273795567018
2020-05-13 00:00:00,25.9082950114654
2020-05-14 00:00:00,30.6795715396832
2020-05-15 00:00:00,28.8756268536516
2020-05-16 00:00:00,28.4239561884037
2020-05-17 00:00:00,30.0344255350804
2020-05-18 00:00:00,34.07924860462
2020-05-19 00:00:00,31.6501828800508
2020-05-20 00:00:00,31.4627744313599
2020-05-21 00:00:00,31.6614520779346
2020-05-22 00:00:00,27.8724350183625
2020-05-23 00:00:00,29.1314438591229
2020-05-24 00:00:00,33.9664678076797
2020-05-25 00:00:00,28.9220866679624
2020-05-26 00:00:00,25.5813937261146
2020-05-27 00:00:00,29.3588214770532
2020-05-28 00:00:00,28.1988842926557
2020-05-29 00:00:00,29.86254895071
2020-05-30 00:00:00,34.6559503218519
2020-05-31 00:00:00,36.9250018712685
2020-06-01 00:00:00,28.5992508692279
2020-06-02 00:00:00,29.4010299006505
2020-06-03 00:00:00,28.9211158235703
2020-06-04 00:00:00,30.6778962263392
2020-06-05 00:00:00,35.3094095410375
2020-06-06 00:00:00,43.2181571308434
2020-06-07 00:00:00,38.9154835973661
2020-06-08 00:00:00,32.1651728973546
2020-06-09 00:00:00,30.9416039987778
2020-06-10 00:00:00,31.9876074051075
2020-06-11 00:00:00,34.5081631025847
2020-06-12 00:00:00,30.9994991150104
2020-06-13 00:00:00,33.9681119467916
2020-06-14 00:00:00,37.3428213573291
2020-06-15 00:00:00,28.1198996142481
2020-06-16 00:00:00,27.6651724983513
2020-06-17 00:00:00,25.7887488547715
2020-06-18 00:00:00,27.173309174416
2020-06-19 00:00:00,25.3851592589615
2020-06-20 00:00:00,28.994534065696
2020-06-21 00:00:00,33.7527411675811
2020-06-22 00:00:00,29.595660599031
2020-06-23 00:00:00,28.0491867701879
2020-06-24 00:00:00,27.5184104154396
2020-06-25 00:00:00,27.2404857029568
2020-06-26 00:00:00,29.4572020666473
2020-06-27 00:00:00,29.2570377001059
2020-06-28 00:00:00,32.7165049604553
2020-06-29 00:00:00,27.14674470781
2020-06-30 00:00:00,29.3638353536296
2020-07-01 00:00:00,25.852261769978
2020-07-02 00:00:00,29.1847494299547
2020-07-03 00:00:00,29.4048537067125
2020-07-04 00:00:00,31.8864706922643
2020-07-05 00:00:00,34.4888698497453
2020-07-06 00:00:00,27.4281186381817
2020-07-07 00:00:00,27.9847873824902
2020-07-08 00:00:00,26.6771409451456
2020-07-09 00:00:00,27.8441132110933
2020-07-10 00:00:00,28.077570387245
2020-07-11 00:00:00,30.3431256460827
2020-07-12 00:00:00,31.9167973655061
2020-07-13 00:00:00,28.723484296363
2020-07-14 00:00:00,24.6135187073322
2020-07-15 00:00:00,27.0585789878911
2020-07-16 00:00:00,24.5085610915453
2020-07-17 00:00:00,25.3114502417417
2020-07-18 00:00:00,26.3125945439716
2020-07-19 00:00:00,28.5716327490618
2020-07-20 00:00:00,28.4421193721667
2020-07-21 00:00:00,26.2579105588848
2020-07-22 00:00:00,26.7686088742846
2020-07-23 00:00:00,27.9620264367166
2020-07-24 00:00:00,29.2636129048039
2020-07-25 00:00:00,32.2417856990445
2020-07-26 00:00:00,34.9712013231044
2020-07-27 00:00:00,33.5519128856381
2020-07-28 00:00:00,33.9326640523788
2020-07-29 00:00:00,35.1765253687016
2020-07-30 00:00:00,34.4790847113704
2020-07-31 00:00:00,35.4153766594265
2020-08-01 00:00:00,38.5562570033685
2020-08-02 00:00:00,38.926994036573
2020-08-03 00:00:00,38.5730242978297
2020-08-04 00:00:00,34.7646401664201
2020-08-05 00:00:00,37.0335809511832
2020-08-06 00:00:00,38.6169574725783
2020-08-07 00:00:00,39.2764838151703
2020-08-08 00:00:00,39.8135840129077
2020-08-09 00:00:00,45.1016436692363
2020-08-10 00:00:00,38.1830195403308
2020-08-11 00:00:00,37.0531514299238
2020-08-12 00:00:00,36.6184685809293
2020-08-13 00:00:00,36.5126735755174
2020-08-14 00:00:00,37.0371344693124
2020-08-15 00:00:00,39.6858492013564
2020-08-16 00:00:00,42.2977080761413
2020-08-17 00:00:00,35.4687592765466
2020-08-18 00:00:00,36.2736928015915
2020-08-19 00:00:00,35.70293317722632
2020-08-20 00:00:00,36.889054557526286
2020-08-21 00:00:00,41.325023176146104
2020-08-22 00:00:00,34.994141372116616
2020-08-23 00:00:00,42.04207711513541
2020-08-24 00:00:00,35.98997715100717
2020-08-25 00:00:00,33.618835009729075
2020-08-26 00:00:00,34.99693932530556
2020-08-27 00:00:00,32.163221256553605
2020-08-28 00:00:00,36.566166465714346
2020-08-29 00:00:00,38.45091761803543
2020-08-30 00:00:00,37.01011231159122
2020-08-31 00:00:00,39.65175165495006
2020-09-01 00:00:00,34.378345352744255
2020-09-02 00:00:00,37.53555478329722
2020-09-03 00:00:00,33.40811948116876
2020-09-04 00:00:00,34.66539377670383
2020-09-05 00:00:00,31.62068870721483
2020-09-06 00:00:00,39.319698773706584
2020-09-07 00:00:00,36.76991795623417
2020-09-08 00:00:00,32.09256335359807
2020-09-09 00:00:00,32.983336088831656
2020-09-10 00:00:00,32.78260585140803
2020-09-11 00:00:00,31.84140294935001
2020-09-12 00:00:00,38.67897429168348
2020-09-13 00:00:00,43.27048582125826
2020-09-14 00:00:00,34.76789260908813
2020-09-15 00:00:00,34.02654477987524
2020-09-16 00:00:00,33.26534391907988
2020-09-17 00:00:00,36.955185735159084
2020-09-18 00:00:00,36.98855243669075
2020-09-19 00:00:00,36.367476101171036
2020-09-20 00:00:00,38.7567679747658
2020-09-21 00:00:00,34.78405778812628
2020-09-22 00:00:00,29.419607128102875
2020-09-23 00:00:00,29.297861207877883
2020-09-24 00:00:00,30.818195709841238
2020-09-25 00:00:00,34.47817873644036
2020-09-26 00:00:00,38.34044738683623
2020-09-27 00:00:00,40.6622303066891
2020-09-28 00:00:00,31.907029971868454
2020-09-29 00:00:00,29.73099852128683
2020-09-30 00:00:00,32.680153028403836
2020-10-01 00:00:00,30.89820165897532
2020-10-02 00:00:00,32.439660576066075
2020-10-03 00:00:00,34.51617707574215
2020-10-04 00:00:00,41.2504942501332
2020-10-05 00:00:00,35.21749907393331
2020-10-06 00:00:00,31.165059814744822
2020-10-07 00:00:00,30.20859654798016
2020-10-08 00:00:00,36.54324436911941
2020-10-09 00:00:00,32.31297938083808
2020-10-10 00:00:00,37.05297899153161
2020-10-11 00:00:00,41.4820426750014
2020-10-12 00:00:00,36.65173152690541
2020-10-13 00:00:00,38.31666069333321
2020-10-14 00:00:00,36.26839850703604
2020-10-15 00:00:00,34.33767135176301
2020-10-16 00:00:00,36.16938425086291
2020-10-17 00:00:00,42.04987795191104
2020-10-18 00:00:00,38.790041919841926
2020-10-19 00:00:00,31.932565647459878
2020-10-20 00:00:00,34.852333327847546
2020-10-21 00:00:00,37.14211459792025
2020-10-22 00:00:00,38.85446322223044
2020-10-23 00:00:00,38.518982354280546
2020-10-24 00:00:00,44.21064863486551
2020-10-25 00:00:00,42.91851083393459
2020-10-26 00:00:00,41.33161375102984
2020-10-27 00:00:00,43.14985966367566
2020-10-28 00:00:00,43.79930075647262
2020-10-29 00:00:00,45.12799068311
2020-10-30 00:00:00,47.80407223524235
2020-10-31 00:00:00,48.37628843768614
2020-11-01 00:00:00,47.73157157358082
2020-11-01 23:00:00,48.54024663528541
2020-11-02 23:00:00,47.7163542825194
2020-11-03 23:00:00,51.890532578066505
2020-11-04 23:00:00,57.643159866579175
2020-11-05 23:00:00,55.065060896269166
2020-11-06 23:00:00,59.55296790832155
2020-11-07 23:00:00,60.3562661105266
2020-11-08 23:00:00,61.118647651018996
2020-11-09 23:00:00,54.273904738682184
2020-11-10 23:00:00,49.71029590903631
2020-11-11 23:00:00,54.343020631232235
2020-11-12 23:00:00,52.685695651512944
2020-11-13 23:00:00,56.18042086652122
2020-11-14 23:00:00,61.97775138370071
2020-11-15 23:00:00,56.86267311538356
2020-11-16 23:00:00,52.69153352585125
2020-11-17 23:00:00,57.31778108029812
2020-11-18 23:00:00,54.61316932981272
2020-11-19 23:00:00,59.31056555605605
2020-11-20 23:00:00,66.37726887539176
2020-11-21 23:00:00,76.56571753818632
2020-11-22 23:00:00,60.47303381201014
2020-11-23 23:00:00,53.05736673377853
2020-11-24 23:00:00,56.254352219660625
2020-11-25 23:00:00,55.95337575905798
2020-11-26 23:00:00,55.47527450752039
2020-11-27 23:00:00,59.978623890016095
2020-11-28 23:00:00,67.02726039990803
2020-11-29 23:00:00,57.23788695932524
2020-11-30 23:00:00,55.925302681776955
2020-12-01 23:00:00,55.105882072162515
2020-12-02 23:00:00,62.72995520584482
2020-12-03 23:00:00,60.51072663858092
2020-12-04 23:00:00,65.51828949685647
2020-12-05 23:00:00,66.57493718645354
2020-12-06 23:00:00,64.28462050583174
2020-12-07 23:00:00,55.882744611144965
2020-12-08 23:00:00,53.53016529436434
2020-12-09 23:00:00,51.40656664851425
2020-12-10 23:00:00,54.58588669246652
2020-12-11 23:00:00,54.582539745116264
2020-12-12 23:00:00,70.7346212228646
2020-12-13 23:00:00,58.90395619211692
2020-12-14 23:00:00,57.154469238980816
2020-12-15 23:00:00,62.12741454387046
2020-12-16 23:00:00,71.48210696361105
2020-12-17 23:00:00,71.43132286434039
2020-12-18 23:00:00,75.34691068722405
2020-12-19 23:00:00,85.18971436851494
2020-12-20 23:00:00,85.64541040013786
2020-12-21 23:00:00,73.25442703856109
2020-12-22 23:00:00,76.93044803331098
2020-12-23 23:00:00,76.98192047486441
2020-12-24 23:00:00,78.289090812282
2020-12-25 23:00:00,86.22820586600979
2020-12-26 23:00:00,89.10412418000507
2020-12-27 23:00:00,96.08344815029841
2020-12-28 23:00:00,83.91357134427095
2020-12-29 23:00:00,99.03306830434842
2020-12-30 23:00:00,96.49870140679032
2020-12-31 23:00:00,111.93105411256523
2021-01-01 23:00:00,107.0417383129575
2021-01-02 23:00:00,100.029960302658
2021-01-03 23:00:00,103.58066426122392
2021-01-04 23:00:00,99.73361786428922
2021-01-05 23:00:00,108.21916612178546
2021-01-06 23:00:00,111.94847178893632
2021-01-07 23:00:00,118.14511431991114
2021-01-08 23:00:00,122.95703364823477
2021-01-09 23:00:00,130.08707690605394
2021-01-10 23:00:00,112.88147642988767
2021-01-11 23:00:00,112.74182220729797
2021-01-12 23:00:00,117.47367476023956
2021-01-13 23:00:00,120.78159597455465
2021-01-14 23:00:00,121.31853214243041
2021-01-15 23:00:00,121.55649123683669
2021-01-16 23:00:00,117.46990709220559
2021-01-17 23:00:00,114.02942949415208
2021-01-18 23:00:00,116.70268160577024
2021-01-19 23:00:00,108.94576057070282
2021-01-20 23:00:00,104.16872931462923
2021-01-21 23:00:00,97.46828006554072
2021-01-22 23:00:00,110.58535137200167
2021-01-23 23:00:00,117.8363293067214
2021-01-24 23:00:00,105.34088833059809
2021-01-25 23:00:00,103.4068562207157
2021-01-26 23:00:00,93.17970688321327
2021-01-27 23:00:00,96.86122306722233
2021-01-28 23:00:00,115.69269412327016
2021-01-29 23:00:00,107.75070722006683
2021-01-30 23:00:00,114.91611527950448
2021-01-31 23:00:00,105.79192482590861
2021-02-01 23:00:00,104.77025880769946
2021-02-02 23:00:00,113.61370527508838
2021-02-03 23:00:00,119.30666638738555
2021-02-04 23:00:00,125.05783065147129
2021-02-05 23:00:00,133.3268101226602
2021-02-06 23:00:00,143.47344457598768
2021-02-07 23:00:00,140.75690992480364
2021-02-08 23:00:00,140.8474535750997
2021-02-09 23:00:00,142.629216150783
2021-02-10 23:00:00,152.232911640192
2021-02-11 23:00:00,152.7207184016725
2021-02-12 23:00:00,157.6243574555561
2021-02-13 23:00:00,168.78084177080473
2021-02-14 23:00:00,165.50733434130282
2021-02-15 23:00:00,144.51633317905373
2021-02-16 23:00:00,161.444815130281
2021-02-17 23:00:00,163.73159016363306
2021-02-18 23:00:00,173.43839161305863
2021-02-19 23:00:00,186.25869939183553
2021-02-20 23:00:00,209.4333687845862
2021-02-21 23:00:00,185.38411152803428
2021-02-22 23:00:00,165.1770480800351
2021-02-23 23:00:00,164.35141978193315
2021-02-24 23:00:00,173.9974240707445
2021-02-25 23:00:00,154.67581261201113
2021-02-26 23:00:00,159.44811974983116
2021-02-27 23:00:00,158.84194732538174
2021-02-28 23:00:00,158.70276164293531
2021-03-01 23:00:00,147.46444525055134
2021-03-02 23:00:00,164.49985781357557
2021-03-03 23:00:00,155.9733860143672
2021-03-04 23:00:00,156.7624898182514
2021-03-05 23:00:00,172.63300803275064
2021-03-06 23:00:00,189.65771328051935
2021-03-07 23:00:00,184.28741148343292
2021-03-08 23:00:00,176.48159203697008
2021-03-09 23:00:00,167.2610142401344
2021-03-10 23:00:00,181.07405302929973
2021-03-11 23:00:00,187.0654298860289
2021-03-12 23:00:00,214.4243313139322
2021-03-13 23:00:00,210.21384526763518
2021-03-15 00:00:00,204.19928990066327
2021-03-16 00:00:00,180.4646719006131
2021-03-17 00:00:00,181.49387049739278
2021-03-18 00:00:00,191.5500040819418
2021-03-19 00:00:00,193.87048323719537
2021-03-20 00:00:00,214.40290050896016
2021-03-21 00:00:00,250.67403952684873
2021-03-22 00:00:00,196.83493150525894
2021-03-23 00:00:00,190.3569446267247
2021-03-24 00:00:00,186.51729383851318
2021-03-25 00:00:00,171.37287621822801
2021-03-26 00:00:00,168.77504531729167
2021-03-27 00:00:00,203.6272281307244
2021-03-28 00:00:00,236.40721769378084
2021-03-29 00:00:00,193.5637827680648
2021-03-30 00:00:00,183.68305453258617
2021-03-31 00:00:00,191.43177293379097
2021-04-01 00:00:00,188.25056391838956
2021-04-02 00:00:00,187.19999758978332
2021-04-03 00:00:00,188.14831513145884
2021-04-04 00:00:00,229.6745985999321
2021-04-05 00:00:00,215.23608844679887
2021-04-06 00:00:00,190.15636029238996
2021-04-07 00:00:00,192.02079365238527
2021-04-08 00:00:00,190.3721144943836
2021-04-09 00:00:00,191.39385072190262
2021-04-10 00:00:00,214.2953612756865
2021-04-11 00:00:00,229.70661798889924
2021-04-12 00:00:00,204.7651025959055
2021-04-13 00:00:00,198.06313416127566
2021-04-14 00:00:00,208.9713734525182
2021-04-15 00:00:00,215.90390557821905
2021-04-16 00:00:00,220.09980939815966
2021-04-17 00:00:00,231.41169486401347
2021-04-18 00:00:00,205.5984325019473
2021-04-19 00:00:00,223.88318308539746
2021-04-20 00:00:00,219.57580391049467
2021-04-21 00:00:00,217.7919034658502
2021-04-22 00:00:00,234.1282287862732
2021-04-23 00:00:00,187.89841067717822
2021-04-24 00:00:00,185.3442944895792
2021-04-25 00:00:00,205.16556465284984
2021-04-26 00:00:00,193.68777357531843
2021-04-27 00:00:00,191.81604466322935
2021-04-28 00:00:00,202.1800233725265
2021-04-29 00:00:00,188.26507467980431
2021-04-30 00:00:00,202.69750646995644
2021-05-01 00:00:00,213.2471632377353
2021-05-02 00:00:00,300.31054913667
2021-05-03 00:00:00,247.432176147388
2021-05-04 00:00:00,226.15940318632673
2021-05-05 00:00:00,196.17277498078408
2021-05-06 00:00:00,214.07709639356915
2021-05-07 00:00:00,218.461023038865
2021-05-08 00:00:00,246.38187971563042
2021-05-09 00:00:00,288.3227389599041
2021-05-10 00:00:00,234.33157102220036
2021-05-11 00:00:00,206.99837688061828
2021-05-12 00:00:00,214.96262126673844
2021-05-13 00:00:00,194.05307774844863
2021-05-14 00:00:00,171.59208744217423
2021-05-15 00:00:00,174.28676174077088
2021-05-16 00:00:00,190.07488721766597
2021-05-17 00:00:00,146.96660701407185
2021-05-18 00:00:00,138.5799674267093
2021-05-19 00:00:00,136.74440494294944
2021-05-20 00:00:00,145.30644511494722
2021-05-21 00:00:00,141.30407816392056
2021-05-22 00:00:00,138.85676890882473
2021-05-23 00:00:00,148.95100341814728
2021-05-24 00:00:00,139.1612414497509
2021-05-25 00:00:00,139.4340447316791
2021-05-26 00:00:00,142.9087211916139
2021-05-27 00:00:00,144.24022881761775
2021-05-28 00:00:00,136.9262036091956
2021-05-29 00:00:00,137.3314298215469
2021-05-30 00:00:00,184.85010757332864
2021-05-31 00:00:00,149.47474428915675
2021-06-01 00:00:00,145.96759826040739
2021-06-02 00:00:00,163.4974329251797
2021-06-03 00:00:00,145.6732634857681
2021-06-04 00:00:00,135.98059482395288
2021-06-05 00:00:00,159.33882486642136
2021-06-06 00:00:00,186.4579870742936
2021-06-07 00:00:00,132.76420671656655
2021-06-08 00:00:00,128.31146143357847
2021-06-09 00:00:00,134.17002942786377
2021-06-10 00:00:00,114.59650888488697
2021-06-11 00:00:00,118.95407205091881
2021-06-12 00:00:00,139.8883153155348
2021-06-13 00:00:00,166.95541533169563
2021-06-14 00:00:00,148.21313572458956
2021-06-15 00:00:00,142.4994147099516
2021-06-16 00:00:00,125.64449566515546
2021-06-17 00:00:00,137.07365714099814
2021-06-18 00:00:00,133.9426798873058
2021-06-19 00:00:00,127.548037349142
2021-06-20 00:00:00,141.9622963320516
2021-06-21 00:00:00,112.78566339900041
2021-06-22 00:00:00,100.77215455844872
2021-06-23 00:00:00,99.10229461677713
2021-06-24 00:00:00,101.87901296344302
2021-06-25 00:00:00,111.64011163933966
2021-06-26 00:00:00,101.63357238620411
2021-06-27 00:00:00,104.81795516875805
2021-06-28 00:00:00,94.45366896269717
2021-06-29 00:00:00,106.31660591015768
2021-06-30 00:00:00,98.73662078189878
2021-07-01 00:00:00,97.64126243544322
2021-07-02 00:00:00,110.24007546820886
2021-07-03 00:00:00,123.33001417611374
2021-07-04 00:00:00,156.24653299287252
2021-07-05 00:00:00,133.0955238815502
2021-07-06 00:00:00,139.83943688701993
2021-07-07 00:00:00,125.9858627406933
2021-07-08 00:00:00,129.19505653023901
2021-07-09 00:00:00,123.25731101897253
2021-07-10 00:00:00,184.56843233298915
2021-07-11 00:00:00,164.15580777868894
2021-07-12 00:00:00,125.85939058298972
2021-07-13 00:00:00,125.8115144231302
2021-07-14 00:00:00,150.08425443946106
2021-07-15 00:00:00,116.5207942752469
2021-07-16 00:00:00,135.64780012798522
2021-07-17 00:00:00,157.01118415854285
2021-07-18 00:00:00,179.8968748424801
2021-07-19 00:00:00,148.4361020803855
2021-07-20 00:00:00,100.80097380207876
2021-07-21 00:00:00,121.35001073838485
2021-07-22 00:00:00,138.77037393264976
2021-07-23 00:00:00,121.02479057658715
2021-07-24 00:00:00,166.70120023974957
2021-07-25 00:00:00,190.20192680004655
2021-07-26 00:00:00,139.31340288205305
2021-07-27 00:00:00,159.17908219122515
2021-07-28 00:00:00,158.12201244735664
2021-07-29 00:00:00,152.68937081802778
2021-07-30 00:00:00,164.50432760048506
2021-07-31 00:00:00,200.7347026347319
2021-08-01 00:00:00,218.15077502687726
2021-08-02 00:00:00,150.19366311023109
2021-08-03 00:00:00,168.78645243750964
2021-08-04 00:00:00,139.90402665850164
2021-08-05 00:00:00,162.22277717323905
2021-08-06 00:00:00,159.40004931369597
2021-08-07 00:00:00,216.04148721622613
2021-08-08 00:00:00,230.55350775809393
2021-08-09 00:00:00,171.0933595199304
2021-08-10 00:00:00,182.74230198503074
2021-08-11 00:00:00,163.61721335840093
2021-08-12 00:00:00,171.0599526756297
2021-08-13 00:00:00,161.2224449081617
2021-08-14 00:00:00,233.24721168104367
2021-08-15 00:00:00,285.7161682778339
2021-08-16 00:00:00,181.99910543935468
2021-08-17 00:00:00,196.94958499921748
2021-08-18 00:00:00,156.60640457540583
2021-08-19 00:00:00,173.86034551869278
2021-08-20 00:00:00,178.23013859652443
2021-08-21 00:00:00,240.22005909340479
2021-08-22 00:00:00,266.0802462863709
2021-08-23 00:00:00,229.74287934638383
2021-08-24 00:00:00,181.79125694498916
2021-08-25 00:00:00,185.69829261921024
2021-08-26 00:00:00,169.21727608756692
2021-08-27 00:00:00,171.50709542257277
2021-08-28 00:00:00,200.0010122845691
2021-08-29 00:00:00,250.27604993110694
2021-08-30 00:00:00,164.20327347937558
2021-08-31 00:00:00,159.2759733246717
2021-09-01 00:00:00,148.34692405090456
2021-09-02 00:00:00,163.1844680844096
2021-09-03 00:00:00,165.9092325443863
2021-09-04 00:00:00,215.82184017704142
2021-09-05 00:00:00,254.23456114958213
2021-09-06 00:00:00,210.65187845746402
2021-09-07 00:00:00,176.64023688299673
2021-09-08 00:00:00,154.42905271184196
2021-09-09 00:00:00,147.12525557551336
2021-09-10 00:00:00,152.12549988010824
2021-09-11 00:00:00,194.35281660124738
2021-09-12 00:00:00,216.13565288688062
2021-09-13 00:00:00,177.14866598549918
2021-09-14 00:00:00,183.5759514030138
2021-09-15 00:00:00,159.97677471316555
2021-09-16 00:00:00,152.81837329363861
2021-09-17 00:00:00,164.58587476603518
2021-09-18 00:00:00,209.93660151966262
2021-09-19 00:00:00,240.04065491281634
2021-09-20 00:00:00,172.04838197059505
2021-09-21 00:00:00,136.27593976526214
2021-09-22 00:00:00,131.11601119360716
2021-09-23 00:00:00,171.2841540803295
2021-09-24 00:00:00,146.17401879346878
2021-09-25 00:00:00,181.95554164328652
2021-09-26 00:00:00,194.72863656519914
2021-09-27 00:00:00,167.79119328350458
2021-09-28 00:00:00,154.02308681966616
2021-09-29 00:00:00,142.5834028290268
2021-09-30 00:00:00,159.65014313008112
2021-10-01 00:00:00,147.57681412039076
2021-10-02 00:00:00,218.25992467274847
2021-10-03 00:00:00,208.3155468025031
2021-10-04 00:00:00,177.127671301037
2021-10-05 00:00:00,166.62598896239368
2021-10-06 00:00:00,164.11973414401123
2021-10-07 00:00:00,151.6084020194949
2021-10-08 00:00:00,149.86499486529135
2021-10-09 00:00:00,211.7659823778792
2021-10-10 00:00:00,262.9989321899767
2021-10-11 00:00:00,188.7979309987834
2021-10-12 00:00:00,177.3689419331564
2021-10-13 00:00:00,208.35227349215208
2021-10-14 00:00:00,179.19979738888767
2021-10-15 00:00:00,181.09838891513297
2021-10-16 00:00:00,192.2482437064309
2021-10-17 00:00:00,285.13498773896254
2021-10-18 00:00:00,203.85572952582615
2021-10-19 00:00:00,198.080671169108
2021-10-20 00:00:00,211.5823908022599
2021-10-21 00:00:00,189.58216437301198
2021-10-22 00:00:00,217.2492340169184
2021-10-23 00:00:00,250.0864439844339
2021-10-24 00:00:00,277.42051250732425
2021-10-25 00:00:00,261.16807135065636
2021-10-26 00:00:00,201.8988701600399
2021-10-27 00:00:00,202.25107907571766
2021-10-28 00:00:00,197.28738706874626
2021-10-29 00:00:00,221.39700650859527
2021-10-30 00:00:00,239.57117113613367
2021-10-31 00:00:00,246.8003647574582
2021-11-01 00:00:00,196.52932054236572
2021-11-02 00:00:00,211.367745095574
2021-11-03 00:00:00,222.48269756427507
2021-11-04 00:00:00,194.63805392807342
2021-11-05 00:00:00,212.10201197994274
2021-11-06 00:00:00,251.3588054204758
2021-11-07 00:00:00,265.46933573865044
2021-11-07 23:00:00,196.1251103959942
2021-11-08 23:00:00,196.29773400480505
2021-11-09 23:00:00,211.10576369281006
2021-11-10 23:00:00,221.96499158878296
2021-11-11 23:00:00,205.3686303067761
2021-11-12 23:00:00,261.16624136347207
2021-11-13 23:00:00,287.7066115737756
2021-11-14 23:00:00,216.9353226100415
2021-11-15 23:00:00,192.25256872206768
2021-11-16 23:00:00,194.6741227984137
2021-11-17 23:00:00,183.17438583444633
2021-11-18 23:00:00,174.4426350598535
2021-11-19 23:00:00,216.04484724948964
2021-11-20 23:00:00,223.9720435103591
2021-11-21 23:00:00,183.85515244525175
2021-11-22 23:00:00,169.27541547556956
2021-11-23 23:00:00,190.64313000130434
2021-11-24 23:00:00,167.41401626241498
2021-11-25 23:00:00,159.2016591130787
2021-11-26 23:00:00,204.56770547560816
2021-11-27 23:00:00,223.55152526771442
2021-11-28 23:00:00,173.02406448257474
2021-11-29 23:00:00,166.03773141280888
2021-11-30 23:00:00,174.48763931607877
2021-12-01 23:00:00,178.84566161053905
2021-12-02 23:00:00,205.70307641591322
2021-12-03 23:00:00,190.4733642332704
2021-12-04 23:00:00,241.8248778748037
2021-12-05 23:00:00,186.61537744751092
2021-12-06 23:00:00,172.31210991307864
2021-12-07 23:00:00,199.73144723569362
2021-12-08 23:00:00,178.7508358429118
2021-12-09 23:00:00,175.1729715034115
2021-12-10 23:00:00,204.08472904671834
2021-12-11 23:00:00,203.2450262081489
2021-12-12 23:00:00,156.97317700039733
2021-12-13 23:00:00,160.45686272232786
2021-12-14 23:00:00,153.71082672497843
2021-12-15 23:00:00,139.1368911042481
2021-12-16 23:00:00,170.78603849985745
2021-12-17 23:00:00,156.14225427966983
2021-12-18 23:00:00,214.62109521458677
2021-12-19 23:00:00,159.33429271028484
2021-12-20 23:00:00,157.3469468211031
2021-12-21 23:00:00,158.73916142236115
2021-12-22 23:00:00,161.83474411565723
2021-12-23 23:00:00,187.4596046652668
2021-12-24 23:00:00,226.70079482914844
2021-12-25 23:00:00,214.8352347385138
2021-12-26 23:00:00,190.98339789642992
2021-12-27 23:00:00,163.36324912506586
2021-12-28 23:00:00,159.08164754420895
2021-12-29 23:00:00,144.21580630024454
2021-12-30 23:00:00,166.00270521956625
2021-12-31 23:00:00,268.41480006018503
2022-01-01 23:00:00,243.64656614122063
2022-01-02 23:00:00,178.71216813901907
2022-01-03 23:00:00,157.6633058325798
2022-01-04 23:00:00,160.65477703878116
2022-01-05 23:00:00,152.12299478748915
2022-01-06 23:00:00,150.1572295961372
2022-01-07 23:00:00,168.7112194938363
2022-01-08 23:00:00,176.3944226675779
2022-01-09 23:00:00,141.0881907091524
2022-01-10 23:00:00,150.5806490768459
2022-01-11 23:00:00,138.32120666183525
2022-01-12 23:00:00,180.684821510692
2022-01-13 23:00:00,157.60336601914577
2022-01-14 23:00:00,192.15421087503773
2022-01-15 23:00:00,219.59750340796487
2022-01-16 23:00:00,169.53373628561536
2022-01-17 23:00:00,136.29482720323037
2022-01-18 23:00:00,169.6173635982046
2022-01-19 23:00:00,170.2637073975375
2022-01-20 23:00:00,121.09128204747027
2022-01-21 23:00:00,120.30033161094138
2022-01-22 23:00:00,154.34920110359883
2022-01-23 23:00:00,124.48172766981403
2022-01-24 23:00:00,132.3406865103343
2022-01-25 23:00:00,118.68902496688483
2022-01-26 23:00:00,118.11063882971911
2022-01-27 23:00:00,136.55153646410707
2022-01-28 23:00:00,154.45132383939176
2022-01-29 23:00:00,171.43894745085487
2022-01-30 23:00:00,129.5309488885183
2022-01-31 23:00:00,138.00498560292743
2022-02-01 23:00:00,132.12290601322186
2022-02-02 23:00:00,128.6140040741117
2022-02-03 23:00:00,128.4354130182667
2022-02-04 23:00:00,121.73739477654608
2022-02-05 23:00:00,186.96358645287276
2022-02-06 23:00:00,142.31116208863676
2022-02-07 23:00:00,153.83621287036038
2022-02-08 23:00:00,149.1479237483059
2022-02-09 23:00:00,159.60862632959606
2022-02-10 23:00:00,152.7601412964372
2022-02-11 23:00:00,219.22262247231487
2022-02-12 23:00:00,202.02220475858823
2022-02-13 23:00:00,164.94887948718699
2022-02-14 23:00:00,177.3718948641572
2022-02-15 23:00:00,161.78731592385748
2022-02-16 23:00:00,166.3503556087555
2022-02-17 23:00:00,131.15154618118422
2022-02-18 23:00:00,170.43112114165922
2022-02-19 23:00:00,175.40115481105204
2022-02-20 23:00:00,126.47987816155161
2022-02-21 23:00:00,140.91172571137008
2022-02-22 23:00:00,143.91710934435542
2022-02-23 23:00:00,117.49835094241264
2022-02-24 23:00:00,126.77428317044841
2022-02-25 23:00:00,141.44569895676358
2022-02-26 23:00:00,157.21054715606192
2022-02-27 23:00:00,141.05921645513305
2022-02-28 23:00:00,160.43177724595222
2022-03-01 23:00:00,134.43077519063505
2022-03-02 23:00:00,152.30039648016708
2022-03-03 23:00:00,138.62566744569853
2022-03-04 23:00:00,137.25674959360114
2022-03-05 23:00:00,156.18155828387103
2022-03-06 23:00:00,140.29395568292895
2022-03-07 23:00:00,141.57288510298898
2022-03-08 23:00:00,133.00467522050386
2022-03-09 23:00:00,139.62169866886563
2022-03-10 23:00:00,135.63515438289582
2022-03-11 23:00:00,170.70658455438513
2022-03-12 23:00:00,179.93501243774685
2022-03-14 00:00:00,143.99373218996132
2022-03-15 00:00:00,130.43491924766118
2022-03-16 00:00:00,142.93025002002247
2022-03-17 00:00:00,147.4778726199178
2022-03-18 00:00:00,141.43408331860388
2022-03-19 00:00:00,168.67031647759651
2022-03-20 00:00:00,191.63639462498764
2022-03-21 00:00:00,152.78058243115785
2022-03-22 00:00:00,150.76950980201315
2022-03-23 00:00:00,146.804778613094
2022-03-24 00:00:00,149.010699486914
2022-03-25 00:00:00,150.51114946157725
2022-03-26 00:00:00,193.67139970476342
2022-03-27 00:00:00,171.22775427665565
2022-03-28 00:00:00,162.09415847722192
2022-03-29 00:00:00,157.97930231103615
2022-03-30 00:00:00,147.98264064698427
2022-03-31 00:00:00,147.09637617241398
2022-04-01 00:00:00,144.1629969915852
2022-04-02 00:00:00,158.27582769610422
2022-04-03 00:00:00,180.52172953649088
2022-04-04 00:00:00,167.23149755912206
2022-04-05 00:00:00,157.0463386277196
2022-04-06 00:00:00,156.35711678950182
2022-04-07 00:00:00,142.38666031678375
2022-04-08 00:00:00,138.1357984489892
2022-04-09 00:00:00,175.86786093834667
2022-04-10 00:00:00,174.21757430615224
2022-04-11 00:00:00,129.42218744473814
2022-04-12 00:00:00,138.46214056695712
2022-04-13 00:00:00,129.74150584473915
2022-04-14 00:00:00,134.08913061833124
2022-04-15 00:00:00,157.2997178069217
2022-04-16 00:00:00,151.17148683894553
2022-04-17 00:00:00,201.67903587777695
2022-04-18 00:00:00,136.1684932892068
2022-04-19 00:00:00,117.91261666183496