,BBANDS_upperband,BBANDS_middleband,BBANDS_lowerband,DEMA,EMA,HT_TRENDLINE,macd,macdsignal,macdhist,mfi,willr,ADX,ADXR,APO,aroondown,aroonup,AROONOSC,ad,adosc,obv,atr,natr,trange,token,EMA-trend,MACD-position,MACD-indicator,volatility,change
0,0.3623220807983863,0.36199212617083354,0.367133273372702,0.6497956536641873,0.47660267775928516,0.684000726669298,0.49108167553530485,0.49443173658191514,0.5063169686001511,0.3999462445354842,0.43942288546055486,0.2588194298757862,0.14234344321685155,0.46821985042767506,0.35714285714285715,0.14285714285714288,0.39285714285714285,0.9518313784899115,0.48149393482456604,0.36610321069709395,0.2140974539021594,0.17824376929348965,0.1516099455261318,BTCUSDT,Up trend,sell,low,0.33636363636363636,-0.06956959836640031
0,0.4895940492795793,0.5110838212194766,0.5027088820749878,0.6533452088919369,0.8261049142167541,0.7047473304377243,0.14233431622950224,0.165321087726622,0.6080190693118618,0.3313340109173309,0.35757599456685785,0.41451087906607714,0.35492191320974953,0.2909739382885939,0.35714285714285715,0.0,0.3214285714285714,0.9689388376291935,0.2579051915455316,0.8067314397989302,0.32616417924658603,0.18426336983285038,0.10625719820785436,ETHUSDT,Up trend,sell,low,0.5188084464555053,-0.1249799515337441
0,0.22941395555557983,0.1922041604967491,0.22395211645812374,0.4315577488040518,0.3186039398452125,0.49198094427948236,0.3651451068156932,0.3172966804707437,0.766871563662839,0.3483330853990405,0.6342788707757098,0.7403281760477988,0.7196390810943482,0.544913833526746,0.7142857142857143,0.0,0.14285714285714285,0.9963459308698157,0.39404083064021894,0.3589307250538946,0.17156429369784354,0.0913555006452176,0.05273869569064692,BNBUSDT,Up trend,sell,low,0.5934375,-0.16469066609183008
0,0.09416548976355213,0.10735172648982153,0.12407037719138783,0.38711864830047077,0.18259253257263822,0.29320704972930944,0.2982483279110816,0.2658773835794007,0.7214181762904349,0.25338886855902454,0.23032607088808105,0.26981391166707663,0.0006937623088082962,0.4493370655778981,0.9285714285714286,0.0,0.03571428571428569,0.9426594587390399,0.1392902200672949,0.7543598120614033,0.0970008732499242,0.11350483558523013,0.023239289446186032,NEOUSDT,Up trend,sell,low,0.87908349732921,-0.2469301611665387
0,0.10787278102879334,0.12673123486682794,0.1467525855729252,0.46503909314819697,0.1978597329379052,0.35503967904050837,0.34485091914600263,0.36674787151007404,0.6605353064505817,0.16033060719702236,0.26202594542385715,0.002743344675600718,0.07304845452455598,0.49742670227770597,0.9285714285714286,0.0,0.03571428571428569,0.6747955847856029,0.31113027447045616,0.03964323041304801,0.14049093488148745,0.1341666719539864,0.04163588744879468,LTCUSDT,Up trend,sell,low,0.7179670722977811,-0.10664335664335654
0,0.18000997099559887,0.19394557823129263,0.21227204552496373,0.5820286170001391,0.3718372433062796,0.6171982407783688,0.2195101160584551,0.24915200490001338,0.5208362672332103,0.31644551896910766,0.41016545610127764,0.3154226143935934,0.022154316323165876,0.3827885948639018,0.9285714285714286,0.0,0.03571428571428569,0.9759229147914928,0.2755939636780226,0.8915212431419832,0.17503937979310139,0.0912046672245133,0.10035930099624357,QTUMUSDT,Up trend,sell,low,0.9908654409181403,-0.16161778923622303
0,0.5335095116385985,0.5494980525412047,0.5486183089223502,0.6190671156182112,0.8452072742222979,0.7718332324033356,0.0007881420077860945,0.01983731412368437,0.39247307181478197,0.22984879307743267,0.3686945257789564,0.32113934803617494,0.3255348183623725,0.05460825121413968,0.35714285714285715,0.0,0.3214285714285714,0.9298035653480188,0.08013690717929425,0.7390542746232486,0.4908424133876892,0.20975255410820315,0.05071574227191103,ADAUSDT,Up trend,sell,low,0.6234752107219518,-0.23591040462427731
0,0.2543508506855122,0.320783204504381,0.454285974519727,0.5881085973022172,0.4917486542615383,0.6456211627743255,0.2828081272310246,0.22464059411729345,0.5603512187061721,0.24028505019875146,0.38824255480476294,0.20396688804877872,0.0,0.37060638780451943,0.35714285714285715,0.0,0.3214285714285714,0.9418691650687678,0.1545235317291698,0.4342879754618448,0.17050489205289587,0.09139810816843823,0.027652151440754585,XRPUSDT,Up trend,sell,low,0.6489163365182942,-0.1959345479082321
0,0.02999394414893599,0.04483429316251672,0.09710483254434576,0.22154565502864176,0.12257718779821841,0.19718884941795448,0.186779574875999,0.23507672006586058,0.5236899473507061,0.38193218293125264,0.15386249188276263,0.5816390888661946,0.3111868188117613,0.38574229056036696,0.9285714285714286,0.07142857142857144,0.07142857142857138,0.8947013576046133,0.32190751019247177,0.5105791938254052,0.06868090718720182,0.10349404181829926,0.018086523940659044,EOSUSDT,Up trend,sell,low,0.7667766776677668,-0.21803018268467028
0,0.4377767672147306,0.7767857142856638,0.8876579004288054,0.8319928657195643,0.8581477947836845,0.8459247416668485,0.6516528743977361,0.7025110710591859,0.5183208951875106,0.7209904378351253,0.47395833333337234,0.1527369034325157,0.0415402576767337,0.5451241671709599,0.7142857142857143,0.7142857142857143,0.5,0.06831624317400377,0.6173448031510452,0.8905347504309462,0.0005091732501814315,0.0005075950959642509,4.965489845572718e-05,TUSDUSDT,Down trend,buy,low,0.0019019019019018036,0.00040016006402556614
0,0.27426873082606257,0.2851780106601855,0.2925482549495403,0.691867480487276,0.41851849341503655,0.7208359613721137,0.4147787272850526,0.5473820346059313,0.34369647697625455,0.37578754341327264,0.173639289509507,0.36748508061919355,0.37741704302431445,0.3905171946882857,0.9285714285714286,0.07142857142857144,0.07142857142857138,0.8254856619006289,0.04951400864283142,0.8082437484793088,0.32319059755128354,0.22204588844349826,0.10207397495938068,IOTAUSDT,Up trend,sell,low,1.1646373191799355,0.16477961989486448
0,0.07673682543804891,0.10338862136614932,0.1514320696248095,0.28600815081739084,0.13694466310141853,0.21824068006901115,0.3482303633794428,0.35280237024563726,0.6501040038540445,0.20340206819355452,0.3034372558810887,0.34134577014129797,0.09674796595733179,0.4450234020989157,0.8571428571428572,0.0,0.07142857142857138,0.9549644081319751,0.4542592345082326,0.8777120583994625,0.04623731819777724,0.10530568402116046,0.011383996251274826,XLMUSDT,Up trend,sell,low,0.6954474097331238,-0.17860300618921304
0,0.06309755453701212,0.0730522716067515,0.12331867578855422,0.3490046202178811,0.14774072588482356,0.23576794908595916,0.40293700642878266,0.4602656583414552,0.5380598856620328,0.09959189279786279,0.20536569103844332,0.6265609851670568,0.5111840557396578,0.4952859448479675,0.9285714285714286,0.0,0.03571428571428569,0.9663908225607981,0.3090054232253534,0.7942582845482604,0.07354913256500657,0.10917667653139566,0.018413214189006308,ONTUSDT,Up trend,sell,low,0.8742591024555462,-0.25388601036269437
0,0.2792757675326304,0.32724389215666577,0.3895752400403245,0.7637584459985358,0.47239524265498145,0.8282194812962616,0.5484781644738216,0.6527204018136896,0.5095104844833652,0.19339168316624097,0.17800470507098431,0.3781976619000164,0.4421241125245918,0.5664459531547059,0.9285714285714286,0.0,0.03571428571428569,0.8316846078134398,0.1878748244828097,0.5054748467512015,0.24494539681560737,0.1743437254681659,0.04436160298229277,TRXUSDT,Up trend,sell,low,0.5940902021772938,0.007548445245606016
0,0.2290012632170051,0.29742752281854357,0.35965878239935606,0.15036283419255814,0.5751867293469757,0.1858394912441831,0.0887742598737935,0.09355136374431092,0.4328434194629139,0.08445043360005615,0.18027253076796235,0.4781492994814842,0.3646544009939627,0.23296625865863,0.7142857142857143,0.0,0.14285714285714285,0.9528496908811517,0.11641926339224166,0.7300040390930723,0.12400853434154002,0.07306941153602936,0.011490315243774826,ETCUSDT,Up trend,sell,low,0.7593813964066409,-0.26316614420062695
0,0.3741587354882418,0.38311277878663264,0.3778340316091545,0.8154062665632273,0.4626287131840287,0.9067337676633532,0.5961011092978966,0.7102892035541357,0.3311672311862309,0.21146972654024973,0.2221404606385436,0.2184037622293569,0.38265480892972004,0.5878416505726312,0.9285714285714286,0.0,0.03571428571428569,0.9359183456707363,0.3502680327218768,0.9062929868845114,0.38900254377768995,0.18535808012192154,0.08654113718578986,ICXUSDT,Up trend,sell,low,0.9605150214592273,0.1538461538461538
0,0.10655107690596054,0.09746497789550283,0.08192191534793809,0.45210641806738866,0.1462381969979392,0.3474272420377689,0.6015586737480532,0.5804776441589165,0.6260351339160398,0.7179871049770483,0.26616534867279046,0.24172931208334,0.2811024140394302,0.5978768841464742,0.35714285714285715,0.6428571428571429,0.6428571428571429,0.013705238575276934,0.285262015542,0.9620311236028453,0.2218428766095369,0.29198376766583395,0.10798429319371725,NULSUSDT,Up trend,sell,low,0.8563922942206654,-0.23085695666340825
0,0.13304775511417097,0.1397773472330521,0.13906499591222032,0.4320344116616172,0.2433828486622545,0.4636348114597647,0.2667677844984137,0.18158841201112208,0.6956360053043931,0.17374614503857083,0.39686993185028624,0.6024211197008478,0.4438775546938363,0.30471758461694565,0.9285714285714286,0.0,0.03571428571428569,0.843472434785187,0.21299158842120056,0.8225584357016791,0.12369899608048203,0.11602120761834818,0.08058775212193112,VETUSDT,Up trend,sell,low,0.9274242981488291,-0.21834025572114993
0,0.21995654607585263,0.584158415841773,0.8414090765251474,0.6127597111623386,0.6735780473098493,0.633054961803845,0.49567828153265714,0.6300708158411711,0.3820668820743439,0.4165157658898046,0.41056910569120947,1.0,1.0,0.5107868020292567,0.0,0.0,0.45833333333333326,0.0037237046101508673,0.4551896311363176,0.21907810949778325,0.044504926400234235,0.044504938729681365,0.0,PAXUSDT,Up trend,sell,low,0.0004002401440865189,0.0
0,0.6358008069612963,0.7419354838706615,0.7652162195646623,0.763217367428459,0.7722571560795712,0.7380928050533341,0.6939246130876223,0.7359992087095443,0.5258129004453623,0.7350429715385361,0.1488605477733706,0.3913589119128817,0.1954104085687806,0.5935483870958947,0.5714285714285715,0.35714285714285715,0.39285714285714285,0.0049354041314294125,0.5559368061057238,0.4016347725673369,0.03210534187205127,0.032053860219709754,0.0020491803278663585,USDCUSDT,Down trend,buy,low,0.006207448938726344,0.0003000600120023674
0,0.23372725838103028,0.24497964013503642,0.2539524630210933,0.6344040627568652,0.3305928099640852,0.5213052917908932,0.3513775308245175,0.3251657794896823,0.6804691643226939,0.39906824430505206,0.3312521747117946,0.37135582792339156,0.0,0.4500589507568471,0.35714285714285715,0.0,0.3214285714285714,0.9012083953652258,0.34841292030307724,0.6357299674831112,0.21618147609548266,0.15542957898603788,0.04679058694258761,LINKUSDT,Up trend,sell,low,0.7449567723342938,-0.10112359550561795
0,0.3989157855664532,0.5115507042445929,0.5791177904183177,0.7044497074532785,0.850602472176372,0.7882407355904406,0.26519784365538945,0.3023092406233558,0.41294848952854873,0.4652990639425128,0.312257235569295,0.15378488226370923,0.34442871139374287,0.30227127979890245,0.35714285714285715,0.0,0.3214285714285714,0.869954065956067,0.2762972720298432,1.0,0.32736448167227183,0.13685945140829697,0.03985239852398531,WAVESUSDT,Up trend,sell,low,0.6746641074856046,-0.13920454545454553
0,0.10057326628656213,0.13221217083187942,0.22128728658242683,0.5070385463369739,0.21826981240035098,0.5462098445761105,0.447285849787792,0.4592105726562026,0.49184071596108764,0.11682727264702018,0.21894675434710442,0.5465331576714532,0.49758165540767213,0.42362388712141247,0.9285714285714286,0.0,0.03571428571428569,0.8483392208332412,0.4527291800085184,0.6078123875643088,0.07346280400455939,0.10808775897025615,0.024975959664214877,BTTUSDT,Up trend,sell,low,0.825938566552901,-0.24555160142348753
0,0.2953343400225665,0.7158963676604602,0.8870951610979516,0.8334280512095367,0.9422804489356864,0.8508055097593297,0.4833931195992281,0.5240813287797127,0.251788669824387,0.5576729459450696,0.6240693658863949,0.25073978427228266,0.49581033470670116,0.3603830196923002,0.4285714285714286,0.14285714285714288,0.35714285714285715,0.13610183262150627,0.8917947356477254,1.0,0.16510538926002694,0.08632611255279873,0.031535062713797045,ONGUSDT,Up trend,sell,low,0.9605218760544372,0.00380800566772934
0,0.10573100519064055,0.1430153382183164,0.18802486092396808,0.5017853440572771,0.2643762888141377,0.5734303277459999,0.43814176245972003,0.49187832979467744,0.25857348800033525,0.24391859873549898,0.1886660408533145,0.48440166645540933,0.4207188733137297,0.4055268471032031,0.7142857142857143,0.14285714285714288,0.21428571428571427,0.2208703612991747,0.6240501117329463,0.6521275533684051,0.09533981226685072,0.11724181434294395,0.01480787054299088,HOTUSDT,Up trend,sell,low,0.8223854209166327,-0.25052112942960003
0,0.11944906176019539,0.13164185463065978,0.13834369987201087,0.49813222772022114,0.16557359129520546,0.3490644099353708,0.5501944941030814,0.5580035032879662,0.6066233946529914,0.37450499538197163,0.26066765206331166,0.36721112793504906,0.22677751769746116,0.538800203079523,0.9285714285714286,0.07142857142857144,0.07142857142857138,0.803300690163819,0.3468294496691727,0.9063833841762864,0.11745409844902274,0.142692064525981,0.03747257569109267,ZILUSDT,Up trend,sell,low,0.8300066979236439,-0.20605387392391003
0,0.16055479270576606,0.16522837829300652,0.18423800281694724,0.570591070296374,0.23325992262677478,0.5572206747706459,0.5718103110430895,0.5860228385703794,0.5207310823356894,0.11368375284671647,0.31016437411128045,0.3624591582185465,0.2888856633862016,0.5746432238829967,0.9285714285714286,0.0,0.03571428571428569,0.9603739871630297,0.4212681574944214,0.731754012627496,0.16651638081398323,0.14980507961776546,0.07035053554040892,ZRXUSDT,Up trend,sell,low,0.6267901234567901,-0.13912389546907325
0,0.7548423195198715,0.7420724094881403,0.685979069234629,0.8721948968786136,0.9782492469027372,1.0,0.440957187613092,0.5428921427988066,0.259318289641455,0.0,0.39865075327430605,0.3129860524835931,0.745630348369943,0.1927970019463151,0.35714285714285715,0.0,0.3214285714285714,0.0,0.292435808841311,0.6002264570840212,0.8404021555975282,0.20122306614245425,0.15945907201223283,FETUSDT,Up trend,sell,low,1.0663793103448276,-0.00413280066124811
0,0.10649477872469872,0.11165292075532374,0.11423486637091876,0.4317182372296516,0.19821980488798374,0.44596829869167015,0.5125122492801895,0.4992447848617009,0.6476795349234531,0.11396908195768653,0.26477092562382637,0.6714665781851997,0.34822739139415193,0.5422299828062248,0.9285714285714286,0.0,0.03571428571428569,0.8960528701774543,0.3775935706589419,0.576035201544622,0.10177344328135478,0.1127357115590112,0.05921912946011593,BATUSDT,Up trend,sell,low,0.736760124610592,-0.2233009708737864
0,0.15817734370396813,0.16404481035775445,0.21545433644905598,0.4527935410295962,0.23801223714075945,0.43464383192496736,0.3685421586802304,0.28812487456542063,0.7827070049796088,0.12450546913992944,0.593600802722508,0.47671438792239423,0.25045419735836805,0.5456099815378307,0.35714285714285715,0.2142857142857143,0.42857142857142855,0.8522309782914413,0.2954642466386908,0.7180803363986701,0.09856326101161798,0.08064551959244741,0.06821029186580664,XMRUSDT,Up trend,buy,low,0.5174528301886792,-0.12141357592722189
0,0.059239235723781286,0.06643855146849151,0.07306782112002418,0.2860079886349418,0.11451054508404922,0.20367455355170036,0.35918854702406255,0.3493604456292133,0.7371528252641376,0.13839285925878,0.15198027983688558,0.699193209512385,0.3843492123306138,0.5548384868799053,0.8571428571428572,0.0,0.07142857142857138,0.925255589769439,0.41564104239254274,0.6703414839523009,0.06524222905588567,0.10179651207271177,0.00785175879396985,ZECUSDT,Up trend,sell,low,0.7554890219560878,-0.2552155771905425
0,0.5657532528786254,0.6337905768083832,0.6546499990060505,0.8356184900055702,0.9094037783313572,1.0,0.397871474014352,0.537097484556858,0.12380598817327151,0.3002537888259798,0.18760941000939776,0.25711148885823776,0.45813206452720145,0.21986946128925952,0.4285714285714286,0.0,0.2857142857142857,0.9243795474258448,0.26481115263096383,0.8997119239218335,0.6204332521668446,0.23108811165833454,0.16453652630162774,IOSTUSDT,Up trend,sell,low,1.1226993865030672,0.29502369668246436
0,0.8231099779369817,0.9206029008566191,0.8937383760961755,1.0,1.0,1.0,0.9127790204275024,1.0,0.32119344249795584,0.7641624167704852,0.503861914460305,0.986245648105999,1.0,0.9404442432160076,0.28571428571428575,0.7142857142857143,0.7142857142857143,0.44488825391093956,0.1450600964018048,0.7343475205724178,0.9587446898622802,0.2118728474304609,0.19735546490364334,CELRUSDT,Down trend,buy,high,3.909809735606622,1.8726630660573325
0,0.13106192776229064,0.12873210633946802,0.14064420292731142,0.42363955006173504,0.23987579631800013,0.43218737402998814,0.3262423601983723,0.3292003358621234,0.656181131347452,0.13026130067545283,0.30994097448586244,0.24788059319492411,0.0,0.49055291649709326,0.8571428571428572,0.0,0.07142857142857138,0.7935560424158237,0.2881152145952171,0.5461491732675621,0.14441352145777714,0.11599033153018536,0.07657135889776255,DASHUSDT,Up trend,sell,low,0.8380041011619956,-0.257602862254025
0,0.06704909364044152,0.10604489674386952,0.3127388288742311,0.26322668688347367,0.17909362433455256,0.2549576934858833,0.16907593449145367,0.16905497249884793,0.6316615269107606,0.3455676731890258,0.1814357436388807,0.5372376253796014,0.5187569948156582,0.2784292298605001,0.8571428571428572,0.0,0.07142857142857138,0.024707699851895023,0.34589990095540335,0.8218695126554025,0.07358449270221164,0.12928813094325453,0.01575694826414725,NANOUSDT,Up trend,sell,low,0.8576287657920312,-0.3076083567196757
0,0.8484446187881857,0.796796505983552,0.6347080460421213,1.0,0.8624313026083142,1.0,0.9328354751051169,0.8958186519772832,0.6247112121159488,0.45973951706411975,1.0,0.5673905158552937,0.6010137640529802,0.6857893054477381,0.28571428571428575,1.0,0.8571428571428572,1.0,1.0,1.0,0.6650503623729619,0.10290765205416484,0.4586900258809478,OMGUSDT,Down trend,buy,low,1.0350219905522071,0.9716996047430829
0,0.03970014288032431,0.0819302237912709,0.14091523622658475,0.21860551879259357,0.03971856883960543,0.0992579963264464,0.440114985309978,0.43081127883432363,0.4201069501445005,0.34028188234523243,0.18516108801228634,0.38960554434910905,0.19624786300316474,0.3593451446703972,0.9285714285714286,0.0,0.03571428571428569,0.5823445012222445,0.26113392323146994,0.5253955114969578,0.013349787256138243,0.17569025301646873,0.005192107995846356,THETAUSDT,Up trend,sell,low,1.0920798454603993,-0.2421558324575889
0,0.09683565776770839,0.12672715465925868,0.22790096661280415,0.3623819045999102,0.21771298542249934,0.4577719699605448,0.4203356748174306,0.38942316538890503,0.5198611182491709,0.09141277131197578,0.23626480183618165,0.9139168646616898,0.930172506076641,0.35987137585284446,0.35714285714285715,0.0,0.3214285714285714,0.8853961543335798,0.20370358069232003,0.7579142357408098,0.08512154740144445,0.12214861591135155,0.059698551866810924,ENJUSDT,Up trend,sell,low,0.9072512647554807,-0.3521545319465082
0,0.03415554996519171,0.036939069956716,0.22943707683393746,0.41546960329941895,0.08862369511719356,0.3633491803629705,0.6400895871125737,0.6475223359341704,0.5021851997829959,0.0549615913730898,0.11878063064905123,0.11187909565565332,0.21980912916596618,0.6426582216312481,0.9285714285714286,0.28571428571428575,0.17857142857142855,0.0,0.3133638637236355,0.8577243724162178,0.025578824810782493,0.0952908192899265,0.03719278572096063,MITHUSDT,Up trend,sell,low,0.8588941053729786,-0.2620824449182658
0,0.3529623295394551,0.46795355319552856,0.5473722989370379,0.290326911422945,0.7456447860331474,0.29524047556348226,0.11067853859814814,0.11720852926351018,0.3542175472198781,0.13230981073187506,0.2643711350463696,0.2750796778703299,0.10159592402539297,0.09372103977522744,0.35714285714285715,0.0,0.3214285714285714,0.9548699546954809,0.14518952155272874,0.581438116130483,0.2059089054621832,0.11153923142579485,0.022602984849721425,MATICUSDT,Up trend,sell,low,0.7714285714285717,-0.15632011967090506
0,0.8031154742734051,0.8570086965471106,0.7846616104767568,0.981813084764291,1.0,1.0,0.6933598634526912,0.8966251525390169,0.22722800205259105,0.2283334375113594,0.4588111211540722,0.5346973284559788,0.744200435656899,0.7880339054687338,0.35714285714285715,0.28571428571428575,0.4642857142857143,0.8700483045975627,0.29576402557274445,0.9914437176796554,0.8680211128663606,0.25500313459116397,0.1656189193234549,ATOMUSDT,Up trend,sell,transforming,1.5527065527065524,0.5820960698689956
0,0.0,0.0037904417802578066,0.1284806678529521,0.0,0.0,0.0,0.2472678944599542,0.24028487616328428,0.3718000027016052,0.26195777868552544,0.21435433381514854,0.44537615350263976,0.23059497681082022,0.194786041581773,0.35714285714285715,0.0,0.3214285714285714,0.9521569890083044,0.6126407909015593,0.3932238335675055,0.025317984282713105,0.15755979940055692,0.011591323066732854,TFUELUSDT,Up trend,sell,low,0.9080837094788675,-0.20719903206291593
0,0.6878167246687272,0.7360756374064611,0.7524798506135634,0.9286429452870023,1.0,0.9971175043605586,0.44544652367338317,0.5886084393014948,0.28567072510622177,0.3648104693411462,0.5249156024450943,0.19414411006148066,0.5298808394624612,0.20358996680287664,0.28571428571428575,0.7142857142857143,0.7142857142857143,0.16617352223995865,0.6290598250851628,0.7978603621929766,0.6595562899861594,0.25852809927769815,0.08246236456036064,ONEUSDT,Up trend,sell,low,1.3471470858426047,0.2709018813802413
0,0.6996078876130712,0.7563343820356561,0.7876558824069341,0.9298341312048433,1.0,1.0,0.34713003340736837,0.4786641088062779,0.21032852569126495,0.4265710526481932,0.4802176344826554,0.4032805635150833,0.7360205551873288,0.174697531325151,0.35714285714285715,0.2142857142857143,0.4074074074074074,0.5137398563446598,0.3072999194344046,0.9302159139240531,0.8422218712598263,0.16644903594243518,0.1010511562718992,FTMUSDT,Up trend,sell,low,1.7925723333813155,0.6764869371873261
0,0.5508933409596342,0.6304085942261085,0.6712655329590196,0.8874703146206756,0.9821790829760462,1.0,0.36641458632953744,0.56408885418865,0.02373918302084819,0.19986370530224093,0.16999641291193812,0.5304598354462983,0.9796150655285798,0.21130525757997917,0.35714285714285715,0.0,0.2962962962962963,0.38143444796789683,0.09550391404639248,0.4402752706707517,0.8025847423170451,0.40902115423142454,0.08290525114155227,ALGOUSDT,Up trend,sell,low,1.5075007353662122,0.4614279299506063
0,0.023020132207397053,0.040303514736676226,0.16679673874194811,0.32171670827810317,0.11341909169043944,0.3184861777568384,0.5454367180023201,0.532728198371208,0.29409760191713785,0.33839605762133,0.17732769180459867,0.226775492561102,0.25742336476661526,0.37616813370041324,0.7142857142857143,0.14285714285714288,0.21428571428571427,0.0017262940353004231,0.6154571961312433,0.9017259409339977,0.07879203904900853,0.13836879909761676,0.023567467652495327,GTOUSDT,Up trend,sell,low,0.9770192632646164,-0.2874894692502107
0,0.20831522056601948,0.2521586663605722,0.41152025639362316,0.14449857390957577,0.22139038955202947,0.1520922892901779,0.11397413377030713,0.09317946588471472,0.608887043986938,0.3293760894690427,0.14790792411653048,0.35397106467488804,0.195087008486098,0.3537739917015131,0.7142857142857143,0.07142857142857144,0.17857142857142855,0.8797867631231863,0.08151311311391285,0.8069575515188147,0.0536540373008811,0.044257898807865806,0.01875118122511415,DOGEUSDT,Up trend,sell,low,0.6489690721649485,-0.26599568655643424
0,0.13264023880949116,0.13107352247456022,0.1295914746763773,0.6258610981278989,0.17410950428984487,0.6693636512521879,0.6850606028606869,0.710574857734659,0.3395007029733969,0.32116955571751016,0.2935552601847916,0.14475849453073383,0.13673971009970753,0.6460540439632227,0.4285714285714286,0.0,0.2857142857142857,0.026926510158582148,0.6874792277148111,0.9335791809809967,0.1487863570713582,0.11490378544011362,0.04555084745762697,DUSKUSDT,Up trend,sell,low,0.6267942583732055,-0.15737905695039806
0,0.127679153518545,0.15217054645539593,0.21293662941911523,0.44549894681699265,0.2235167241347676,0.3769764125556607,0.336381450457454,0.3578849720770412,0.3677375401825574,0.13779353190913612,0.2549019187695632,0.5224291960489532,0.40258608904524296,0.2755430779762032,0.9285714285714286,0.0,0.03571428571428569,0.9575514371806998,0.21119783945328108,0.931943647130707,0.12998850551583935,0.1780801052784207,0.057450827869763306,ANKRUSDT,Up trend,sell,low,0.8523600439077937,-0.22086853998820988
0,0.034107650654747586,0.05598528665820894,0.36159113399097076,0.360302517927388,0.11717373451263688,0.3664451731169941,0.531822834655535,0.5352378292190798,0.4766585623073959,0.14962950175507442,0.19197641325141557,0.8631026258708087,0.816322689144457,0.484621316583866,0.7142857142857143,0.0,0.14285714285714285,0.019700042748883984,0.4937295878954383,0.5865064771165711,0.0322910952738105,0.08291483535854673,0.0038019601216626783,WINUSDT,Up trend,sell,low,0.9894444444444442,-0.34752000000000005
0,0.17499165937076705,0.2032258064516121,0.24784901823975009,0.525689831633353,0.3263559455335503,0.6193452075390921,0.4524910221132061,0.48143144431295404,0.30564062726113833,0.31829542371695013,0.1312226407411176,0.30056262320460675,0.3613087786504293,0.4196651558597723,0.8571428571428572,0.0,0.07142857142857138,0.002820862188336886,0.2887356674202753,0.9826297970370508,0.29337326514212353,0.2129009637794897,0.06457564575645748,COSUSDT,Up trend,sell,low,1.0145939086294418,-0.3156626506024096
0,0.0,0.0,1.0,NaN,NaN,NaN,NaN,NaN,NaN,NaN,NaN,NaN,NaN,NaN,NaN,NaN,NaN,0.0,NaN,0.37025727290788685,NaN,NaN,0.0,NPXSUSDT,Down trend,,low,0.30644963896707883,-0.1135810563744341
0,0.07316688570752174,0.0958162783375314,0.21864897742180764,0.4503777761245508,0.2085130369183134,0.6746685272547804,0.5224877185000542,0.5196315502103594,0.3083047169835797,0.30563236238756003,0.27522957306830065,0.5210710750029656,0.3082933693330005,0.446322558025639,0.8571428571428572,0.0,0.07407407407407403,0.06469343385385683,0.5579290000343692,0.8404703604867334,0.047146090677625055,0.11025224796701803,0.031556802244039305,COCOSUSDT,Up trend,sell,low,1.1223458038422653,-0.2553796183516037
0,0.24839875833224992,0.3257094973443908,0.4708281068297137,0.6863919814950777,0.4931369032368161,0.7296792430862247,0.35373340538567366,0.5051653473517874,0.1922637610435481,0.5156929484767901,0.23812458695527589,0.15352004621618418,0.25508059263463567,0.36657896653647093,0.5714285714285715,0.2142857142857143,0.3214285714285714,0.5156065410360188,0.31929429921794245,0.7666801045874981,0.2466214483034242,0.16884758028986438,0.06874018909940492,MTLUSDT,Up trend,sell,low,1.0248186330660556,-0.3981825691862866
0,0.2255031766767908,0.3036315645763168,0.3904584624239317,0.3425553357194597,0.4888901129171909,0.3766856961518875,0.26901271118693726,0.17220495620420662,0.6605702628916483,0.19624051362028816,0.4708014053512582,0.17571651484363185,0.07983583337240886,0.38022592102588904,0.35714285714285715,0.0,0.3214285714285714,0.39087414438388746,0.44487720643976886,0.05315770871861678,0.2759035458369371,0.19488411837106515,0.04745762711864412,TOMOUSDT,Up trend,buy,high,1.1120689655172413,-0.3269412134548884
0,0.12622919769322494,0.15105736623963814,0.216658038384792,0.6951955370396965,0.22048174586838518,0.7148480547799,0.6504493616677257,0.676096312660892,0.32891038765081754,0.14125501314420547,0.2165078234082563,0.319074146613274,0.48337492703204243,0.6493139341118818,0.35714285714285715,0.28571428571428575,0.4642857142857143,0.0026424227412984802,0.8075863295323563,0.8948990310650017,0.16980139858368212,0.13719305775400142,0.05040366572114333,PERLUSDT,Up trend,sell,low,0.689949126907741,-0.13203040173724218
0,0.1458471242633006,0.15495118052448098,0.17724163289167705,0.5090836381554441,0.24098532607635598,0.5024752038626754,0.5028384285596363,0.5201144120353052,0.32661906556498943,0.48830963533554034,0.5925348661253819,0.3547869259268372,0.35753296283262787,0.47825917892754066,0.35714285714285715,0.0,0.3214285714285714,0.5262432196366994,0.3591213180517247,0.49894342001155256,0.11483475418801421,0.1220297092654764,0.03667536675366745,DENTUSDT,Up trend,buy,low,1.1210736721873216,-0.23892733564013843
0,0.16459020809530261,0.1756026336314004,0.22166313548006178,0.630020800579303,0.2593442904070998,0.6379511487860102,0.4678345952537732,0.632833131519237,0.08585356519033255,0.050165455040120474,0.29511395811962815,0.22507166760594488,0.13057462937762995,0.5221124111873868,0.9285714285714286,0.0,0.03571428571428569,0.36875809281641353,0.6935412014390879,0.9382627104122506,0.09693896283358927,0.1473054920762425,0.15634628764536326,MFTUSDT,Up trend,sell,low,0.8113891090229819,-0.1614678899082569
0,0.07319953222279184,0.07532302168785321,0.0974047579162801,0.4356232824315485,0.10511278198739601,0.4605440814784375,0.6421200646432237,0.6717508913516571,0.24089417458065243,0.7015944319700089,0.07523066900638625,0.24522339872520443,0.28769780047021803,0.6751056726059905,0.7142857142857143,0.28571428571428575,0.2857142857142857,0.0,0.6291437044990286,0.9061132917063001,0.16862602814437688,0.2343159808923361,0.0291131278641387,KEYUSDT,Up trend,sell,low,0.8644927536231884,-0.24532543169510576
0,0.17264318090843014,0.3479244963721888,0.5425943547597512,0.5700338867180088,0.4573834090876729,0.6155783631034598,0.4728176343470661,0.4628062546333441,0.41378201107079077,0.636993070907493,0.214571628755445,0.23851824871335153,0.475750042402572,0.3822878711471369,0.35714285714285715,0.2142857142857143,0.42857142857142855,0.0036877281758032187,0.43807625430627795,1.0,0.3088423406247135,0.15612633332471032,0.02411922619212347,DOCKUSDT,Up trend,sell,low,0.7015380351946794,-0.19659735349716445
0,0.13482474534187056,0.14423780454510732,0.1526479663964934,0.6183134885333227,0.21439737379287652,0.4604147019109154,0.5873983359022988,0.632917421017948,0.5390657904581715,0.3509470340462591,0.1893451534890805,0.32591977527954524,0.303932293048693,0.6058107364709961,0.35714285714285715,0.14285714285714288,0.39285714285714285,0.6707968570147422,0.34755317076808423,0.9009590733737928,0.15835573193556535,0.12907531429279187,0.022010869565217528,WANUSDT,Up trend,sell,low,0.9081779053084651,-0.22714285714285717
0,0.08203419336155833,0.1156990652822647,0.1581257835831028,0.31040660861532643,0.21269838471459404,0.3897537147457827,0.3276030380227001,0.31045489950137595,0.4354771057003676,0.30674430495439836,0.1438429745725472,0.3012047866174757,0.355461716534963,0.4185431161565791,0.7142857142857143,0.0,0.14285714285714285,0.0,0.15067994286099132,0.3991816765300304,0.14601640878383046,0.25897220863940795,0.041179895206675844,FUNUSDT,Up trend,sell,low,0.7418604651162791,-0.3938367761598375
0,0.30792074098732847,0.4711099480655414,0.6044992182858169,0.7884830143116027,0.6423007134447721,0.7517496257225871,0.35903737248463813,0.48351498409176297,0.16354063316347936,0.45843271773541694,0.2770580451487408,0.5104070350042301,0.7985460723129214,0.1752306228942142,0.4285714285714286,0.07142857142857144,0.3214285714285714,0.7131639728209478,0.13385957771387003,0.9124260906485314,0.5620604593342466,0.28324558866317046,0.09439808457448685,CVCUSDT,Up trend,sell,low,1.9473684210526314,0.27957622130665105
0,0.043128476202291516,0.07866904337492542,0.16594869677583424,0.29216902350098467,0.21659519954000553,0.3576591944096532,0.40870679971450574,0.3834557951545642,0.5154832178061833,0.20265446907977075,0.18540620754457027,0.8428689814744854,0.7020045825465756,0.37651549938969414,0.35714285714285715,0.0,0.3214285714285714,0.5924051553111773,0.3861012771863669,0.8982894971320506,0.1054532247710623,0.12143802043675377,0.021248875515711835,CHZUSDT,Up trend,sell,low,0.8711018711018712,-0.28430836522690006
0,0.11795891027608058,0.15358641125810144,0.18126816747645869,0.584988347575785,0.20229231510601983,0.4760269538722547,0.6002656672776809,0.6353003752359795,0.6179126026516086,0.32812852119336067,0.14202011666422923,0.3155323801174209,0.23067698100740708,0.6155188117163337,0.8571428571428572,0.0,0.07142857142857138,0.9275945739013359,0.4000620668964926,0.7189129106796701,0.11920718766454598,0.1309373790550946,0.020000228574040928,BANDUSDT,Up trend,sell,low,0.7014281463850043,-0.22399047309732598
0,0.5770456060371622,0.7100000000001293,0.7821142949150264,0.7913802093486249,0.8104198863755002,0.7865652642264034,0.6505694555935145,0.7321440892571005,0.4537129184201161,0.36568331151231814,0.5216783216783549,0.08927822040342298,0.02523589800832257,0.5671267252179962,0.5714285714285715,0.35714285714285715,0.37037037037037035,0.5439937107429278,0.3959496610404344,0.8364613938882842,0.0019814642318378645,0.0019774581228180718,0.0033898305084741937,BUSDUSDT,Down trend,buy,low,0.0017020424509410531,0.00020006001800537958
0,0.08753784072460928,0.10871751760166957,0.15282866945762885,0.49796247797944243,0.1608965546950781,0.4127767560711517,0.5819943973531183,0.5910348242193673,0.7112881349473611,0.2499002193523564,0.1886820380903873,0.08840017166321326,0.15837463199268845,0.6006770263245752,0.35714285714285715,0.0,0.3214285714285714,0.0,0.5615971025005193,0.9000376119219358,0.12339677927600975,0.19167898830335167,0.0807092632222563,BEAMUSDT,Up trend,sell,low,0.8090452261306533,-0.1717110266159696
0,0.7367861543564532,0.7631722418274413,0.6643867840442927,0.9517354107854658,0.8872353140627433,0.9880970617028837,0.611544290290125,0.7295731579687478,0.4342736193049899,0.4478031598077337,0.5302036677732355,0.18843548909616475,0.5225547977815715,0.6056396601815227,0.35714285714285715,0.6428571428571429,0.6428571428571429,0.49792281789008686,0.11256490846420548,0.8115335281963734,0.7718348286184316,0.2687634511158477,0.1323732946681604,XTZUSDT,Up trend,sell,low,1.0677136972193615,0.17693798449612408
0,0.9163481607820192,0.8938956966037461,0.730410579646613,1.0,0.8166270631785031,1.0,0.8944061235563685,0.9846234957140072,0.5527583875631941,0.5989535434372265,0.4696293555167256,0.4167011818346288,0.5533082236034036,0.891407111390498,0.35714285714285715,0.5714285714285715,0.6071428571428572,0.7839647347508598,0.38681136914772835,0.892270621542556,0.763555599245799,0.2547778745494358,0.05563778193564004,RENUSDT,Up trend,sell,transforming,1.1070811744386875,0.23830852325121848
0,0.2530168145260172,0.26911788183570934,0.3237461701251561,0.5571218800744329,0.4159625462022262,0.6114476174857971,0.35417276923441093,0.3491339739823798,0.3895728819765712,0.1447045785367239,0.2849543568073615,0.40257631447221115,0.2930937363373083,0.32122475350235835,0.35714285714285715,0.0,0.3214285714285714,0.7967713382056584,0.2722302569059499,0.8079603416584902,0.2681611737436164,0.13277664116495402,0.03861449647209756,RVNUSDT,Up trend,sell,low,0.9027952082144894,-0.2502142245072837
0,0.48805378022009704,0.5237075516012271,0.5705458084550858,0.8129781494522236,0.956932686092631,1.0,0.2646779971219476,0.47624014193935105,0.0898840987768211,0.11850131602596184,0.23085376305693325,0.20569694550995013,0.5357021819027186,0.09755815103708268,0.35714285714285715,0.0,0.3214285714285714,0.7042489769528372,0.2831293370573115,0.7393825038527978,0.6469344436779921,0.35061906494179745,0.1617375747749765,HBARUSDT,Up trend,sell,low,1.4935064935064932,0.3423351866560762
0,0.08306591640375656,0.11672174232322637,0.3162776245121098,0.4483652426621062,0.2732437405456387,0.495685248555253,0.402791941551729,0.37253921905020276,0.5284709463803042,0.01699005796836601,0.19922490811258464,0.4612128281046894,0.4261045223572734,0.35196852313485244,0.9285714285714286,0.0,0.03571428571428569,0.02673555265893828,0.554757609673335,0.886184667799487,0.06755427059790799,0.11276445467400292,0.007946101897071369,NKNUSDT,Up trend,sell,low,1.156344410876133,-0.3281428898557362
0,0.23652618332220957,0.2972657882580674,0.426715416645962,0.6867929760909668,0.41757191157517914,0.7002478614414568,0.509096063984555,0.4350619776379663,0.4310456377756787,0.07491794672517815,0.25756509500351826,0.4390576660998923,0.4316220872756787,0.4333558402596468,0.35714285714285715,0.0,0.3214285714285714,0.9424504173751892,0.1561224732670196,0.9708862473139815,0.13037027635528345,0.18235883606500178,0.025248024713360715,STXUSDT,Up trend,sell,low,0.6077898550724635,-0.16201117318435754
0,0.3855423275382918,0.4326182950076014,0.4572507176543571,0.47392596856409963,0.6463595186588968,0.5758049288943298,0.2205159653414842,0.18382815116725668,0.4518043397055599,0.3532089075431535,0.4147818947718287,0.19961808534566206,0.25770387226686986,0.29218450877486773,0.4285714285714286,0.07142857142857144,0.3214285714285714,0.8517914399783263,0.08006085529560035,0.7840776812340403,0.389666406007254,0.15306198270118873,0.09305867846522077,KAVAUSDT,Up trend,sell,low,0.8392621870882738,-0.2845765861428192
0,0.3743068639078772,0.4069390201062137,0.44209493160226365,0.7935353478354336,0.5083986873762932,0.8292465466510233,0.5687755597682084,0.5976848677188329,0.42671190416302107,0.47222164859948246,0.3818469947705493,0.3752004482700652,0.3807832596776407,0.531248821951128,0.35714285714285715,0.07142857142857144,0.35714285714285715,0.040318826297622304,0.5006815376557312,0.92872936031463,0.3414630472582297,0.12875703348518905,0.09267912772585679,ARPAUSDT,Up trend,sell,low,0.6796647853600137,-0.06663091567234217
0,0.39389291643630536,0.546065398796817,0.7244342111059284,0.6676986020460467,0.8459311806462018,0.652629128639102,0.1391524091656293,0.13432558193291294,0.2717083778610252,0.6253562742004437,0.47211949622073257,0.06334332431204805,0.13259563463938373,0.13171862632157919,0.35714285714285715,0.7142857142857143,0.6785714285714286,0.0377964559608594,0.09324098193931625,0.9538355951098403,0.6058922202881365,0.3366444476595584,0.08874275582841559,IOTXUSDT,Up trend,buy,transforming,0.8997916666666664,-0.17053412055471656
0,0.08615155252952435,0.16690718220859757,0.41772868909642197,0.26181046072538333,0.3491634398876768,0.2593496882959801,0.15007995293404303,0.15697790218658877,0.3247989710140725,0.41258758952688546,0.4664909323364219,0.31663323137377836,0.38247361629274357,0.23293699390142464,0.35714285714285715,0.0,0.3214285714285714,0.010635623082048599,0.8035992133104582,0.7614115869025493,0.07783637092043022,0.1139855351082472,0.01640473104342187,RLCUSDT,Up trend,sell,low,1.0058864265927978,-0.22351363433169422
0,0.1098900828520809,0.15860831422589972,0.20152647728839673,0.7861949721376472,0.27160075608720535,0.9486749479035301,0.7059676266481983,0.8040078260925845,0.3646298677963835,0.7518061675881017,0.09231200897867554,0.7797103541102778,0.9138671968507344,0.7698838679537499,0.9285714285714286,0.14285714285714288,0.10714285714285715,0.0038752952486266505,0.29443672894285294,0.9306608081090482,0.2898597968243045,0.2630409152087912,0.01407588739290092,CTXCUSDT,Up trend,sell,low,1.0648095508811826,-0.053784860557768946
0,0.0465051451125568,0.0668239511539847,0.08644231156732958,0.27850378072259646,0.14718570333384492,0.2438412475875978,0.21580593585620195,0.2154366125953148,0.676320039050241,0.12271753038657943,0.17250036339402583,0.7419997674040972,0.38901320887601165,0.44407648815885886,0.9285714285714286,0.0,0.03571428571428569,0.9158312681968873,0.23926778086560585,0.3312435683204956,0.0403505558458867,0.07922061654463118,0.016052445656638745,BCHUSDT,Up trend,sell,low,0.7050710799915129,-0.21074120603015067
0,0.23212277600554443,0.25057732023987606,0.2790278520581127,1.0,0.1577076327373737,0.5224776709462239,1.0,0.9926228899826482,0.6923775734161473,0.8312393758158501,0.1287213069039612,1.0,1.0,1.0,0.0,0.28571428571428575,0.6428571428571429,0.0,0.23992537687546545,0.9903363491992377,0.5804044738228927,0.4410226962178009,0.03188481164884455,TROYUSDT,Down trend,buy,high,4.553279822861888,0.17499508164469812
0,0.10314732235255523,0.12315800513923117,0.1765355554198279,0.6317113461556955,0.18621955013351987,0.4608729278733331,0.6118931763418003,0.6457627712402851,0.35206528812485866,0.5408791605479454,0.21934508469317393,0.010518319691166672,0.06060894475596572,0.6108019233247862,0.35714285714285715,0.07142857142857144,0.35714285714285715,0.0,0.43539588201687013,0.9644298678574021,0.09687107899214538,0.13917470382122474,0.0492213570634038,VITEUSDT,Up trend,sell,low,0.7058823529411764,-0.12247242647058826
0,0.5243215591227016,0.5338751238850349,0.5144829556281812,0.7050150887994229,0.8598254426527941,0.9798817486480543,0.2334857272195815,0.33691108645768947,0.3234972272751616,0.45990106337978404,0.17963309507421432,0.244843893141868,0.4960208113985563,0.14543605460060718,0.8571428571428572,0.0,0.07142857142857138,0.11690502094923377,0.2017178561197158,0.6979178292038017,0.6930753978603674,0.4330278702772398,0.07944907011127518,FTTUSDT,Up trend,sell,low,0.8196095076400679,0.06578676015673329
0,0.12374143491900697,0.07945118059986878,0.08484297574143987,0.08899721373762175,0.03064030944922903,0.09203626692965744,0.35055115260042974,0.36555107691616506,0.43199204917711326,0.005734596150403421,0.052837171052637195,0.3768046339857355,0.275250270817725,0.3621502772290387,1.0,0.0,0.0,0.7037133371313331,0.3870581684514233,0.6450176327888101,0.0076561357186931385,0.012989864338892777,0.0035912504080969666,EURUSDT,Up trend,sell,low,0.03677758318739058,-0.010265183917878538
0,0.028828158742549525,0.035016532786209593,0.1612941384601875,0.34736529105428854,0.1182243718320788,0.40071638278047333,0.5392720376073686,0.5636059811705967,0.30891532804673105,0.18782167420107898,0.1407034625417788,0.43901975859821263,0.46698877670096395,0.5018467858004552,0.7142857142857143,0.0,0.14285714285714285,0.25015751997764396,0.41708060238116723,0.8149130891897605,0.053251265367854135,0.14124783546834296,0.0,OGNUSDT,Up trend,sell,low,1.0735294117647056,-0.3413942776153778
0,0.05525631172477569,0.07467912419781068,0.11008962742734353,0.5319883432912155,0.1123647178891588,0.5720504676248146,0.6868348987162031,0.7414003855668325,0.2650629508870065,0.7055169132854817,0.1696121759862349,0.14612148987155363,0.17547747660932467,0.6714038998579204,0.9285714285714286,0.14285714285714288,0.10714285714285715,0.007605429456234582,0.6379922748682757,0.8954174902690526,0.030015683124300085,0.10704580164366345,0.01266624445851806,DREPUSDT,Up trend,sell,low,0.8405155054369715,-0.2622041920216363
0,0.075330508255155,0.1076218736206557,0.15599657981514484,0.5614378452570072,0.18610403358310842,0.5065991918115929,0.4394315474524516,0.5533420000825997,0.3990785671502403,0.4617073113502432,0.1256967336152757,0.6335684337710988,0.7171082982482242,0.4294593144711798,0.9285714285714286,0.0,0.03571428571428569,0.0028743771352443066,0.772761322795696,0.7881123953161706,0.13347429554855542,0.1662473361641113,0.02593273386656068,TCTUSDT,Up trend,sell,low,1.215594375798892,-0.20546205144490307
0,0.02142866513380361,0.03903120861874477,0.37086145876312243,0.28183340286602987,0.049162513944055665,0.13100081654139467,0.643909300730937,0.5955107452618851,0.4946922251690731,0.37089748707116144,0.25330131000972533,0.636457588253445,0.6962943114205713,0.5791942387575406,0.5714285714285715,0.2142857142857143,0.3214285714285714,0.021254806238126277,0.723156038834444,0.7245431426213815,0.01581570846170505,0.06517026863382842,0.0011700650556171152,WRXUSDT,Up trend,sell,low,0.6701461377870566,-0.2545968882602545
0,0.01388020810464282,0.019597500608618004,0.06283363895292815,0.25503276400444935,0.0640531493555594,0.1395796597327659,0.6182342076528027,0.6138999231161303,0.6535831035371219,0.0548724969357026,0.17631253498073743,0.569150388198902,0.6136168481898124,0.6498778075553929,0.9285714285714286,0.14285714285714288,0.10714285714285715,0.2924596169422764,0.31794712535907715,0.5616645150038794,0.06410049470119837,0.12310895880904434,0.006393606393606275,BTSUSDT,Up trend,sell,low,0.8917426125379732,-0.325946130242073
0,0.11735361297888909,0.11463210087248263,0.13025020520698577,0.39230169241110396,0.18260402248713564,0.28696118693408124,0.32342280794848793,0.3575691290337313,0.47255946644161034,0.564721051701752,0.3878453463643806,0.2818767762188413,0.21950445002395788,0.43204797853633253,0.9285714285714286,0.0,0.03571428571428569,0.5475760833287538,0.3234315731587118,0.9223523892157566,0.10169472699699002,0.12479080170663427,0.13462525953874666,LSKUSDT,Up trend,sell,low,0.8759873617693523,-0.2158854166666666
0,0.12444977257840552,0.13051940200709009,0.14284907285326798,0.4106167952317151,0.1531777599749701,0.27445253733152647,0.5408730851921386,0.5464234986425343,0.6198607079094067,0.3067449517216611,0.2464586995555349,0.5837573957670878,0.4522427825345054,0.5541043325215362,0.35714285714285715,0.0,0.3214285714285714,0.20607576559542107,0.6861160855255537,0.5953886871000493,0.09390246321973669,0.1105557356265375,0.03733001211794803,BNTUSDT,Up trend,sell,low,0.5244360902255637,-0.1956370387560919
0,0.15915609407693873,0.1505220159717322,0.1357125135400413,0.6947018199277871,0.20381416809203962,0.7761385967322035,0.6790082191094569,0.6982150911276119,0.32214243596398434,0.6766904247279995,0.2791234897048528,0.282672376592236,0.3948102139455086,0.6094390004875189,0.35714285714285715,0.7142857142857143,0.6785714285714286,0.012974711850882292,0.3995079499414778,0.9762727537712379,0.30431909872848056,0.1882665309277669,0.038955289951306024,LTOUSDT,Up trend,sell,low,0.7722586691658855,-0.16932801064537584
0,0.07500705175048013,0.09164309591154547,0.11460658110531283,0.3950802819450681,0.13748382752980326,0.28446258769930355,0.5173611208855091,0.5901878876031088,0.45571769058648737,0.5950556554110152,0.12778258353407998,0.2774591696200091,0.23411060814261309,0.5306473680420534,0.5714285714285715,0.14285714285714288,0.2857142857142857,0.11126746597387195,0.6279460159064854,0.9773276883972151,0.09238315999075439,0.1208859549363236,0.022104915869350136,AIONUSDT,Up trend,sell,low,0.8515151515151514,-0.28462709284627097
0,0.10330922259228913,0.12709613836582068,0.1819630565292537,0.5851720597020006,0.14460187646103262,0.5660591976456333,0.559072580967781,0.6998066612300454,0.11408729080571418,0.10431846236676533,0.31356145940550884,0.41880952149909956,0.3944454441009966,0.5847504066852494,0.9285714285714286,0.0,0.03571428571428569,0.8637687582666592,0.4003634140252582,0.9725492540871684,0.06501772291359048,0.17030961245722329,0.09268707482993185,MBLUSDT,Up trend,sell,low,1.112572019500665,-0.19973259282114583
0,1.0,1.0,1.0,1.0,1.0,1.0,1.0,1.0,0.9611092630221962,0.8432769473833953,0.8614618583282114,0.5552896907437704,0.49138659397444895,1.0,0.35714285714285715,0.9285714285714286,0.7857142857142857,0.18599136655901985,0.2995785867079601,0.8861183940228078,0.9780410721447848,0.16033420336245796,0.27774567758567076,COTIUSDT,Down trend,buy,high,1.8953191489361705,0.9818181818181817
0,0.26059338854050945,0.23873645843879684,0.23830216845833793,0.5214788101159974,0.2905993319963765,0.5514416011566927,0.3292651201640301,0.30662196149101695,0.49213706974165977,0.9131356604526281,0.4042144251603978,0.34775372611239425,0.3780883120661279,0.2122422279886395,0.7142857142857143,1.0,0.6428571428571429,0.0,0.6553836184036752,1.0,0.2310552248791406,0.2411177978307268,0.5350078492935634,STPTUSDT,Up trend,buy,low,1.0082530949105915,-0.057129140662505955
0,0.19823254367166762,0.2159022418662916,0.23004416123105406,0.7304613168514408,0.2898731017872757,0.7660330473240214,0.627017521975498,0.6813694742544342,0.4688906839254232,0.37115628088917135,0.22229494227190671,0.2260394117345799,0.46060168453782846,0.6471610263521448,0.5714285714285715,0.0,0.21428571428571427,0.023414218800101645,0.33623435939810575,0.5199382473802504,0.3230598346622124,0.20109031674197597,0.1112493777999005,WTCUSDT,Up trend,sell,low,1.0322354590049052,-0.057343849925389115
0,0.16305089384686056,0.27198530339788773,0.49810196060793915,0.5298275210226967,0.35080508676274313,0.5713122397115985,0.4400397947295002,0.43178023531774656,0.32012779798754104,0.5489222423295045,0.17429935154553794,0.05472877075597797,0.21048689525280903,0.38581608227314923,0.35714285714285715,0.07142857142857144,0.35714285714285715,0.00296645307347005,0.8861999720401841,0.9802803975381686,0.11189019076566376,0.11090316259601692,0.008201557705923934,DATAUSDT,Up trend,sell,low,0.5768104994806912,-0.22383582191313833
0,0.6431653679454932,0.7138447895327437,0.7396068210086231,0.8763340723376076,1.0,1.0,0.14234867159835207,0.2655065888308769,0.26980791854076425,0.2504489301339511,0.4567319456834656,0.2606232021476985,0.5445751636678077,0.0,0.35714285714285715,0.14285714285714288,0.39285714285714285,0.8754558385460542,0.3223505192115928,0.6727986861495744,0.7786924723399535,0.16695742358257207,0.1157366846923051,SOLUSDT,Up trend,sell,low,1.039852677306639,0.3057171885102061
0,0.14132294503340853,0.22902604901835005,0.3977753908846766,0.46988836761698344,0.4314682852924794,0.5422642526520087,0.19852646893825757,0.2103683446057424,0.4318761721040971,0.4387387488846598,0.40544178284661064,0.17649829726293947,0.3123824067768435,0.3126720854620816,0.35714285714285715,0.14285714285714288,0.39285714285714285,0.006448798055481019,0.34818334210052493,0.9643765582228008,0.1572839117685678,0.11988908158765418,0.014939167204730002,CTSIUSDT,Up trend,sell,low,0.953204476093591,-0.2551319648093841
0,0.5380363350374502,0.5441123158553867,0.5506837150237295,0.7240705321065377,0.8485354505794335,0.886806505840046,0.17335126199307513,0.31129172492383267,0.20989587950576036,0.4632809082699221,0.29447469813185617,0.4532387360538778,0.7384994354518746,0.0,0.9285714285714286,0.07142857142857144,0.07142857142857138,0.7414218715268891,0.5410771170493741,1.0,0.5191817374012074,0.2867720037435581,0.2804368029739777,HIVEUSDT,Up trend,sell,low,1.2944932162809257,0.07074878793320184
0,0.391626108244901,0.4129849241099354,0.4131535143598821,0.4914266880430064,0.6550797046481505,0.6455231473364531,0.22268128320524935,0.1423481234050454,0.4342264328489332,0.297933813290444,0.36527418805312395,0.2410764279935468,0.2236817993044219,0.24544083513777823,0.7142857142857143,0.07142857142857144,0.17857142857142855,0.013325908722198966,0.413453215604086,0.8876174283266184,0.39915705182081734,0.0805895764852598,0.20144014401440155,CHRUSDT,Up trend,sell,low,0.9472372247611135,-0.3267670915411356
0,0.15279826776890595,0.14529508591355958,0.14184758367705283,0.43093891375977345,0.24675703683088385,0.45834021667628483,0.5076673046259029,0.49888504708509734,0.5442946014858012,0.4374619070034429,0.3678530803481325,0.376823843592596,0.2379173128262882,0.49122540301652495,0.35714285714285715,0.14285714285714288,0.39285714285714285,0.9876317079435794,0.3731947745908636,0.5252978534857085,0.3121431375220023,0.21985451704416797,0.1383833025408381,BTCUPUSDT,Up trend,sell,low,1.3169140625,-0.26787341244140994
0,0.11674352996478501,0.13030855445277156,0.1621513282523849,0.14627182087313342,0.04643053922970673,0.0866150188111476,0.5621966770894888,0.6054014996199789,0.5228478259656719,0.478476036431008,0.5127659919461328,0.3067587517138989,0.012840656948667224,0.6169735079591826,0.14285714285714288,0.35714285714285715,0.6071428571428572,0.016922295283573436,0.8205100678827388,0.25369683726120174,0.03581104532999168,0.13464411004461974,0.02909544843479932,BTCDOWNUSDT,Down trend,buy,high,0.867501647989453,0.09365853658536576
0,0.1153973901667523,0.12759540367406974,0.2001869750753804,0.48053542530923243,0.2354428112229949,0.48417483410237117,0.42034968007549395,0.462490420191097,0.44247233852048323,0.24964881131849911,0.11544126182965507,0.41170159325565314,0.40097745554769143,0.5287698412698396,0.9285714285714286,0.2142857142857143,0.14285714285714285,0.002185588733336318,0.7842068494234694,0.9646458350403199,0.08294972641812459,0.08319017768598228,0.020580709756368915,GXSUSDT,Up trend,sell,low,0.7069672131147541,-0.28669598680593733
0,0.35321725937235127,0.40416664576991185,0.4031312312146361,0.745172114807717,0.6149694533036644,0.7671932852441233,0.337044238010778,0.4833910591902108,0.13054975306222516,0.3210291019895758,0.2105865090168501,0.41188453721067836,0.6800930399612817,0.23895009021013858,0.9285714285714286,0.0,0.03571428571428569,0.44472461261832846,0.7872855622331444,0.9526302826070224,0.34136124651303673,0.2390938123190544,0.1908015010102954,ARDRUSDT,Up trend,sell,low,1.9260318757662442,-0.03910806174957107
0,0.14095766253856262,0.17459018366511808,0.21688647185693938,0.5926104800011023,0.24383963216471746,0.6418999991488792,0.6033307971028967,0.5855930437039564,0.45104847168076995,0.7022140986500045,0.5077054274965994,0.20975933787249862,0.3695027133227268,0.567643273732919,0.35714285714285715,0.2142857142857143,0.42857142857142855,0.0,0.18371988685260024,1.0,0.18089586764707896,0.13625892210951682,0.2035826676349551,MDTUSDT,Up trend,sell,low,0.7422105608396196,-0.16662938939834485
0,0.16487797797131468,0.1759342888335417,0.22094233626012053,0.599291332564702,0.2694640602058218,0.6278149850120577,0.44214634258596724,0.551064986120618,0.1594650495294108,0.23807349232022523,0.21149511079206415,0.30988570986238995,0.41243680336259075,0.4446378895683823,0.9285714285714286,0.07142857142857144,0.07142857142857138,0.8822399765844751,0.3128963674604172,0.845034556429732,0.14782500517506392,0.2105987819025581,0.07352465642683918,STMXUSDT,Up trend,sell,low,1.5069444444444444,-0.21170761298149834
0,0.0644821927924653,0.06903353057199135,0.11478373883369415,0.3108202795608482,0.11610792907469383,0.22586903363366043,0.5139079701618524,0.5162390258275202,0.5449564067175534,0.1750309004323908,0.26570710548597726,0.7709971558368246,0.5766252888721272,0.5355610732236208,0.7142857142857143,0.0,0.14285714285714285,0.8809642276131734,0.2177743994108228,0.8783937196445084,0.09622549262416977,0.14333729627726116,0.06858710562414257,KNCUSDT,Up trend,sell,low,0.7857142857142857,-0.22550544323483673
0,0.18013892475875815,0.19643731975737005,0.22916312400309735,0.502648745427036,0.2538806066207639,0.5352472145890316,0.38574108418873165,0.3824335319528648,0.43679187487425536,0.3146793781080232,0.25331843939131177,0.32778362704572944,0.29040085279395655,0.3658369773038127,0.9285714285714286,0.0,0.03571428571428569,0.8381077143070482,0.5095982653422898,0.9828692428256194,0.15470962483880749,0.15711349872496444,0.16088847103067347,REPUSDT,Up trend,sell,low,1.0,-0.27992895204262874
0,0.2830694247101369,0.341140703947932,0.4196494271174208,0.6291280942631851,0.5165754205882007,0.7440926548481352,0.3007375108430777,0.315857011125021,0.45718615982771205,0.061239877705935565,0.14077190580882903,0.26515729994744613,0.4302441546714085,0.3414966557994116,0.8571428571428572,0.0,0.07142857142857138,0.0030172923202060153,0.5210418666768629,0.793923455222467,0.2531212670031703,0.1374470573923344,0.03326437461005474,LRCUSDT,Up trend,sell,low,0.6285550129273195,-0.34262589928057563
0,0.10970192105230919,0.12762111352133054,0.15067260559114437,0.5286442723064311,0.19324655604122484,0.46803911901328416,0.5369173961090032,0.5943432604501345,0.3544097436241586,0.3927052162182242,0.2790915705169607,0.27045955690889056,0.34206981290186117,0.5288970483784304,0.5714285714285715,0.0,0.21428571428571427,0.00422981130197557,0.4832185503353696,0.6989758426531844,0.190703521104624,0.18399641874301814,0.005505328551947134,PNTUSDT,Up trend,sell,low,1.409966777408638,-0.26867540272097484
0,0.157179955967574,0.1651335051047635,0.19618374204464328,0.43309777643633723,0.147739745058754,0.3071313042558522,0.2972743627808799,0.28181025877954624,0.574665160927633,0.015119269582045097,0.24862850545129705,0.5449318120862691,0.3406060658918278,0.4430191484583544,0.9285714285714286,0.0,0.03571428571428569,0.8879184705880651,0.41958479878344057,0.7811784342536489,0.05612607040467274,0.20299899518121983,0.05688018783689933,COMPUSDT,Up trend,sell,low,0.8885316184351556,-0.28060647205250056
0,0.08234684878961869,0.10489211825392443,0.1651418035790186,0.4489087021476422,0.18585992039517452,0.43222153240456274,0.42625009913209805,0.3633656539089667,0.6658164446085807,0.1829370729954846,0.21666305971891822,0.3075194353762803,0.0,0.4257661135235605,0.9285714285714286,0.0,0.03571428571428569,0.9644288039253075,0.12308397343041684,0.6344573884529433,0.09286424269427289,0.1263788284503201,0.022193585337915243,SCUSDT,Up trend,sell,low,1.093939393939394,-0.2609137055837563
0,0.16155108693600026,0.192966464577945,0.22664008942640043,0.4626727806803611,0.32909582955621847,0.5182512585643471,0.20560463236213034,0.21103550474042335,0.6121225733623297,0.20072861073162185,0.19071928257864829,0.3010910173683939,0.3865730569828188,0.20324178835349546,0.7142857142857143,0.0,0.14285714285714285,0.7568931158522183,0.1831405542884777,0.22216735004358362,0.19946449509158784,0.23245883214272745,0.036107463073755154,ZENUSDT,Up trend,sell,low,0.9746585486259667,-0.2501084128360797
0,0.19891158176356266,0.23524884203581764,0.2637706012831656,0.5355022185633918,0.2422911884981347,0.42752716940819363,0.41912796929135626,0.5372346881645775,0.27235648775869586,0.0,0.06908591821113533,0.13824032956215856,0.1547277119954732,0.36471366844211756,0.9285714285714286,0.0,0.03571428571428569,0.39735239163270003,0.3972930979240661,0.7438791278392891,0.10689010752664199,0.22474463595431687,0.004867495943753427,SNXUSDT,Up trend,sell,low,0.7611111111111111,-0.17026793431287818
0,0.05868959408803446,0.05484995527019305,0.26295418574073803,0.37104623121326463,0.10923481683401857,0.22411628904154854,0.40614836892203493,0.40215006432148,0.6961311483182493,0.30779890481026245,0.23303594847802592,0.49278167179139926,0.3003904752518743,0.5665263759311346,0.35714285714285715,0.0,0.3214285714285714,0.9499970779752829,0.5615994481796639,0.8777091607113716,0.0865545433455528,0.09593306837841131,0.018591203450425562,ETHUPUSDT,Up trend,sell,low,2.5726897877615036,-0.4810782943200182
0,0.20277359856361826,0.21555997612678232,0.4661456420954981,0.2108457531301882,0.35306980847743635,0.2759288668302641,0.2665826468839412,0.25315644006308907,0.45291075521202356,0.5679352991427844,0.43379538848238103,0.27451876591734553,0.022279043120998626,0.37133412299260776,0.0,0.35714285714285715,0.6785714285714286,0.03951826334845902,0.8326742901142636,0.16970824804461612,0.2953272029134598,0.019842047202748524,0.03859993931962379,ETHDOWNUSDT,Down trend,buy,high,1.4556962025316456,0.08252427184466027
0,0.2741163336661924,0.2926799834451433,0.278711971405441,0.36782091549538976,0.5991235804770687,0.5050147172645396,0.006300181458295339,0.0,0.4718415814748775,0.22421766702268248,0.3109535265257248,0.5657382513314466,0.5687538775654581,0.11422331664853955,0.35714285714285715,0.0,0.3214285714285714,0.971110949120961,0.3393707205128501,0.8662100311554956,0.5785724873067193,0.374025332418037,0.040836198933885307,ADAUPUSDT,Up trend,sell,low,2.6522364027362024,-0.5545724245345991
0,0.000673629116281457,0.0010064900192969415,0.42090730348826083,0.9495653310109032,0.0,0.00031962978456030814,0.8534487997343282,0.5368936944518846,0.8272734625170889,0.7195245659547871,0.341806767708252,0.06759016483006904,0.0,0.5291613224917707,0.6428571428571429,0.35714285714285715,0.35714285714285715,0.11187725181962484,0.815935638935509,0.2525922789414904,0.0,0.0026878462795389244,6.32991129847785e-05,ADADOWNUSDT,Down trend,buy,high,1.7300748568912374,0.02870533099004101
0,0.01505454341796097,0.014557495805331912,0.09938016644783311,0.17825347529298372,0.020964627181551745,0.0357858376492465,0.5264153419656741,0.529253589190182,0.7001509970878421,0.3751584039686805,0.20102456877581112,0.27717070538781347,0.0,0.624928104443414,0.35714285714285715,0.0,0.3214285714285714,0.4981824887352746,0.5543493808044682,0.6720592174634692,0.03290890173208437,0.1244442880123955,0.009357409167336808,LINKUPUSDT,Up trend,sell,low,4.583,-0.5516803840877915
0,0.005252471000120467,0.0073956820883745705,0.4075201480169348,0.19958356190680315,0.0,0.006097510516804409,0.9302597616926136,0.9525097331991244,0.7857574377606839,0.5088815565490019,0.45211350872007106,0.059243481364183385,4.6865132109711455e-05,0.859103532721918,0.0,0.4285714285714286,0.7407407407407407,0.006157936892620442,0.976785038738308,0.0033051117412039835,0.0,0.05819253840848072,0.0006303994009036504,LINKDOWNUSDT,Down trend,buy,high,1.6968190854870777,-0.29725520731944716
0,0.15734500574502758,0.18415850634733827,0.20447128963699376,0.47906116802392323,0.2797578785063671,0.469561133734084,0.35076765066436805,0.3401591006325497,0.4757237275436391,0.37727861564509085,0.5143847639108302,0.519088490394279,0.5913680028093595,0.3294508782846329,0.35714285714285715,0.0,0.3214285714285714,0.03910257038835058,0.6032063414705675,0.5582417533020558,0.1385689930329641,0.13745808553683136,0.04898434193821402,VTHOUSDT,Up trend,sell,low,0.8914285714285713,-0.22283558745054746
0,0.05197510411702487,0.0631790602511643,0.07596745536312574,0.3208071989917373,0.12296094793345265,0.2327075601900322,0.3158506925617603,0.2906922889979791,0.7357902395069899,0.18237671111456327,0.19919972964010418,0.4229282539296589,0.11490770088998649,0.4298465812548842,0.9285714285714286,0.0,0.03571428571428569,0.35955983483428494,0.3809078573820089,0.817453282415363,0.04574664185960763,0.11817025278434891,0.017223561832586994,DGBUSDT,Up trend,sell,low,0.9379844961240312,-0.31599877638421525
0,0.012914999612129068,0.0,0.06078090352118973,0.0,0.0,0.0,0.09149565455564272,0.07931234427403562,0.44277816902830275,0.059493782344927006,0.1848051229346195,0.007659223794507881,0.04861717750407761,0.32815522528900015,0.9285714285714286,0.35714285714285715,0.21428571428571427,0.4905584319262663,0.5002288760667988,0.2926805561321214,0.10532480583575063,0.11930484528695652,0.023557126030624282,GBPUSDT,Up trend,sell,low,0.05984848484848482,-0.02328966521106261
0,0.13328048883892044,0.1496665573412043,0.22463345180552124,0.2861590603465489,0.27515156985791683,0.3395533150213877,0.35604447544805645,0.3164076368052421,0.4845207860281337,0.1375197473267911,0.27261297635182413,0.4514476875758092,0.33125787634720105,0.4455224877489755,0.35714285714285715,0.0,0.3214285714285714,0.7851429704800724,0.3622240868875639,0.7941446237089801,0.1638951516086524,0.12211150944374512,0.041089345437171465,SXPUSDT,Up trend,sell,low,1.0969230769230771,-0.379800853485064
0,0.010323940788918858,0.04822168952292113,0.12565305679379413,0.07479161048326725,0.07822648383013683,0.05700397777397861,0.11604208864644017,0.09503095477888204,0.7334801919589798,0.331114557531425,0.1730240884046604,0.5516727419634142,0.44316587233292015,0.2925015452404185,0.5714285714285715,0.0,0.21428571428571427,0.7156800111280964,0.06060906575290185,0.15283555067231003,0.03885055437159791,0.13979936486151265,0.006394023232969574,MKRUSDT,Up trend,sell,low,0.7598499061913696,-0.3505535055350554
0,0.00539054038240306,0.0,0.009247268764990239,0.04278597341717211,0.09752991608767196,0.0775400370979094,0.21231361847613275,0.13488288747309501,0.5498766825755819,0.26491005376647386,0.18209750926062604,0.9562219517157963,0.7591436135361054,0.3064799275714294,0.9285714285714286,0.07142857142857144,0.07142857142857138,0.8178880280414225,0.08613576421117884,0.1027342814861267,0.08048321141525541,0.2876150791677947,0.05401026194977063,DCRUSDT,Up trend,sell,low,0.9486910994764397,-0.39451114922813035
0,0.1798334179738607,0.1798708610436679,0.20344283073855432,0.5552376845391518,0.2669559566172365,0.7368548375163421,0.44431429472013206,0.47150524843673036,0.29068846779970353,0.08363900448903597,0.27420035570787116,0.46472789526337616,0.30378403118787395,0.3656322596303863,0.9285714285714286,0.0,0.03571428571428569,0.34040188662986604,0.696402738334385,0.7847695971823296,0.15496934326638176,0.13301540086760513,0.07162800687285222,STORJUSDT,Up trend,sell,low,1.0979143121339772,-0.2564415513967996
0,0.041274394486997074,0.02664334891940641,0.16520573222385274,0.3459826354782405,0.0657412242438253,0.16216665613319056,0.5285711361893227,0.5121456960529701,0.7767809194844165,0.39650038965009116,0.5329327830516655,0.7702478921262875,0.7007579713594488,0.6503914368319771,0.7142857142857143,0.0,0.14285714285714285,0.9913311844795385,0.6333672369342317,0.30307810165075016,0.06203876916096576,0.06099944747601415,0.019340401909530347,BNBUPUSDT,Up trend,buy,low,2.5746659540352757,-0.45881904346878744
0,0.01852680762658152,0.022463491625709108,0.3961237313712636,0.042861654394614715,0.002096076695810733,0.013801452146718856,0.3704675910791025,0.20172805267413446,0.8999449464944872,0.6448622006809192,0.13529870190311485,0.3216471626186186,0.14962485861948116,0.310359892863261,0.0,0.7142857142857143,0.888888888888889,0.0005053675025332007,0.9999891135263161,0.0003689198697177664,0.002083603711552363,0.07744036510088508,0.0012073660068537692,BNBDOWNUSDT,Down trend,buy,high,1.16678674351585,0.04539047082041162
0,0.03672455415113622,0.0349108818011257,0.15800073595248074,0.7361702413787433,0.04646948485406122,0.19704189473222303,0.8811969613210446,0.9168974647638999,0.5042003827657273,0.563077669524,0.365058410513034,0.1974244561520369,0.5082235927717108,0.6973420557709724,0.4285714285714286,0.6428571428571429,0.6071428571428572,0.9403368292667245,0.5014629728637974,0.4394627586096452,0.05443110567768069,0.07067483958082049,0.01069575471698114,XTZUPUSDT,Up trend,sell,low,3.2393724696356276,-0.29005128205128206
0,0.3692272795121921,0.5765381689062319,0.9313870231927619,0.8938674568187365,0.9999978070754546,0.9565479444628664,0.2675120405871493,0.5501960126367127,0.08830387799039652,0.44574210975619827,0.19758786051629731,0.8543887026777848,0.9925080715692366,0.08590329941422996,0.6428571428571429,0.35714285714285715,0.35714285714285715,0.2964370190807617,0.9903134797610368,0.3325385067813317,0.706342058816752,0.09052815792458085,0.023305194015611253,XTZDOWNUSDT,Up trend,sell,low,270472.328324568,21604.405405405403
0,0.17446666727435584,0.18521416390811576,0.22774753163740047,0.44550788527840185,0.2106735985313913,0.5481209769276506,0.3443035353954911,0.2766859025102311,0.6199913514059786,0.28893497905477017,0.3590285041833235,0.5088293965560444,0.456558575259718,0.4323717902375542,0.35714285714285715,0.0,0.3214285714285714,0.9260927883394398,0.1848873773583995,0.5724097265958109,0.09093070086586966,0.1351013534408398,0.04235145385587872,MANAUSDT,Up trend,sell,low,0.8129822207312983,-0.26857749469214437
0,0.14580142846108413,0.14382855301321157,0.15685007057813133,0.07242260250733148,0.0,0.10089654134317654,0.4069704142496638,0.3422258527464609,0.4448363096814615,0.31898670910373794,0.32909968686710267,0.22352893404805735,0.19312570571157414,0.23593581624667007,0.9285714285714286,0.28571428571428575,0.17857142857142855,0.1868613776539737,0.3899557487849536,0.35340510805558545,0.18879983085930446,0.2195695754624468,0.13118279569892466,AUDUSDT,Up trend,sell,low,0.042306618263055165,-0.01068785968758568
0,0.030985505758324334,0.041245828923831364,0.06702157074046586,0.09960384189614746,0.0530762340342506,0.05695701756877513,0.20073378345030424,0.21702115932075436,0.6367404911404162,0.09427015087397622,0.30562137811086854,0.6558681033387285,0.6721911706632768,0.37901826886386236,0.35714285714285715,0.0,0.3214285714285714,0.7237919095640962,0.14042775346767228,0.6982587278612737,0.033113605578397244,0.08380920692127282,0.0,YFIUSDT,Up trend,sell,low,0.6542236114327264,-0.23867831909808832
0,0.049724268475644345,0.06320315074296635,0.09820641122852852,0.3516994360212405,0.0797510895378494,0.13426299936905317,0.5389593229560169,0.5623900178043191,0.6665194041492686,0.25278623620225377,0.13765840686414504,0.2688077966370402,0.17263130286456868,0.5820109957168335,0.9285714285714286,0.0,0.03571428571428569,0.407046841232838,0.20265617595188298,0.5336051177217347,0.08435653145660975,0.1602066235632031,0.0021222070953790854,BALUSDT,Up trend,sell,low,0.9360433604336044,-0.28648648648648645
0,0.1685884684913237,0.19133550123916643,0.22513757414611463,0.6271249161164855,0.2599839131204386,0.6547206039744191,0.5937411844751557,0.5969339480486965,0.4753729077103169,0.0508890184536591,0.3017327304265636,0.3990452869840299,0.41537195244640623,0.5552304349483479,0.35714285714285715,0.0,0.3214285714285714,0.34020432255912153,0.49836864403745074,0.8860724965764079,0.16595994989135163,0.10496385040790344,0.03663413853783395,BLZUSDT,Up trend,sell,low,0.7702034084661902,-0.14572460859092734
0,0.26344467476032185,0.24904545933973193,0.21503407486678722,0.7616774115612808,0.4108718387607943,0.8960344349064294,0.5840221191430613,0.7190184288177756,0.12738906899324665,0.31719704724449216,0.03482431595298283,0.41191563950775345,0.6671708360265245,0.5887575386241879,0.9285714285714286,0.28571428571428575,0.17857142857142855,0.0016950708159700696,0.7562718184423911,0.7844360516998414,0.4168513120915339,0.26944163282451616,0.00488958990536274,IRISUSDT,Up trend,sell,low,0.742517425174252,-0.1105384752088147
0,0.06975616003512171,0.08578004478726042,0.11979900775096622,0.4218661960930615,0.11465348005141246,0.2596593748045423,0.6273848163343374,0.6504276438579002,0.4265630956442383,0.8509881832090131,0.22520115270718513,0.11242541512563739,0.1365452348306503,0.5979609116262172,0.35714285714285715,0.0,0.3214285714285714,0.034769806040884164,0.08859808196680233,0.836647483077771,0.09575815584273835,0.21760502655650213,0.018938559788592775,KMDUSDT,Up trend,sell,low,1.0214826772631316,-0.19238588061356499
0,0.15997962016479617,0.17448380927684684,0.22857650691353845,0.6353674824550298,0.28919258330627545,0.6798352151515464,0.5177125871080015,0.6262429779906068,0.35907060825871023,0.2537390560230079,0.14051818154092371,0.521309963875373,0.5226534799863733,0.47850668067453356,0.9285714285714286,0.07142857142857144,0.07142857142857138,0.97711723220801,0.534013615522122,0.681094270888989,0.1582567464060532,0.2059961177851454,0.06259508802434269,JSTUSDT,Up trend,sell,low,0.752559430851987,-0.13147138964577662
0,0.46172262556494303,0.5200088282522088,0.5481342371051899,0.722108986709551,0.8640922157562556,0.9373577359150058,0.29536535012157444,0.41014297167340785,0.3069584618172661,0.20661840919238855,0.13999149025654578,0.3738804031880883,0.645257772023254,0.2557646873624642,0.7142857142857143,0.2142857142857143,0.25,0.6678630218984007,0.2724091184732828,0.86537042215595,0.5823847071098378,0.19939339317979762,0.09457831325301196,SRMUSDT,Up trend,sell,low,1.020600353148911,-0.10695059217609763
0,0.09903029194215834,0.110307520035328,0.16619088211770996,0.5983710455236513,0.21872643395702632,0.5789091390998156,0.5646302061975644,0.6369168257832152,0.37575949102415873,0.41140048536606405,0.0800142017953541,0.3232946222423141,0.48788726500606067,0.5757592467730622,0.8571428571428572,0.14285714285714288,0.14285714285714285,0.02240520838144701,0.38394447409818755,0.8958226572016138,0.23833298615632417,0.22623754973382307,0.01908600715391606,ANTUSDT,Up trend,sell,low,1.1479391560353291,-0.15395175524612673
0,0.361861864918716,0.4353674832962144,0.5708556883567188,0.8483025215179953,0.48316316609294296,0.9502276203276107,0.654517374843004,0.7918602474960734,0.46579885151229916,0.362742421718324,0.23115214076299087,0.18730978848204063,0.46184971380337886,0.7084588442284944,0.7142857142857143,0.0,0.14285714285714285,0.6003760372728251,0.1463010810014777,0.7064706219058837,0.3990063152364686,0.1732128978277609,0.04170804369414104,CRVUSDT,Up trend,sell,low,1.1044593769089797,0.04565801253357201
0,0.5273796344284224,0.5478842145508812,0.513219179213954,0.6760200455377098,0.8500470709063075,0.7707354989173372,0.17898711399705175,0.20704503887265055,0.32191933008769796,0.06789108537050642,0.38778764248638564,0.27453197213661984,0.37253340861465634,0.07165063242399156,0.35714285714285715,0.0,0.3214285714285714,0.3610998310949823,0.49855532525564844,0.7081395466812357,0.5066056282491882,0.08353853280748197,0.17397216676793095,SANDUSDT,Up trend,sell,low,0.9486118296257975,-0.2962341340606315
0,0.1882145996314905,0.19297125527808812,0.19401132500246873,0.5763386215003728,0.28102105479021866,0.6137278778441962,0.509359736817372,0.5355944437805145,0.560283012737654,0.22500510485170874,0.20092201799796613,0.14525362888999557,0.15174884667315727,0.5442383289327782,0.35714285714285715,0.0,0.3214285714285714,0.5273904777833098,0.5920830213438621,0.8354483532867455,0.25507347500934596,0.15860380554078976,0.04821264894592105,OCEANUSDT,Up trend,sell,low,0.7306052855924976,-0.25815783383476043
0,0.20064507590671038,0.24181187340655932,0.3131104643463686,0.7432132385015362,0.2734800374603092,0.6557345273555786,0.6497513864542761,0.6496937603116312,0.6476558509827597,0.6857807841664013,0.19326022487498437,0.5844145167803364,0.5347379127876355,0.5675007003416926,0.35714285714285715,0.14285714285714288,0.39285714285714285,0.0020524999800900505,0.3773529482802442,0.9168615965517416,0.19759375848893274,0.19572061527742146,0.024460668090800206,NMRUSDT,Up trend,sell,low,0.7487506940588561,-0.05834092980856887
0,0.4293319961491108,0.5072335498168844,0.5062559611735962,0.8292451794632884,0.6064757566429372,0.8806785168860524,0.5272095810284214,0.6309323642706857,0.46299534684637533,0.13095499733008462,0.2696031002432513,0.3542377590742446,0.44306659772767776,0.580887966842922,0.35714285714285715,0.0,0.2962962962962963,0.9120499049298921,0.20101022356824488,0.5279014798220562,0.38808184940649826,0.15780736740432838,0.0564971751412429,DOTUSDT,Up trend,sell,low,0.710944395410415,-0.08679004467134649
0,0.817831170064031,0.8992838883739607,0.8907255935891368,0.9752817491139004,1.0,0.9992568956658557,0.5311639168352822,0.5385869304112912,0.5108578427223393,0.542210390174303,0.8689728617887392,0.127862764452132,0.27523786839795256,0.360532324084169,0.35714285714285715,0.5714285714285715,0.6071428571428572,0.9279356269792978,0.6837935838448009,0.9880529820417379,0.949254406186872,0.10250820236818031,0.36985675099055176,LUNAUSDT,Up trend,sell,low,0.9612200435729847,0.23113506658211794
0,0.10816295559735868,0.12648062638024518,0.16337513556359923,0.4207823944937707,0.1912852394107942,0.43250199745123324,0.5020381966907743,0.4993577076818587,0.6831342244620117,0.1394595119932526,0.2213370217798562,0.16599090503089511,0.18599009149981152,0.5647581088639366,0.35714285714285715,0.0,0.3214285714285714,0.03651275770106205,0.30973316749045277,0.5366876054470715,0.1516682607671221,0.1602904388227283,0.035842293906810055,RSRUSDT,Up trend,sell,low,1.0074349442379182,-0.3415377913308647
0,0.09750175058929762,0.09304820948581798,0.11747791890166201,0.0,0.04723906339332863,0.0022245218383123207,0.28187705171486427,0.27472302896542333,0.6242042745842978,0.5636632913215125,0.5101246795424416,0.3266428170050661,0.20834115316474144,0.3869064618532568,1.0,0.0,0.0,0.1960011304799808,0.7757362424505833,0.8208818510567163,0.1036094486551555,0.13060572788586258,0.2096848175086824,PAXGUSDT,Up trend,sell,low,0.06780924855491326,-0.02971931755641167
0,0.1292830375112397,0.10926881520417929,0.11216456671532316,0.31263791328013646,0.2618121678653143,0.33004541997293707,0.12807397968900308,0.17233112791346072,0.5936949503789648,0.5524219146096585,0.19023624173748124,0.35083167566440915,0.33720655215967366,0.2943824239316001,0.9285714285714286,0.14285714285714288,0.10714285714285715,0.13706797046753824,0.5182908959436028,0.3895292277575996,0.11801449945731089,0.19905982223744176,0.09322633939107848,WNXMUSDT,Up trend,sell,low,0.7807677087455481,-0.25866666666666666
0,0.1036011433244508,0.12694738024178367,0.16888742904293466,0.468042882556705,0.19925415025506626,0.3849594753022663,0.35889664650374187,0.36749280534085144,0.5422950211563984,0.4229448924721887,0.09805459922377573,0.32373567101526146,0.28088837014574597,0.4732217349984614,0.7142857142857143,0.07142857142857144,0.17857142857142855,0.025999563836897457,0.5294908311133093,0.9382862467237144,0.11931227603896581,0.13252122746368944,0.007854415796289673,TRBUSDT,Up trend,sell,low,0.695,-0.1624513618677043
0,0.11314931041968411,0.12647393462970644,0.16019960161976202,0.4702094353649081,0.15197997306315797,0.3977222979042551,0.6391280190302887,0.6111635266099265,0.6667593828101415,0.4331135581512201,0.3436186137014918,0.261142518503584,0.2619114398120128,0.6596511303321805,0.4285714285714286,0.0,0.2857142857142857,0.02713938650655633,0.02977455417884617,0.7324211862662157,0.15856298446411968,0.15792707955897026,0.006147037128104259,BZRXUSDT,Up trend,sell,low,0.9615384615384616,-0.31201848998459164
0,0.2810928964955577,0.3064401981599431,0.33813955329035517,0.5923531074360794,0.4331360271973473,0.561872311950363,0.2753091082939672,0.3366276629819849,0.47886782667486405,0.11330159618324039,0.2436532163597163,0.10884759811118794,0.23427104302772708,0.27467966618033857,0.7142857142857143,0.0,0.14285714285714285,0.7236845906478826,0.2893032989952111,0.37134730892814694,0.2386510814978043,0.2111435282910591,0.035078488117162104,SUSHIUSDT,Up trend,sell,low,0.9058823529411764,-0.15759787657597865
0,0.45811745216006056,0.5537614537056497,0.613147628979919,0.6883193368284525,0.8807100770216778,0.7820120917898452,0.08233560930175203,0.10410118315517188,0.3300080556139046,0.4688320857523833,0.22931073711238753,0.12336488189884748,0.18365751733163957,0.11978961201366106,0.7142857142857143,0.2142857142857143,0.25,0.6556680242884463,0.537873232429625,0.755296439922016,0.567136766960865,0.18449784831694868,0.03505803048892275,YFIIUSDT,Up trend,sell,low,0.8625954198473282,-0.36038034865293184
0,0.2824541360746557,0.38386132695756114,0.4473453659173384,0.7641516185028996,0.5405584047290536,0.8317984796994446,0.5051216905246615,0.5811102766817481,0.4292327545711355,0.295083028862505,0.26992234265562526,0.4114976111662587,0.23818696028282402,0.4270539823244288,0.35714285714285715,0.0,0.2962962962962963,0.8609609198089003,0.5086940387308754,0.92533793719511,0.22245272934410734,0.10053093464299658,0.014064198407240693,KSMUSDT,Up trend,sell,low,0.6365942028985507,-0.16122500632751213
0,0.7028445333032093,0.7208743126318075,0.7085247978855348,0.938620346876954,0.9942206759904438,0.999712871619886,0.5042028074309358,0.6636480975095014,0.1036442099901425,0.3363383651857092,0.3596351762037844,0.23710989689073295,0.602259762393397,0.39442273250507315,0.35714285714285715,0.07142857142857144,0.35714285714285715,0.6348185318356829,0.261819318973792,0.9446109455271458,0.8411013291037033,0.3207568853744073,0.10008907224227657,EGLDUSDT,Up trend,sell,low,1.2784210526315787,0.24149961563479375
0,0.09806307519526562,0.10239639736235437,0.13125205872140716,0.5491724789979681,0.14408480995469225,0.34616940198281626,0.6336659284289529,0.6436292050674302,0.5267052624765161,0.1392224001128869,0.32931183538702835,0.2544359062543749,0.36414794576400594,0.6038626510291928,0.35714285714285715,0.0,0.3214285714285714,0.006555125420570265,0.39752980253028414,0.6463530250625986,0.1413434723918632,0.17123307459838547,0.01815823605706876,DIAUSDT,Up trend,sell,low,0.9618320610687021,-0.2523410547067521
0,0.17162594305711676,0.21022473386778806,0.24338632816002276,0.44093340585510216,0.27646519048665463,0.38105782121145476,0.26525301015334773,0.3094663357575326,0.6232087606904237,0.3400098322290832,0.13510884505412996,0.001309139809375238,0.06694627798702711,0.4527277525649636,0.9285714285714286,0.0,0.03571428571428569,0.37566299698086175,0.26759064616053413,0.7729575711865128,0.11604753384146084,0.2205492662700574,0.02176486658774245,RUNEUSDT,Up trend,sell,low,0.9030074004093844,-0.29312791404824645
0,0.02795081455003245,0.04524919848440664,0.138904206505762,0.2982927847556348,0.1132872163635997,0.4189827564908143,0.5781097010923287,0.5685000335314007,0.4694448758668613,0.7714713411270899,0.12935350696121925,0.21671018680889056,0.2673949245390673,0.5552476134486714,0.8571428571428572,0.2142857142857143,0.17857142857142855,0.003180767927873105,0.6789073868372137,0.9164793899447455,0.0480001307964713,0.15086226564347563,0.03654883163570997,FIOUSDT,Up trend,sell,low,1.1309090909090906,-0.23243992606284664
0,0.03873134979553706,0.041846960756766756,0.04947745972550758,0.2695472383974662,0.08325597306205614,0.16376808869221735,0.563177866282538,0.5885084936332166,0.6779520505504324,0.0,0.12218177627644725,0.36180600268725693,0.3864564962229228,0.6561785035908827,0.7142857142857143,0.0,0.14285714285714285,0.02278356316239609,0.42725254071298924,0.4721103274561377,0.11166359135245575,0.16944274563070735,0.013767935639047886,UMAUSDT,Up trend,sell,low,0.7486178096694508,-0.2914478325625147
0,0.0,0.0,0.08370953686509564,0.05954519134413215,0.0,0.0034682577744218654,0.31494248531518143,0.3365294689817449,0.5038516536993279,0.1873998491815389,0.09645812634047944,0.80775573232973,0.7292195114937197,0.4547760324788773,0.9285714285714286,0.07142857142857144,0.07142857142857138,0.38943623111401815,0.24199408852410711,0.05492836732042165,0.01601894210596421,0.16611714748849646,0.0020803308477974746,EOSUPUSDT,Up trend,sell,low,3.563953488372093,-0.5656912886727593
0,0.0025007027032023445,0.004064303598895886,0.11307443166494223,0.9571038840747746,0.0023416546232374862,0.11784142466864436,0.9997069788760821,1.0,0.02259916316217312,0.8199831717522692,0.6852340309465851,0.536081712132442,0.43927700998285646,0.9865799470155922,0.07142857142857144,0.9285714285714286,0.9285714285714286,0.11373474947163423,0.8507149126500377,0.8420736295378155,0.00048063801870706284,0.003313274797029685,0.0009769565341712395,EOSDOWNUSDT,Down trend,buy,high,1.9116151740320693,0.20806709265175705
0,0.004118472312820523,0.00455486339206701,0.20355965070274606,0.8421696206671578,0.00525976952667954,0.04543795028895673,0.9424713205317962,0.9782223750022313,0.7081384934139479,0.18699592966143638,0.14424474118293076,0.6387516601705818,0.6199444459282815,0.9124775590410132,0.9285714285714286,0.0,0.03571428571428569,0.4852216345540575,0.7975045495736479,0.41982311471852696,0.008503736290875643,0.018659008632526144,0.0022216573462125067,TRXUPUSDT,Up trend,sell,low,2.3817237798546214,-0.3362910798122066
0,0.9984324666881399,0.9943097677075818,0.9825210424498985,1.0,1.0,1.0,0.9213778310256223,1.0,0.044722379642987434,0.8515799131470014,0.6226374799786438,0.9917763834240559,1.0,0.9272320810013014,0.0,0.9285714285714286,0.9642857142857143,0.04679117263814743,0.9236484934610185,0.054335697356411736,0.9930157481798986,0.02817413930720839,0.16231577107541473,TRXDOWNUSDT,Down trend,buy,high,188841.12798100786,49418.67445152158
0,0.07104919964283525,0.08774907876455203,0.20501559043076956,0.43312496650881666,0.16987233456813802,0.377281847476962,0.45382171227695906,0.3987618734919607,0.692984734197939,0.30846014934675114,0.3249656026756211,0.22409139006067358,0.0,0.5405283140955514,0.35714285714285715,0.0,0.3214285714285714,0.9091452257662357,0.3762100069472292,0.31794222589662696,0.12085720629092471,0.12422607611332713,0.014269697913422601,XRPUPUSDT,Up trend,sell,low,2.2492012779552715,-0.44687204635425937
0,0.003069641850362909,0.006757098668757359,0.7613382532112531,0.06260537554109935,0.0,0.009970534558655557,0.9104565457931821,0.9278448873842178,0.690925815040247,0.7890951509847197,0.4110305662705224,0.0,0.0,0.9167764741784489,0.0,0.35714285714285715,0.6785714285714286,0.005745347584451259,0.9980387643811632,0.03461264022249274,0.0,0.05339887023523192,0.0002644644262010908,XRPDOWNUSDT,Down trend,buy,high,1.6401326699834162,0.0241248817407757
0,0.019402770697611527,0.020477469480916232,0.1980318256347632,0.48630588981262596,0.03285136589686241,0.1376376957406122,0.8780881137962533,0.8971597751804662,0.5496838294774188,0.3087908217968937,0.13458460741772602,0.46424747859055454,0.41350821832018914,0.7885226032015276,0.9285714285714286,0.0,0.03571428571428569,0.3638342445091617,0.7361860462454698,0.16660124101253293,0.0516074842273625,0.0859884481505195,0.0064493792967011245,DOTUPUSDT,Up trend,sell,low,3.5144124168514415,-0.5522108598588507
0,9.140533508732876e-05,0.00014201462861847982,0.4090699004145016,1.0,0.0,0.0,0.7796212344858482,0.5235709517958298,0.8026923105891155,0.6094692661580104,0.257388215961197,0.014858598022849948,0.0,0.5037180601515171,0.5,0.28571428571428575,0.4074074074074074,0.1379604746669202,0.9096130401898395,0.39391630349990125,0.0,0.010704146842457225,2.2188755821944093e-05,DOTDOWNUSDT,Down trend,buy,high,4.5591890124264225,-0.5078665077473182
0,0.11681819604155473,0.12589593268151306,0.16439374056920433,0.4353501072451294,0.17085815734233106,0.4426826061646752,0.5871991479777052,0.5563967156556903,0.5105123457501936,0.3856291022546788,0.31884994746168177,0.4565872362739121,0.41236493990747425,0.5902636476273685,0.35714285714285715,0.0,0.3214285714285714,0.039600453728144185,0.3492899563392361,0.9624586362205729,0.13151194485659298,0.1329639525331443,0.01327494183659488,BELUSDT,Up trend,sell,low,1.0409026798307477,-0.2900469884664674
0,0.03510434395632437,0.03175576955675933,0.06432687742981737,0.42198113067208115,0.08305462431271637,0.43748791938763876,0.5700330260847142,0.6111506229509299,0.252698627204084,0.5225342446909311,0.09094738468668848,0.17685208824844045,0.1866438035013119,0.5613957101123477,0.9285714285714286,0.14285714285714288,0.10714285714285715,0.0002519639946517481,0.338590545224865,0.9148789745839284,0.08416002276744718,0.23240059812631952,0.0037955597150729796,WINGUSDT,Up trend,sell,low,1.2664835164835162,-0.2888786340562991
0,0.0026705220243146343,0.004013330732484757,0.14278218309216859,0.21148117574329783,0.011610850724536019,0.03552694288589673,0.5243977411358616,0.5770155505013468,0.6304050894870318,0.23267579244489914,0.19752754017402044,0.08358955683770988,0.0,0.6083444026113768,0.9285714285714286,0.0,0.03571428571428569,0.03774829795757764,0.9377840181420359,0.010566483303264384,0.026587149251710625,0.0795982351617479,0.009064210869801678,LTCUPUSDT,Up trend,sell,low,3.1228153046764286,-0.4326452436688657
0,0.5367760467843522,0.6897263282275569,0.7816730506135757,0.7165861116154163,0.9859953392175017,0.7513292441070323,0.18447772301041618,0.08277418980412403,0.48138350740879937,0.8085888211153833,0.4825828642901814,0.2361171966100306,0.23829338054323185,0.3298836694420306,0.0,0.9285714285714286,0.9642857142857143,0.07318889964424051,0.9609229935288537,0.3142959203316057,0.7493270971003604,0.025229400587343655,0.0766665447399875,LTCDOWNUSDT,Down trend,buy,high,2.7057772483621205,-0.41917713892236186
0,0.2501918777926287,0.2808298729987618,0.3129117134231426,0.4736986882954136,0.27046318384909174,0.412380211857793,0.4561261086240178,0.32705189017206326,0.7956820177181607,0.454845503770855,0.6698073713944133,0.3944125040562389,0.3015133353546626,0.4851994727823066,0.7142857142857143,0.0,0.14285714285714285,0.8143813983901139,0.19335349652709344,0.6373867170736442,0.2216488672951012,0.1437792044613358,0.028045386426889363,UNIUSDT,Down trend,buy,transforming,0.7715736040609137,-0.19884235614572693
0,0.03768098680199261,0.05292430185586285,0.11280096041626697,0.446211102909217,0.06935791123931491,0.34638230439141543,0.7355053655099859,0.747671085134543,0.4450388476642227,0.5424899295445672,0.15526876627989578,0.10140696567104812,0.1659246941956293,0.7318838275601117,0.7142857142857143,0.07142857142857144,0.17857142857142855,0.00025221510533649904,0.6536261634267356,0.8871171632192985,0.07667525701815639,0.13747479024047404,0.017634408602150566,NBSUSDT,Up trend,sell,low,0.609049773755656,-0.16167247386759576
