Timestamp,difficulty
2019-04-21 00:00:00,6357721118108.33
2019-04-22 00:00:00,6353030562984
2019-04-23 00:00:00,6353030562984
2019-04-24 00:00:00,6353030562984
2019-04-25 00:00:00,6353030562984
2019-04-26 00:00:00,6353030562984
2019-04-27 00:00:00,6353030562984
2019-04-28 00:00:00,6353030562984
2019-04-29 00:00:00,6353030562984
2019-04-30 00:00:00,6353030562984
2019-05-01 00:00:00,6353030562984
2019-05-02 00:00:00,6353030562984
2019-05-03 00:00:00,6353030562984
2019-05-04 00:00:00,6554050172254.76
2019-05-05 00:00:00,6702169884349
2019-05-06 00:00:00,6702169884349
2019-05-07 00:00:00,6702169884349
2019-05-08 00:00:00,6702169884349
2019-05-09 00:00:00,6702169884349
2019-05-10 00:00:00,6702169884349
2019-05-11 00:00:00,6702169884349
2019-05-12 00:00:00,6702169884349
2019-05-13 00:00:00,6702169884349
2019-05-14 00:00:00,6702169884349
2019-05-15 00:00:00,6702169884349
2019-05-16 00:00:00,6702169884349
2019-05-17 00:00:00,6702169884349
2019-05-18 00:00:00,6703779555092.79
2019-05-19 00:00:00,6704632680587
2019-05-20 00:00:00,6704632680587
2019-05-21 00:00:00,6704632680587
2019-05-22 00:00:00,6704632680587
2019-05-23 00:00:00,6704632680587
2019-05-24 00:00:00,6704632680587
2019-05-25 00:00:00,6704632680587
2019-05-26 00:00:00,6704632680587
2019-05-27 00:00:00,6704632680587
2019-05-28 00:00:00,6704632680587
2019-05-29 00:00:00,6704632680587
2019-05-30 00:00:00,6747104132834.47
2019-05-31 00:00:00,7459680720542
2019-06-01 00:00:00,7459680720542
2019-06-02 00:00:00,7459680720542
2019-06-03 00:00:00,7459680720542
2019-06-04 00:00:00,7459680720542
2019-06-05 00:00:00,7459680720542
2019-06-06 00:00:00,7459680720542
2019-06-07 00:00:00,7459680720542
2019-06-08 00:00:00,7459680720542
2019-06-09 00:00:00,7459680720542
2019-06-10 00:00:00,7459680720542
2019-06-11 00:00:00,7459680720542
2019-06-12 00:00:00,7459680720542
2019-06-13 00:00:00,7459680720542
2019-06-14 00:00:00,7411481913588.01
2019-06-15 00:00:00,7409399249090
2019-06-16 00:00:00,7409399249090
2019-06-17 00:00:00,7409399249090
2019-06-18 00:00:00,7409399249090
2019-06-19 00:00:00,7409399249090
2019-06-20 00:00:00,7409399249090
2019-06-21 00:00:00,7409399249090
2019-06-22 00:00:00,7409399249090
2019-06-23 00:00:00,7409399249090
2019-06-24 00:00:00,7409399249090
2019-06-25 00:00:00,7409399249090
2019-06-26 00:00:00,7409399249090
2019-06-27 00:00:00,7868124124773.69
2019-06-28 00:00:00,7934713219631
2019-06-29 00:00:00,7934713219631
2019-06-30 00:00:00,7934713219631
2019-07-01 00:00:00,7934713219631
2019-07-02 00:00:00,7934713219631
2019-07-03 00:00:00,7934713219631
2019-07-04 00:00:00,7934713219631
2019-07-05 00:00:00,7934713219631
2019-07-06 00:00:00,7934713219631
2019-07-07 00:00:00,7934713219631
2019-07-08 00:00:00,7934713219631
2019-07-09 00:00:00,8587445349569.57
2019-07-10 00:00:00,9064159826491
2019-07-11 00:00:00,9064159826491
2019-07-12 00:00:00,9064159826491
2019-07-13 00:00:00,9064159826491
2019-07-14 00:00:00,9064159826491
2019-07-15 00:00:00,9064159826491
2019-07-16 00:00:00,9064159826491
2019-07-17 00:00:00,9064159826491
2019-07-18 00:00:00,9064159826491
2019-07-19 00:00:00,9064159826491
2019-07-20 00:00:00,9064159826491
2019-07-21 00:00:00,9064159826491
2019-07-22 00:00:00,9064159826491
2019-07-23 00:00:00,9033161130737.77
2019-07-24 00:00:00,9013786945892
2019-07-25 00:00:00,9013786945892
2019-07-26 00:00:00,9013786945892
2019-07-27 00:00:00,9013786945892
2019-07-28 00:00:00,9013786945892
2019-07-29 00:00:00,9013786945892
2019-07-30 00:00:00,9013786945892
2019-07-31 00:00:00,9013786945892
2019-08-01 00:00:00,9013786945892
2019-08-02 00:00:00,9013786945892
2019-08-03 00:00:00,9013786945892
2019-08-04 00:00:00,9013786945892
2019-08-05 00:00:00,9890230141833.76
2019-08-06 00:00:00,9985348008060
2019-08-07 00:00:00,9985348008060
2019-08-08 00:00:00,9985348008060
2019-08-09 00:00:00,9985348008060
2019-08-10 00:00:00,9985348008060
2019-08-11 00:00:00,9985348008060
2019-08-12 00:00:00,9985348008060
2019-08-13 00:00:00,9985348008060
2019-08-14 00:00:00,9985348008060
2019-08-15 00:00:00,9985348008060
2019-08-16 00:00:00,9985348008060
2019-08-17 00:00:00,9985348008060
2019-08-18 00:00:00,10016798869144.1
2019-08-19 00:00:00,10183488432890
2019-08-20 00:00:00,10183488432890
2019-08-21 00:00:00,10183488432890
2019-08-22 00:00:00,10183488432890
2019-08-23 00:00:00,10183488432890
2019-08-24 00:00:00,10183488432890
2019-08-25 00:00:00,10183488432890
2019-08-26 00:00:00,10183488432890
2019-08-27 00:00:00,10183488432890
2019-08-28 00:00:00,10183488432890
2019-08-29 00:00:00,10183488432890
2019-08-30 00:00:00,10183488432890
2019-08-31 00:00:00,10183488432890
2019-09-01 00:00:00,10685572378039.5
2019-09-02 00:00:00,10771996663680
2019-09-03 00:00:00,10771996663680
2019-09-04 00:00:00,10771996663680
2019-09-05 00:00:00,10771996663680
2019-09-06 00:00:00,10771996663680
2019-09-07 00:00:00,10771996663680
2019-09-08 00:00:00,10771996663680
2019-09-09 00:00:00,10771996663680
2019-09-10 00:00:00,10771996663680
2019-09-11 00:00:00,10771996663680
2019-09-12 00:00:00,10771996663680
2019-09-13 00:00:00,10958429712866
2019-09-14 00:00:00,11890594958796
2019-09-15 00:00:00,11890594958796
2019-09-16 00:00:00,11890594958796
2019-09-17 00:00:00,11890594958796
2019-09-18 00:00:00,11890594958796
2019-09-19 00:00:00,11890594958796
2019-09-20 00:00:00,11890594958796
2019-09-21 00:00:00,11890594958796
2019-09-22 00:00:00,11890594958796
2019-09-23 00:00:00,11890594958796
2019-09-24 00:00:00,11890594958796
2019-09-25 00:00:00,11890594958796
2019-09-26 00:00:00,12017674556107.8
2019-09-27 00:00:00,12759819404409
2019-09-28 00:00:00,12759819404409
2019-09-29 00:00:00,12759819404409
2019-09-30 00:00:00,12759819404409
2019-10-01 00:00:00,12759819404409
2019-10-02 00:00:00,12759819404409
2019-10-03 00:00:00,12759819404409
2019-10-04 00:00:00,12759819404409
2019-10-05 00:00:00,12759819404409
2019-10-06 00:00:00,12759819404409
2019-10-07 00:00:00,12759819404409
2019-10-08 00:00:00,12759819404409
2019-10-09 00:00:00,12759819404409
2019-10-10 00:00:00,12874760266706.7
2019-10-11 00:00:00,13008091666972
2019-10-12 00:00:00,13008091666972
2019-10-13 00:00:00,13008091666972
2019-10-14 00:00:00,13008091666972
2019-10-15 00:00:00,13008091666972
2019-10-16 00:00:00,13008091666972
2019-10-17 00:00:00,13008091666972
2019-10-18 00:00:00,13008091666972
2019-10-19 00:00:00,13008091666972
2019-10-20 00:00:00,13008091666972
2019-10-21 00:00:00,13008091666972
2019-10-22 00:00:00,13008091666972
2019-10-23 00:00:00,13069108485875.8
2019-10-24 00:00:00,13691480038694
2019-10-25 00:00:00,13691480038694
2019-10-26 00:00:00,13691480038694
2019-10-27 00:00:00,13691480038694
2019-10-28 00:00:00,13691480038694
2019-10-29 00:00:00,13691480038694
2019-10-30 00:00:00,13691480038694
2019-10-31 00:00:00,13691480038694
2019-11-01 00:00:00,13691480038694
2019-11-02 00:00:00,13691480038694
2019-11-03 00:00:00,13691480038694
2019-11-03 23:00:00,13691480038694
2019-11-04 23:00:00,13691480038694
2019-11-05 23:00:00,13691480038694
2019-11-06 23:00:00,13669891710442.8
2019-11-07 23:00:00,12720005267391
2019-11-08 23:00:00,12720005267391
2019-11-09 23:00:00,12720005267391
2019-11-10 23:00:00,12720005267391
2019-11-11 23:00:00,12720005267391
2019-11-12 23:00:00,12720005267391
2019-11-13 23:00:00,12720005267391
2019-11-14 23:00:00,12720005267391
2019-11-15 23:00:00,12720005267391
2019-11-16 23:00:00,12720005267391
2019-11-17 23:00:00,12720005267391
2019-11-18 23:00:00,12720005267391
2019-11-19 23:00:00,12720005267391
2019-11-20 23:00:00,12795789637885.7
2019-11-21 23:00:00,12973235968800
2019-11-22 23:00:00,12973235968800
2019-11-23 23:00:00,12973235968800
2019-11-24 23:00:00,12973235968800
2019-11-25 23:00:00,12973235968800
2019-11-26 23:00:00,12973235968800
2019-11-27 23:00:00,12973235968800
2019-11-28 23:00:00,12973235968800
2019-11-29 23:00:00,12973235968800
2019-11-30 23:00:00,12973235968800
2019-12-01 23:00:00,12973235968800
2019-12-02 23:00:00,12973235968800
2019-12-03 23:00:00,12973235968800
2019-12-04 23:00:00,12955951549096.1
2019-12-05 23:00:00,12876842089682
2019-12-06 23:00:00,12876842089682
2019-12-07 23:00:00,12876842089682
2019-12-08 23:00:00,12876842089682
2019-12-09 23:00:00,12876842089682
2019-12-10 23:00:00,12876842089682
2019-12-11 23:00:00,12876842089682
2019-12-12 23:00:00,12876842089682
2019-12-13 23:00:00,12876842089682
2019-12-14 23:00:00,12876842089682
2019-12-15 23:00:00,12876842089682
2019-12-16 23:00:00,12876842089682
2019-12-17 23:00:00,12876842089682
2019-12-18 23:00:00,12892837609390.5
2019-12-19 23:00:00,12948593420946
2019-12-20 23:00:00,12948593420946
2019-12-21 23:00:00,12948593420946
2019-12-22 23:00:00,12948593420946
2019-12-23 23:00:00,12948593420946
2019-12-24 23:00:00,12948593420946
2019-12-25 23:00:00,12948593420946
2019-12-26 23:00:00,12948593420946
2019-12-27 23:00:00,12948593420946
2019-12-28 23:00:00,12948593420946
2019-12-29 23:00:00,12948593420946
2019-12-30 23:00:00,12948593420946
2019-12-31 23:00:00,13031658000898.2
2020-01-01 23:00:00,13798783827516
2020-01-02 23:00:00,13798783827516
2020-01-03 23:00:00,13798783827516
2020-01-04 23:00:00,13798783827516
2020-01-05 23:00:00,13798783827516
2020-01-06 23:00:00,13798783827516
2020-01-07 23:00:00,13798783827516
2020-01-08 23:00:00,13798783827516
2020-01-09 23:00:00,13798783827516
2020-01-10 23:00:00,13798783827516
2020-01-11 23:00:00,13798783827516
2020-01-12 23:00:00,13798783827516
2020-01-13 23:00:00,13819009697340.3
2020-01-14 23:00:00,14776367535689
2020-01-15 23:00:00,14776367535689
2020-01-16 23:00:00,14776367535689
2020-01-17 23:00:00,14776367535689
2020-01-18 23:00:00,14776367535689
2020-01-19 23:00:00,14776367535689
2020-01-20 23:00:00,14776367535689
2020-01-21 23:00:00,14776367535689
2020-01-22 23:00:00,14776367535689
2020-01-23 23:00:00,14776367535689
2020-01-24 23:00:00,14776367535689
2020-01-25 23:00:00,14776367535689
2020-01-26 23:00:00,14776367535689
2020-01-27 23:00:00,15203806713070.7
2020-01-28 23:00:00,15466098935555
2020-01-29 23:00:00,15466098935555
2020-01-30 23:00:00,15466098935555
2020-01-31 23:00:00,15466098935555
2020-02-01 23:00:00,15466098935555
2020-02-02 23:00:00,15466098935555
2020-02-03 23:00:00,15466098935555
2020-02-04 23:00:00,15466098935555
2020-02-05 23:00:00,15466098935555
2020-02-06 23:00:00,15466098935555
2020-02-07 23:00:00,15466098935555
2020-02-08 23:00:00,15466098935555
2020-02-09 23:00:00,15466098935555
2020-02-10 23:00:00,15521134947902.1
2020-02-11 23:00:00,15546745765529
2020-02-12 23:00:00,15546745765529
2020-02-13 23:00:00,15546745765529
2020-02-14 23:00:00,15546745765529
2020-02-15 23:00:00,15546745765529
2020-02-16 23:00:00,15546745765529
2020-02-17 23:00:00,15546745765529
2020-02-18 23:00:00,15546745765529
2020-02-19 23:00:00,15546745765529
2020-02-20 23:00:00,15546745765529
2020-02-21 23:00:00,15546745765529
2020-02-22 23:00:00,15546745765529
2020-02-23 23:00:00,15546745765529
2020-02-24 23:00:00,15509350562256.5
2020-02-25 23:00:00,15486913440293
2020-02-26 23:00:00,15486913440293
2020-02-27 23:00:00,15486913440293
2020-02-28 23:00:00,15486913440293
2020-02-29 23:00:00,15486913440293
2020-03-01 23:00:00,15486913440293
2020-03-02 23:00:00,15486913440293
2020-03-03 23:00:00,15486913440293
2020-03-04 23:00:00,15486913440293
2020-03-05 23:00:00,15486913440293
2020-03-06 23:00:00,15486913440293
2020-03-07 23:00:00,15486913440293
2020-03-09 00:00:00,16076772598590.7
2020-03-10 00:00:00,16552923967337
2020-03-11 00:00:00,16552923967337
2020-03-12 00:00:00,16552923967337
2020-03-13 00:00:00,16552923967337
2020-03-14 00:00:00,16552923967337
2020-03-15 00:00:00,16552923967337
2020-03-16 00:00:00,16552923967337
2020-03-17 00:00:00,16552923967337
2020-03-18 00:00:00,16552923967337
2020-03-19 00:00:00,16552923967337
2020-03-20 00:00:00,16552923967337
2020-03-21 00:00:00,16552923967337
2020-03-22 00:00:00,16552923967337
2020-03-23 00:00:00,16552923967337
2020-03-24 00:00:00,16552923967337
2020-03-25 00:00:00,16552923967337
2020-03-26 00:00:00,14143559041805.2
2020-03-27 00:00:00,13912524048946
2020-03-28 00:00:00,13912524048946
2020-03-29 00:00:00,13912524048946
2020-03-30 00:00:00,13912524048946
2020-03-31 00:00:00,13912524048946
2020-04-01 00:00:00,13912524048946
2020-04-02 00:00:00,13912524048946
2020-04-03 00:00:00,13912524048946
2020-04-04 00:00:00,13912524048946
2020-04-05 00:00:00,13912524048946
2020-04-06 00:00:00,13912524048946
2020-04-07 00:00:00,13912524048946
2020-04-08 00:00:00,14397482597688.1
2020-04-09 00:00:00,14715214060657
2020-04-10 00:00:00,14715214060657
2020-04-11 00:00:00,14715214060657
2020-04-12 00:00:00,14715214060657
2020-04-13 00:00:00,14715214060657
2020-04-14 00:00:00,14715214060657
2020-04-15 00:00:00,14715214060657
2020-04-16 00:00:00,14715214060657
2020-04-17 00:00:00,14715214060657
2020-04-18 00:00:00,14715214060657
2020-04-19 00:00:00,14715214060657
2020-04-20 00:00:00,14715214060657
2020-04-21 00:00:00,15624843397592.5
2020-04-22 00:00:00,15958652328578
2020-04-23 00:00:00,15958652328578
2020-04-24 00:00:00,15958652328578
2020-04-25 00:00:00,15958652328578
2020-04-26 00:00:00,15958652328578
2020-04-27 00:00:00,15958652328578
2020-04-28 00:00:00,15958652328578
2020-04-29 00:00:00,15958652328578
2020-04-30 00:00:00,15958652328578
2020-05-01 00:00:00,15958652328578
2020-05-02 00:00:00,15958652328578
2020-05-03 00:00:00,15958652328578
2020-05-04 00:00:00,15958652328578
2020-05-05 00:00:00,16079831604277.9
2020-05-06 00:00:00,16104807485529
2020-05-07 00:00:00,16104807485529
2020-05-08 00:00:00,16104807485529
2020-05-09 00:00:00,16104807485529
2020-05-10 00:00:00,16104807485529
2020-05-11 00:00:00,16104807485529
2020-05-12 00:00:00,16104807485529
2020-05-13 00:00:00,16104807485529
2020-05-14 00:00:00,16104807485529
2020-05-15 00:00:00,16104807485529
2020-05-16 00:00:00,16104807485529
2020-05-17 00:00:00,16104807485529
2020-05-18 00:00:00,16104807485529
2020-05-19 00:00:00,16104807485529
2020-05-20 00:00:00,15213703057048.3
2020-05-21 00:00:00,15138043247083
2020-05-22 00:00:00,15138043247083
2020-05-23 00:00:00,15138043247083
2020-05-24 00:00:00,15138043247083
2020-05-25 00:00:00,15138043247083
2020-05-26 00:00:00,15138043247083
2020-05-27 00:00:00,15138043247083
2020-05-28 00:00:00,15138043247083
2020-05-29 00:00:00,15138043247083
2020-05-30 00:00:00,15138043247083
2020-05-31 00:00:00,15138043247083
2020-06-01 00:00:00,15138043247083
2020-06-02 00:00:00,15138043247083
2020-06-03 00:00:00,15138043247083
2020-06-04 00:00:00,14477089134396.8
2020-06-05 00:00:00,13732352106018
2020-06-06 00:00:00,13732352106018
2020-06-07 00:00:00,13732352106018
2020-06-08 00:00:00,13732352106018
2020-06-09 00:00:00,13732352106018
2020-06-10 00:00:00,13732352106018
2020-06-11 00:00:00,13732352106018
2020-06-12 00:00:00,13732352106018
2020-06-13 00:00:00,13732352106018
2020-06-14 00:00:00,13732352106018
2020-06-15 00:00:00,13732352106018
2020-06-16 00:00:00,14265974077877.3
2020-06-17 00:00:00,15784744305477
2020-06-18 00:00:00,15784744305477
2020-06-19 00:00:00,15784744305477
2020-06-20 00:00:00,15784744305477
2020-06-21 00:00:00,15784744305477
2020-06-22 00:00:00,15784744305477
2020-06-23 00:00:00,15784744305477
2020-06-24 00:00:00,15784744305477
2020-06-25 00:00:00,15784744305477
2020-06-26 00:00:00,15784744305477
2020-06-27 00:00:00,15784744305477
2020-06-28 00:00:00,15784744305477
2020-06-29 00:00:00,15784744305477
2020-06-30 00:00:00,15784618886622.5
2020-07-01 00:00:00,15784217546288
2020-07-02 00:00:00,15784217546288
2020-07-03 00:00:00,15784217546288
2020-07-04 00:00:00,15784217546288
2020-07-05 00:00:00,15784217546288
2020-07-06 00:00:00,15784217546288
2020-07-07 00:00:00,15784217546288
2020-07-08 00:00:00,15784217546288
2020-07-09 00:00:00,15784217546288
2020-07-10 00:00:00,15784217546288
2020-07-11 00:00:00,15784217546288
2020-07-12 00:00:00,15784217546288
2020-07-13 00:00:00,16570395220715.7
2020-07-14 00:00:00,17345948872516
2020-07-15 00:00:00,17345948872516
2020-07-16 00:00:00,17345948872516
2020-07-17 00:00:00,17345948872516
2020-07-18 00:00:00,17345948872516
2020-07-19 00:00:00,17345948872516
2020-07-20 00:00:00,17345948872516
2020-07-21 00:00:00,17345948872516
2020-07-22 00:00:00,17345948872516
2020-07-23 00:00:00,17345948872516
2020-07-24 00:00:00,17345948872516
2020-07-25 00:00:00,17345948872516
2020-07-26 00:00:00,17345948872516
2020-07-27 00:00:00,17309155182109.1
2020-07-28 00:00:00,16847561611550
2020-07-29 00:00:00,16847561611550
2020-07-30 00:00:00,16847561611550
2020-07-31 00:00:00,16847561611550
2020-08-01 00:00:00,16847561611550
2020-08-02 00:00:00,16847561611550
2020-08-03 00:00:00,16847561611550
2020-08-04 00:00:00,16847561611550
2020-08-05 00:00:00,16847561611550
2020-08-06 00:00:00,16847561611550
2020-08-07 00:00:00,16847561611550
2020-08-08 00:00:00,16847561611550
2020-08-09 00:00:00,16847561611550
2020-08-10 00:00:00,16871707187017.9
2020-08-11 00:00:00,16947802333947
2020-08-12 00:00:00,16947802333947
2020-08-13 00:00:00,16947802333947
2020-08-14 00:00:00,16947802333947
2020-08-15 00:00:00,16947802333947
2020-08-16 00:00:00,16947802333947
2020-08-17 00:00:00,16947802333947
2020-08-18 00:00:00,16947802333947
2020-08-19 00:00:00,16947802333947
2020-08-20 00:00:00,16947802333947
2020-08-21 00:00:00,16947802333947
2020-08-22 00:00:00,16947802333947
2020-08-23 00:00:00,16947802333947
2020-08-24 00:00:00,17340945336075.322
2020-08-25 00:00:00,17557993035167
2020-08-26 00:00:00,17557993035167
2020-08-27 00:00:00,17557993035167
2020-08-28 00:00:00,17557993035167
2020-08-29 00:00:00,17557993035167
2020-08-30 00:00:00,17557993035167
2020-08-31 00:00:00,17557993035167
2020-09-01 00:00:00,17557993035167
2020-09-02 00:00:00,17557993035167
2020-09-03 00:00:00,17557993035167
2020-09-04 00:00:00,17557993035167
2020-09-05 00:00:00,17557993035167
2020-09-06 00:00:00,17557993035167
2020-09-07 00:00:00,17445332713343.377
2020-09-08 00:00:00,17345997805929
2020-09-09 00:00:00,17345997805929
2020-09-10 00:00:00,17345997805929
2020-09-11 00:00:00,17345997805929
2020-09-12 00:00:00,17345997805929
2020-09-13 00:00:00,17345997805929
2020-09-14 00:00:00,17345997805929
2020-09-15 00:00:00,17345997805929
2020-09-16 00:00:00,17345997805929
2020-09-17 00:00:00,17345997805929
2020-09-18 00:00:00,17345997805929
2020-09-19 00:00:00,17345997805929
2020-09-20 00:00:00,19148290888758.86
2020-09-21 00:00:00,19314656404097
2020-09-22 00:00:00,19314656404097
2020-09-23 00:00:00,19314656404097
2020-09-24 00:00:00,19314656404097
2020-09-25 00:00:00,19314656404097
2020-09-26 00:00:00,19314656404097
2020-09-27 00:00:00,19314656404097
2020-09-28 00:00:00,19314656404097
2020-09-29 00:00:00,19314656404097
2020-09-30 00:00:00,19314656404097
2020-10-01 00:00:00,19314656404097
2020-10-02 00:00:00,19314656404097
2020-10-03 00:00:00,19314656404097
2020-10-04 00:00:00,19300708897945.594
2020-10-05 00:00:00,19298087186263
2020-10-06 00:00:00,19298087186263
2020-10-07 00:00:00,19298087186263
2020-10-08 00:00:00,19298087186263
2020-10-09 00:00:00,19298087186263
2020-10-10 00:00:00,19298087186263
2020-10-11 00:00:00,19298087186263
2020-10-12 00:00:00,19298087186263
2020-10-13 00:00:00,19298087186263
2020-10-14 00:00:00,19298087186263
2020-10-15 00:00:00,19298087186263
2020-10-16 00:00:00,19298087186263
2020-10-17 00:00:00,19529685517635.715
2020-10-18 00:00:00,19997335994446
2020-10-19 00:00:00,19997335994446
2020-10-20 00:00:00,19997335994446
2020-10-21 00:00:00,19997335994446
2020-10-22 00:00:00,19997335994446
2020-10-23 00:00:00,19997335994446
2020-10-24 00:00:00,19997335994446
2020-10-25 00:00:00,19997335994446
2020-10-26 00:00:00,19997335994446
2020-10-27 00:00:00,19997335994446
2020-10-28 00:00:00,19997335994446
2020-10-29 00:00:00,19997335994446
2020-10-30 00:00:00,19997335994446
2020-10-31 00:00:00,19997335994446
2020-11-01 00:00:00,19997335994446
2020-11-01 23:00:00,19997335994446
2020-11-02 23:00:00,17865273539019.508
2020-11-03 23:00:00,16787779609933
2020-11-04 23:00:00,16787779609933
2020-11-05 23:00:00,16787779609933
2020-11-06 23:00:00,16787779609933
2020-11-07 23:00:00,16787779609933
2020-11-08 23:00:00,16787779609933
2020-11-09 23:00:00,16787779609933
2020-11-10 23:00:00,16787779609933
2020-11-11 23:00:00,16787779609933
2020-11-12 23:00:00,16787779609933
2020-11-13 23:00:00,16787779609933
2020-11-14 23:00:00,16787779609933
2020-11-15 23:00:00,17040598812944.875
2020-11-16 23:00:00,17596801059571
2020-11-17 23:00:00,17596801059571
2020-11-18 23:00:00,17596801059571
2020-11-19 23:00:00,17596801059571
2020-11-20 23:00:00,17596801059571
2020-11-21 23:00:00,17596801059571
2020-11-22 23:00:00,17596801059571
2020-11-23 23:00:00,17596801059571
2020-11-24 23:00:00,17596801059571
2020-11-25 23:00:00,17596801059571
2020-11-26 23:00:00,17596801059571
2020-11-27 23:00:00,17596801059571
2020-11-28 23:00:00,18158528379021.04
2020-11-29 23:00:00,19157154724710
2020-11-30 23:00:00,19157154724710
2020-12-01 23:00:00,19157154724710
2020-12-02 23:00:00,19157154724710
2020-12-03 23:00:00,19157154724710
2020-12-04 23:00:00,19157154724710
2020-12-05 23:00:00,19157154724710
2020-12-06 23:00:00,19157154724710
2020-12-07 23:00:00,19157154724710
2020-12-08 23:00:00,19157154724710
2020-12-09 23:00:00,19157154724710
2020-12-10 23:00:00,19157154724710
2020-12-11 23:00:00,19157154724710
2020-12-12 23:00:00,19144667899932.82
2020-12-13 23:00:00,18670168558400
2020-12-14 23:00:00,18670168558400
2020-12-15 23:00:00,18670168558400
2020-12-16 23:00:00,18670168558400
2020-12-17 23:00:00,18670168558400
2020-12-18 23:00:00,18670168558400
2020-12-19 23:00:00,18670168558400
2020-12-20 23:00:00,18670168558400
2020-12-21 23:00:00,18670168558400
2020-12-22 23:00:00,18670168558400
2020-12-23 23:00:00,18670168558400
2020-12-24 23:00:00,18670168558400
2020-12-25 23:00:00,18670168558400
2020-12-26 23:00:00,18670168558400
2020-12-27 23:00:00,18600034145237.133
2020-12-28 23:00:00,18599593048299
2020-12-29 23:00:00,18599593048299
2020-12-30 23:00:00,18599593048299
2020-12-31 23:00:00,18599593048299
2021-01-01 23:00:00,18599593048299
2021-01-02 23:00:00,18599593048299
2021-01-03 23:00:00,18599593048299
2021-01-04 23:00:00,18599593048299
2021-01-05 23:00:00,18599593048299
2021-01-06 23:00:00,18599593048299
2021-01-07 23:00:00,18599593048299
2021-01-08 23:00:00,19365166707094.76
2021-01-09 23:00:00,20607418304386
2021-01-10 23:00:00,20607418304386
2021-01-11 23:00:00,20607418304386
2021-01-12 23:00:00,20607418304386
2021-01-13 23:00:00,20607418304386
2021-01-14 23:00:00,20607418304386
2021-01-15 23:00:00,20607418304386
2021-01-16 23:00:00,20607418304386
2021-01-17 23:00:00,20607418304386
2021-01-18 23:00:00,20607418304386
2021-01-19 23:00:00,20607418304386
2021-01-20 23:00:00,20607418304386
2021-01-21 23:00:00,20607418304386
2021-01-22 23:00:00,20737086011821.6
2021-01-23 23:00:00,20823531150112
2021-01-24 23:00:00,20823531150112
2021-01-25 23:00:00,20823531150112
2021-01-26 23:00:00,20823531150112
2021-01-27 23:00:00,20823531150112
2021-01-28 23:00:00,20823531150112
2021-01-29 23:00:00,20823531150112
2021-01-30 23:00:00,20823531150112
2021-01-31 23:00:00,20823531150112
2021-02-01 23:00:00,20823531150112
2021-02-02 23:00:00,20823531150112
2021-02-03 23:00:00,20823531150112
2021-02-04 23:00:00,20823531150112
2021-02-05 23:00:00,21384451039675.535
2021-02-06 23:00:00,21434395961349
2021-02-07 23:00:00,21434395961349
2021-02-08 23:00:00,21434395961349
2021-02-09 23:00:00,21434395961349
2021-02-10 23:00:00,21434395961349
2021-02-11 23:00:00,21434395961349
2021-02-12 23:00:00,21434395961349
2021-02-13 23:00:00,21434395961349
2021-02-14 23:00:00,21434395961349
2021-02-15 23:00:00,21434395961349
2021-02-16 23:00:00,21434395961349
2021-02-17 23:00:00,21434395961349
2021-02-18 23:00:00,21455226865438.4
2021-02-19 23:00:00,21724134900047
2021-02-20 23:00:00,21724134900047
2021-02-21 23:00:00,21724134900047
2021-02-22 23:00:00,21724134900047
2021-02-23 23:00:00,21724134900047
2021-02-24 23:00:00,21724134900047
2021-02-25 23:00:00,21724134900047
2021-02-26 23:00:00,21724134900047
2021-02-27 23:00:00,21724134900047
2021-02-28 23:00:00,21724134900047
2021-03-01 23:00:00,21724134900047
2021-03-02 23:00:00,21724134900047
2021-03-03 23:00:00,21724134900047
2021-03-04 23:00:00,21724134900047
2021-03-05 23:00:00,21473685655440.383
2021-03-06 23:00:00,21448277761060
2021-03-07 23:00:00,21448277761060
2021-03-08 23:00:00,21448277761060
2021-03-09 23:00:00,21448277761060
2021-03-10 23:00:00,21448277761060
2021-03-11 23:00:00,21448277761060
2021-03-12 23:00:00,21448277761060
2021-03-13 23:00:00,21448277761060
2021-03-15 00:00:00,21448277761060
2021-03-16 00:00:00,21448277761060
2021-03-17 00:00:00,21448277761060
2021-03-18 00:00:00,21448277761060
2021-03-19 00:00:00,21524403218194.305
2021-03-20 00:00:00,21865558044611
2021-03-21 00:00:00,21865558044611
2021-03-22 00:00:00,21865558044611
2021-03-23 00:00:00,21865558044611
2021-03-24 00:00:00,21865558044611
2021-03-25 00:00:00,21865558044611
2021-03-26 00:00:00,21865558044611
2021-03-27 00:00:00,21865558044611
2021-03-28 00:00:00,21865558044611
2021-03-29 00:00:00,21865558044611
2021-03-30 00:00:00,21865558044611
2021-03-31 00:00:00,21865558044611
2021-04-01 00:00:00,21865558044611
2021-04-02 00:00:00,23064760716651.37
2021-04-03 00:00:00,23137439666472
2021-04-04 00:00:00,23137439666472
2021-04-05 00:00:00,23137439666472
2021-04-06 00:00:00,23137439666472
2021-04-07 00:00:00,23137439666472
2021-04-08 00:00:00,23137439666472
2021-04-09 00:00:00,23137439666472
2021-04-10 00:00:00,23137439666472
2021-04-11 00:00:00,23137439666472
2021-04-12 00:00:00,23137439666472
2021-04-13 00:00:00,23137439666472
2021-04-14 00:00:00,23137439666472
2021-04-15 00:00:00,23217560568175.21
2021-04-16 00:00:00,23581981443664
2021-04-17 00:00:00,23581981443664
2021-04-18 00:00:00,23581981443664
2021-04-19 00:00:00,23581981443664
2021-04-20 00:00:00,23581981443664
2021-04-21 00:00:00,23581981443664
2021-04-22 00:00:00,23581981443664
2021-04-23 00:00:00,23581981443664
2021-04-24 00:00:00,23581981443664
2021-04-25 00:00:00,23581981443664
2021-04-26 00:00:00,23581981443664
2021-04-27 00:00:00,23581981443664
2021-04-28 00:00:00,23581981443664
2021-04-29 00:00:00,23581981443664
2021-04-30 00:00:00,23581981443664
2021-05-01 00:00:00,23004465874892.836
2021-05-02 00:00:00,20608845737768
2021-05-03 00:00:00,20608845737768
2021-05-04 00:00:00,20608845737768
2021-05-05 00:00:00,20608845737768
2021-05-06 00:00:00,20608845737768
2021-05-07 00:00:00,20608845737768
2021-05-08 00:00:00,20608845737768
2021-05-09 00:00:00,20608845737768
2021-05-10 00:00:00,20608845737768
2021-05-11 00:00:00,20608845737768
2021-05-12 00:00:00,20608845737768
2021-05-13 00:00:00,23227330060562.566
2021-05-14 00:00:00,25046487590083
2021-05-15 00:00:00,25046487590083
2021-05-16 00:00:00,25046487590083
2021-05-17 00:00:00,25046487590083
2021-05-18 00:00:00,25046487590083
2021-05-19 00:00:00,25046487590083
2021-05-20 00:00:00,25046487590083
2021-05-21 00:00:00,25046487590083
2021-05-22 00:00:00,25046487590083
2021-05-23 00:00:00,25046487590083
2021-05-24 00:00:00,25046487590083
2021-05-25 00:00:00,25046487590083
2021-05-26 00:00:00,25046487590083
2021-05-27 00:00:00,25046487590083
2021-05-28 00:00:00,25046487590083
2021-05-29 00:00:00,25046487590083
2021-05-30 00:00:00,21214345448186.625
2021-05-31 00:00:00,21047730572452
2021-06-01 00:00:00,21047730572452
2021-06-02 00:00:00,21047730572452
2021-06-03 00:00:00,21047730572452
2021-06-04 00:00:00,21047730572452
2021-06-05 00:00:00,21047730572452
2021-06-06 00:00:00,21047730572452
2021-06-07 00:00:00,21047730572452
2021-06-08 00:00:00,21047730572452
2021-06-09 00:00:00,21047730572452
2021-06-10 00:00:00,21047730572452
2021-06-11 00:00:00,21047730572452
2021-06-12 00:00:00,21047730572452
2021-06-13 00:00:00,20836567779802.566
2021-06-14 00:00:00,19932791027263
2021-06-15 00:00:00,19932791027263
2021-06-16 00:00:00,19932791027263
2021-06-17 00:00:00,19932791027263
2021-06-18 00:00:00,19932791027263
2021-06-19 00:00:00,19932791027263
2021-06-20 00:00:00,19932791027263
2021-06-21 00:00:00,19932791027263
2021-06-22 00:00:00,19932791027263
2021-06-23 00:00:00,19932791027263
2021-06-24 00:00:00,19932791027263
2021-06-25 00:00:00,19932791027263
2021-06-26 00:00:00,19932791027263
2021-06-27 00:00:00,19932791027263
2021-06-28 00:00:00,19932791027263
2021-06-29 00:00:00,19932791027263
2021-06-30 00:00:00,19932791027263
2021-07-01 00:00:00,19932791027263
2021-07-02 00:00:00,19932791027263
2021-07-03 00:00:00,15634861856766.197
2021-07-04 00:00:00,14363025673660
2021-07-05 00:00:00,14363025673660
2021-07-06 00:00:00,14363025673660
2021-07-07 00:00:00,14363025673660
2021-07-08 00:00:00,14363025673660
2021-07-09 00:00:00,14363025673660
2021-07-10 00:00:00,14363025673660
2021-07-11 00:00:00,14363025673660
2021-07-12 00:00:00,14363025673660
2021-07-13 00:00:00,14363025673660
2021-07-14 00:00:00,14363025673660
2021-07-15 00:00:00,14363025673660
2021-07-16 00:00:00,14363025673660
2021-07-17 00:00:00,14348541098817.076
2021-07-18 00:00:00,13672594272814
2021-07-19 00:00:00,13672594272814
2021-07-20 00:00:00,13672594272814
2021-07-21 00:00:00,13672594272814
2021-07-22 00:00:00,13672594272814
2021-07-23 00:00:00,13672594272814
2021-07-24 00:00:00,13672594272814
2021-07-25 00:00:00,13672594272814
2021-07-26 00:00:00,13672594272814
2021-07-27 00:00:00,13672594272814
2021-07-28 00:00:00,13672594272814
2021-07-29 00:00:00,13672594272814
2021-07-30 00:00:00,13672594272814
2021-07-31 00:00:00,14319158983942.734
2021-08-01 00:00:00,14496442856349
2021-08-02 00:00:00,14496442856349
2021-08-03 00:00:00,14496442856349
2021-08-04 00:00:00,14496442856349
2021-08-05 00:00:00,14496442856349
2021-08-06 00:00:00,14496442856349
2021-08-07 00:00:00,14496442856349
2021-08-08 00:00:00,14496442856349
2021-08-09 00:00:00,14496442856349
2021-08-10 00:00:00,14496442856349
2021-08-11 00:00:00,14496442856349
2021-08-12 00:00:00,14496442856349
2021-08-13 00:00:00,15324761487407.408
2021-08-14 00:00:00,15556093717703
2021-08-15 00:00:00,15556093717703
2021-08-16 00:00:00,15556093717703
2021-08-17 00:00:00,15556093717703
2021-08-18 00:00:00,15556093717703
2021-08-19 00:00:00,15556093717703
2021-08-20 00:00:00,15556093717703
2021-08-21 00:00:00,15556093717703
2021-08-22 00:00:00,15556093717703
2021-08-23 00:00:00,15556093717703
2021-08-24 00:00:00,15556093717703
2021-08-25 00:00:00,16431142929372.8
2021-08-26 00:00:00,17615033039279
2021-08-27 00:00:00,17615033039279
2021-08-28 00:00:00,17615033039279
2021-08-29 00:00:00,17615033039279
2021-08-30 00:00:00,17615033039279
2021-08-31 00:00:00,17615033039279
2021-09-01 00:00:00,17615033039279
2021-09-02 00:00:00,17615033039279
2021-09-03 00:00:00,17615033039279
2021-09-04 00:00:00,17615033039279
2021-09-05 00:00:00,17615033039279
2021-09-06 00:00:00,17615033039279
2021-09-07 00:00:00,17615033039279
2021-09-08 00:00:00,18403887482923.086
2021-09-09 00:00:00,18415156832118
2021-09-10 00:00:00,18415156832118
2021-09-11 00:00:00,18415156832118
2021-09-12 00:00:00,18415156832118
2021-09-13 00:00:00,18415156832118
2021-09-14 00:00:00,18415156832118
2021-09-15 00:00:00,18415156832118
2021-09-16 00:00:00,18415156832118
2021-09-17 00:00:00,18415156832118
2021-09-18 00:00:00,18415156832118
2021-09-19 00:00:00,18415156832118
2021-09-20 00:00:00,18415156832118
2021-09-21 00:00:00,18632996500113.82
2021-09-22 00:00:00,18997641161759
2021-09-23 00:00:00,18997641161759
2021-09-24 00:00:00,18997641161759
2021-09-25 00:00:00,18997641161759
2021-09-26 00:00:00,18997641161759
2021-09-27 00:00:00,18997641161759
2021-09-28 00:00:00,18997641161759
2021-09-29 00:00:00,18997641161759
2021-09-30 00:00:00,18997641161759
2021-10-01 00:00:00,18997641161759
2021-10-02 00:00:00,18997641161759
2021-10-03 00:00:00,18997641161759
2021-10-04 00:00:00,19009120698769.46
2021-10-05 00:00:00,19893045048575
2021-10-06 00:00:00,19893045048575
2021-10-07 00:00:00,19893045048575
2021-10-08 00:00:00,19893045048575
2021-10-09 00:00:00,19893045048575
2021-10-10 00:00:00,19893045048575
2021-10-11 00:00:00,19893045048575
2021-10-12 00:00:00,19893045048575
2021-10-13 00:00:00,19893045048575
2021-10-14 00:00:00,19893045048575
2021-10-15 00:00:00,19893045048575
2021-10-16 00:00:00,19893045048575
2021-10-17 00:00:00,19893045048575
2021-10-18 00:00:00,19917361849675.434
2021-10-19 00:00:00,20082460130831
2021-10-20 00:00:00,20082460130831
2021-10-21 00:00:00,20082460130831
2021-10-22 00:00:00,20082460130831
2021-10-23 00:00:00,20082460130831
2021-10-24 00:00:00,20082460130831
2021-10-25 00:00:00,20082460130831
2021-10-26 00:00:00,20082460130831
2021-10-27 00:00:00,20082460130831
2021-10-28 00:00:00,20082460130831
2021-10-29 00:00:00,20082460130831
2021-10-30 00:00:00,20082460130831
2021-10-31 00:00:00,20286661027549.07
2021-11-01 00:00:00,21659344833265
2021-11-02 00:00:00,21659344833265
2021-11-03 00:00:00,21659344833265
2021-11-04 00:00:00,21659344833265
2021-11-05 00:00:00,21659344833265
2021-11-06 00:00:00,21659344833265
2021-11-07 00:00:00,21659344833265
2021-11-07 23:00:00,21659344833265
2021-11-08 23:00:00,21659344833265
2021-11-09 23:00:00,21659344833265
2021-11-10 23:00:00,21659344833265
2021-11-11 23:00:00,21659344833265
2021-11-12 23:00:00,21659344833265
2021-11-13 23:00:00,22434990744236.72
2021-11-14 23:00:00,22674148233453
2021-11-15 23:00:00,22674148233453
2021-11-16 23:00:00,22674148233453
2021-11-17 23:00:00,22674148233453
2021-11-18 23:00:00,22674148233453
2021-11-19 23:00:00,22674148233453
2021-11-20 23:00:00,22674148233453
2021-11-21 23:00:00,22674148233453
2021-11-22 23:00:00,22674148233453
2021-11-23 23:00:00,22674148233453
2021-11-24 23:00:00,22674148233453
2021-11-25 23:00:00,22674148233453
2021-11-26 23:00:00,22674148233453
2021-11-27 23:00:00,22464723406485.65
2021-11-28 23:00:00,22335659268936
2021-11-29 23:00:00,22335659268936
2021-11-30 23:00:00,22335659268936
2021-12-01 23:00:00,22335659268936
2021-12-02 23:00:00,22335659268936
2021-12-03 23:00:00,22335659268936
2021-12-04 23:00:00,22335659268936
2021-12-05 23:00:00,22335659268936
2021-12-06 23:00:00,22335659268936
2021-12-07 23:00:00,22335659268936
2021-12-08 23:00:00,22335659268936
2021-12-09 23:00:00,22335659268936
2021-12-10 23:00:00,23468677477375.574
2021-12-11 23:00:00,24195286980614
2021-12-12 23:00:00,24195286980614
2021-12-13 23:00:00,24195286980614
2021-12-14 23:00:00,24195286980614
2021-12-15 23:00:00,24195286980614
2021-12-16 23:00:00,24195286980614
2021-12-17 23:00:00,24195286980614
2021-12-18 23:00:00,24195286980614
2021-12-19 23:00:00,24195286980614
2021-12-20 23:00:00,24195286980614
2021-12-21 23:00:00,24195286980614
2021-12-22 23:00:00,24195286980614
2021-12-23 23:00:00,24195286980614
2021-12-24 23:00:00,24242457398797.266
2021-12-25 23:00:00,24272331996980
2021-12-26 23:00:00,24272331996980
2021-12-27 23:00:00,24272331996980
2021-12-28 23:00:00,24272331996980
2021-12-29 23:00:00,24272331996980
2021-12-30 23:00:00,24272331996980
2021-12-31 23:00:00,24272331996980
2022-01-01 23:00:00,24272331996980
2022-01-02 23:00:00,24272331996980
2022-01-03 23:00:00,24272331996980
2022-01-04 23:00:00,24272331996980
2022-01-05 23:00:00,24272331996980
2022-01-06 23:00:00,24272331996980
2022-01-07 23:00:00,24341458814595.277
2022-01-08 23:00:00,24371874614346
2022-01-09 23:00:00,24371874614346
2022-01-10 23:00:00,24371874614346
2022-01-11 23:00:00,24371874614346
2022-01-12 23:00:00,24371874614346
2022-01-13 23:00:00,24371874614346
2022-01-14 23:00:00,24371874614346
2022-01-15 23:00:00,24371874614346
2022-01-16 23:00:00,24371874614346
2022-01-17 23:00:00,24371874614346
2022-01-18 23:00:00,24371874614346
2022-01-19 23:00:00,24371874614346
2022-01-20 23:00:00,26338083826987.223
2022-01-21 23:00:00,26643185256535
2022-01-22 23:00:00,26643185256535
2022-01-23 23:00:00,26643185256535
2022-01-24 23:00:00,26643185256535
2022-01-25 23:00:00,26643185256535
2022-01-26 23:00:00,26643185256535
2022-01-27 23:00:00,26643185256535
2022-01-28 23:00:00,26643185256535
2022-01-29 23:00:00,26643185256535
2022-01-30 23:00:00,26643185256535
2022-01-31 23:00:00,26643185256535
2022-02-01 23:00:00,26643185256535
2022-02-02 23:00:00,26643185256535
2022-02-03 23:00:00,26684698822068.03
2022-02-04 23:00:00,26690525287406
2022-02-05 23:00:00,26690525287406
2022-02-06 23:00:00,26690525287406
2022-02-07 23:00:00,26690525287406
2022-02-08 23:00:00,26690525287406
2022-02-09 23:00:00,26690525287406
2022-02-10 23:00:00,26690525287406
2022-02-11 23:00:00,26690525287406
2022-02-12 23:00:00,26690525287406
2022-02-13 23:00:00,26690525287406
2022-02-14 23:00:00,26690525287406
2022-02-15 23:00:00,26690525287406
2022-02-16 23:00:00,27324773218056.85
2022-02-17 23:00:00,27967152532434
2022-02-18 23:00:00,27967152532434
2022-02-19 23:00:00,27967152532434
2022-02-20 23:00:00,27967152532434
2022-02-21 23:00:00,27967152532434
2022-02-22 23:00:00,27967152532434
2022-02-23 23:00:00,27967152532434
2022-02-24 23:00:00,27967152532434
2022-02-25 23:00:00,27967152532434
2022-02-26 23:00:00,27967152532434
2022-02-27 23:00:00,27967152532434
2022-02-28 23:00:00,27967152532434
2022-03-01 23:00:00,27967152532434
2022-03-02 23:00:00,27851682002895.555
2022-03-03 23:00:00,27550332084344
2022-03-04 23:00:00,27550332084344
2022-03-05 23:00:00,27550332084344
2022-03-06 23:00:00,27550332084344
2022-03-07 23:00:00,27550332084344
2022-03-08 23:00:00,27550332084344
2022-03-09 23:00:00,27550332084344
2022-03-10 23:00:00,27550332084344
2022-03-11 23:00:00,27550332084344
2022-03-12 23:00:00,27550332084344
2022-03-14 00:00:00,27550332084344
2022-03-15 00:00:00,27550332084344
2022-03-16 00:00:00,27550332084344
2022-03-17 00:00:00,27520860571022.34
2022-03-18 00:00:00,27452707696466
2022-03-19 00:00:00,27452707696466
2022-03-20 00:00:00,27452707696466
2022-03-21 00:00:00,27452707696466
2022-03-22 00:00:00,27452707696466
2022-03-23 00:00:00,27452707696466
2022-03-24 00:00:00,27452707696466
2022-03-25 00:00:00,27452707696466
2022-03-26 00:00:00,27452707696466
2022-03-27 00:00:00,27452707696466
2022-03-28 00:00:00,27452707696466
2022-03-29 00:00:00,27452707696466
2022-03-30 00:00:00,27452707696466
2022-03-31 00:00:00,28315874718216.324
2022-04-01 00:00:00,28587155782195
2022-04-02 00:00:00,28587155782195
2022-04-03 00:00:00,28587155782195
2022-04-04 00:00:00,28587155782195
2022-04-05 00:00:00,28587155782195
2022-04-06 00:00:00,28587155782195
2022-04-07 00:00:00,28587155782195
2022-04-08 00:00:00,28587155782195
2022-04-09 00:00:00,28587155782195
2022-04-10 00:00:00,28587155782195
2022-04-11 00:00:00,28587155782195
2022-04-12 00:00:00,28587155782195
2022-04-13 00:00:00,28587155782195
2022-04-14 00:00:00,28351572544596.74
2022-04-15 00:00:00,28225928151211
2022-04-16 00:00:00,28225928151211
2022-04-17 00:00:00,28225928151211
2022-04-18 00:00:00,28225928151211
2022-04-19 00:00:00,28225928151211