Timestamp,mempool-growth
2022-03-21 15:45:00,1363.0333333333333
2022-03-21 16:15:00,1220.9166666666667
2022-03-21 16:45:00,1277.8166666666666
2022-03-21 17:15:00,1231.3666666666666
2022-03-21 17:45:00,1043.2333333333333
2022-03-21 18:15:00,1316.2
2022-03-21 18:45:00,1240.9833333333333
2022-03-21 19:15:00,1273.7666666666667
2022-03-21 19:45:00,1077.9
2022-03-21 20:15:00,1765.3
2022-03-21 20:45:00,1150.9833333333333
2022-03-21 21:15:00,1242.65
2022-03-21 21:45:00,1269.5166666666667
2022-03-21 22:15:00,1220.2666666666667
2022-03-21 22:45:00,777.25
2022-03-21 23:15:00,812.7833333333333
2022-03-21 23:45:00,913.95
2022-03-22 00:15:00,742.1333333333333
2022-03-22 00:45:00,751.55
2022-03-22 01:15:00,676.9333333333333
2022-03-22 01:45:00,755.2833333333333
2022-03-22 02:15:00,716.7166666666667
2022-03-22 02:45:00,655.5666666666667
2022-03-22 03:15:00,702.8666666666667
2022-03-22 03:45:00,617.2166666666667
2022-03-22 04:15:00,558.4833333333333
2022-03-22 04:45:00,2137.3333333333335
2022-03-22 05:15:00,869.2666666666667
2022-03-22 05:45:00,806.6
2022-03-22 06:15:00,1086.7
2022-03-22 06:45:00,1124
2022-03-22 07:15:00,922.65
2022-03-22 07:45:00,880.8
2022-03-22 08:15:00,956.7166666666667
2022-03-22 08:45:00,898.9833333333333
2022-03-22 09:15:00,1089.7333333333333
2022-03-22 09:45:00,883.55
2022-03-22 10:15:00,1229.2333333333333
2022-03-22 10:45:00,938.1666666666666
2022-03-22 11:15:00,1132.0166666666667
2022-03-22 11:45:00,1180.05
2022-03-22 12:15:00,1142
2022-03-22 12:45:00,1102.1666666666667
2022-03-22 13:15:00,1910.95
2022-03-22 13:45:00,2964.8166666666666
2022-03-22 14:15:00,1719.0666666666666
2022-03-22 14:45:00,1359.05
2022-03-22 15:15:00,1341.55
2022-03-22 15:45:00,1028.4833333333333
2022-03-22 16:15:00,1549.6166666666666
2022-03-22 16:45:00,1202.2333333333333
2022-03-22 17:15:00,1111.5833333333333
2022-03-22 17:45:00,1154.8166666666666
2022-03-22 18:15:00,1158.7833333333333
2022-03-22 18:45:00,1053.0166666666667
2022-03-22 19:15:00,1158.2
2022-03-22 19:45:00,1045.9333333333334
2022-03-22 20:15:00,1098.85
2022-03-22 20:45:00,1145.1166666666666
2022-03-22 21:15:00,797.6166666666667
2022-03-22 21:45:00,905.15
2022-03-22 22:15:00,880.4666666666667
2022-03-22 22:45:00,806.9833333333333
2022-03-22 23:15:00,880.7
2022-03-22 23:45:00,829.2
2022-03-23 00:15:00,806.4166666666666
2022-03-23 00:45:00,899.75
2022-03-23 01:15:00,1042.2333333333333
2022-03-23 01:45:00,716.4333333333333
2022-03-23 02:15:00,672.7666666666667
2022-03-23 02:45:00,655.7
2022-03-23 03:15:00,446.6666666666667
2022-03-23 03:45:00,654.3333333333334
2022-03-23 04:15:00,1732.5166666666667
2022-03-23 04:45:00,627.0166666666667
2022-03-23 05:15:00,710.3666666666667
2022-03-23 05:45:00,544.3833333333333
2022-03-23 06:15:00,704.8166666666667
2022-03-23 06:45:00,760.5166666666667
2022-03-23 07:15:00,875.4833333333333
2022-03-23 07:45:00,726.3
2022-03-23 08:15:00,765.9
2022-03-23 08:45:00,876.4833333333333
2022-03-23 09:15:00,896.95
2022-03-23 09:45:00,749.9333333333333
2022-03-23 10:15:00,1012.3833333333333
2022-03-23 10:45:00,943.1833333333333
2022-03-23 11:15:00,1191.5
2022-03-23 11:45:00,1289.0666666666666
2022-03-23 12:15:00,1049.5166666666667
2022-03-23 12:45:00,1110.2666666666667
2022-03-23 13:15:00,1504.5333333333333
2022-03-23 13:45:00,1045.2333333333333
2022-03-23 14:15:00,1238.7333333333333
2022-03-23 14:45:00,1804.6166666666666
2022-03-23 15:15:00,1453.3666666666666
2022-03-23 15:45:00,1533.05
2022-03-23 16:15:00,1302.0166666666667
2022-03-23 16:45:00,1338.3333333333333
2022-03-23 17:15:00,1259.7166666666667
2022-03-23 17:45:00,1231.9333333333334
2022-03-23 18:15:00,1139.8833333333334
2022-03-23 18:45:00,1234.75
2022-03-23 19:15:00,1241.6333333333334
2022-03-23 19:45:00,985.8666666666667
2022-03-23 20:15:00,984.25
2022-03-23 20:45:00,1225.8333333333333
2022-03-23 21:15:00,1044.4166666666667
2022-03-23 21:45:00,1060.25
2022-03-23 22:15:00,929.6333333333333
2022-03-23 22:45:00,1266.3166666666666
2022-03-23 23:15:00,799.55
2022-03-23 23:45:00,917.25
2022-03-24 00:15:00,937.6166666666667
2022-03-24 00:45:00,926.3333333333334
2022-03-24 01:15:00,834.2666666666667
2022-03-24 01:45:00,795.65
2022-03-24 02:15:00,656.8666666666667
2022-03-24 02:45:00,763.1833333333333
2022-03-24 03:15:00,637.4333333333333
2022-03-24 03:45:00,724.4333333333333
2022-03-24 04:15:00,678.4666666666667
2022-03-24 04:45:00,900.7
2022-03-24 05:15:00,645
2022-03-24 05:45:00,609.6666666666666
2022-03-24 06:15:00,779.1166666666667
2022-03-24 06:45:00,855.4666666666667
2022-03-24 07:15:00,999.1
2022-03-24 07:45:00,1098.7166666666667
2022-03-24 08:15:00,1203.55
2022-03-24 08:45:00,1103.85
2022-03-24 09:15:00,956.3666666666667
2022-03-24 09:45:00,961.1
2022-03-24 10:15:00,1065.6333333333334
2022-03-24 10:45:00,916.45
2022-03-24 11:15:00,820.6333333333333
2022-03-24 11:45:00,993.9833333333333
2022-03-24 12:15:00,1107.0666666666666
2022-03-24 12:45:00,983.8833333333333
2022-03-24 13:15:00,1251.7666666666667
2022-03-24 13:45:00,1173.8666666666666
2022-03-24 14:15:00,2263.75
2022-03-24 14:45:00,1173.7
2022-03-24 15:15:00,1416.3833333333334
2022-03-24 15:45:00,1327.55
2022-03-24 16:15:00,1564.1666666666667
2022-03-24 16:45:00,1553.9833333333333
2022-03-24 17:15:00,1175.0333333333333
2022-03-24 17:45:00,1656.35
2022-03-24 18:15:00,1340.85
2022-03-24 18:45:00,1658.8666666666666
2022-03-24 19:15:00,1152.2
2022-03-24 19:45:00,1133.5833333333333
2022-03-24 20:15:00,1315.3
2022-03-24 20:45:00,1129.2166666666667
2022-03-24 21:15:00,1111.8333333333333
2022-03-24 21:45:00,1132.35
2022-03-24 22:15:00,1124.0666666666666
2022-03-24 22:45:00,966.85
2022-03-24 23:15:00,922.2833333333333
2022-03-24 23:45:00,700.3
2022-03-25 00:15:00,724.7
2022-03-25 00:45:00,832.7666666666667
2022-03-25 01:15:00,797.3833333333333
2022-03-25 01:45:00,685.6333333333333
2022-03-25 02:15:00,695.2333333333333
2022-03-25 02:45:00,883.75
2022-03-25 03:15:00,840.05
2022-03-25 03:45:00,694.0166666666667
2022-03-25 04:15:00,803.9
2022-03-25 04:45:00,866.0833333333334
2022-03-25 05:15:00,680.9666666666667
2022-03-25 05:45:00,802.1333333333333
2022-03-25 06:15:00,895.45
2022-03-25 06:45:00,824.45
2022-03-25 07:15:00,849.5333333333333
2022-03-25 07:45:00,997.95
2022-03-25 08:15:00,1209.9166666666667
2022-03-25 08:45:00,1284.0166666666667
2022-03-25 09:15:00,880.4833333333333
2022-03-25 09:45:00,989.5666666666667
2022-03-25 10:15:00,934.6833333333333
2022-03-25 10:45:00,1106.4666666666667
2022-03-25 11:15:00,1332.4666666666667
2022-03-25 11:45:00,1335.2666666666667
2022-03-25 12:15:00,1270.75
2022-03-25 12:45:00,1211.75
2022-03-25 13:15:00,1331.0833333333333
2022-03-25 13:45:00,1490.3166666666666
2022-03-25 14:15:00,1797.2833333333333
2022-03-25 14:45:00,1290.15
2022-03-25 15:15:00,1284.65
2022-03-25 15:45:00,1394.0333333333333
2022-03-25 16:15:00,1603.1166666666666
2022-03-25 16:45:00,1484.65
2022-03-25 17:15:00,1263
2022-03-25 17:45:00,1297.5333333333333
2022-03-25 18:15:00,1218.1833333333334
2022-03-25 18:45:00,1024.7833333333333
2022-03-25 19:15:00,1750.7833333333333
2022-03-25 19:45:00,1324.65
2022-03-25 20:15:00,1280.2833333333333
2022-03-25 20:45:00,965.7833333333333
2022-03-25 21:15:00,1111.0833333333333
2022-03-25 21:45:00,1630.7333333333333
2022-03-25 22:15:00,981.6
2022-03-25 22:45:00,789.7
2022-03-25 23:15:00,959.1666666666666
2022-03-25 23:45:00,854.2666666666667
2022-03-26 00:15:00,635.55
2022-03-26 00:45:00,767.05
2022-03-26 01:15:00,834.3833333333333
2022-03-26 01:45:00,945.2666666666667
2022-03-26 02:15:00,651.3833333333333
2022-03-26 02:45:00,492.53333333333336
2022-03-26 03:15:00,749.8833333333333
2022-03-26 03:45:00,571.3666666666667
2022-03-26 04:15:00,748.9166666666666
2022-03-26 04:45:00,1103.9333333333334
2022-03-26 05:15:00,879.5666666666667
2022-03-26 05:45:00,690.9833333333333
2022-03-26 06:15:00,564.2833333333333
2022-03-26 06:45:00,887.9666666666667
2022-03-26 07:15:00,716.1833333333333
2022-03-26 07:45:00,699.8
2022-03-26 08:15:00,777.5666666666667
2022-03-26 08:45:00,754.3333333333334
2022-03-26 09:15:00,755.8666666666667
2022-03-26 09:45:00,856.85
2022-03-26 10:15:00,738.3333333333334
2022-03-26 10:45:00,811.0666666666667
2022-03-26 11:15:00,808.9333333333333
2022-03-26 11:45:00,946.9833333333333
2022-03-26 12:15:00,838.95
2022-03-26 12:45:00,1230
2022-03-26 13:15:00,988.3333333333334
2022-03-26 13:45:00,1070.55
2022-03-26 14:15:00,994.9333333333333
2022-03-26 14:45:00,908.4166666666666
2022-03-26 15:15:00,999.0333333333333
2022-03-26 15:45:00,1200.4
2022-03-26 16:15:00,1029.3333333333333
2022-03-26 16:45:00,1192.1666666666667
2022-03-26 17:15:00,1091.7666666666667
2022-03-26 17:45:00,1061.75
2022-03-26 18:15:00,1035.9
2022-03-26 18:45:00,1046.0666666666666
2022-03-26 19:15:00,930.8666666666667
2022-03-26 19:45:00,1018.3666666666667
2022-03-26 20:15:00,2108.4333333333334
2022-03-26 20:45:00,830.7333333333333
2022-03-26 21:15:00,934.6833333333333
2022-03-26 21:45:00,898.1166666666667
2022-03-26 22:15:00,884.5833333333334
2022-03-26 22:45:00,944.6833333333333
2022-03-26 23:15:00,835.3
2022-03-26 23:45:00,740.9
2022-03-27 00:15:00,908.4166666666666
2022-03-27 00:45:00,700.1833333333333
2022-03-27 01:15:00,578.9166666666666
2022-03-27 01:45:00,595.5166666666667
2022-03-27 02:15:00,576.1166666666667
2022-03-27 02:45:00,694.6166666666667
2022-03-27 03:15:00,580.9166666666666
2022-03-27 03:45:00,597.1166666666667
2022-03-27 04:15:00,751.8
2022-03-27 04:45:00,667.5333333333333
2022-03-27 05:15:00,576.4333333333333
2022-03-27 05:45:00,717.7
2022-03-27 06:15:00,698.4666666666667
2022-03-27 06:45:00,680.85
2022-03-27 07:15:00,761
2022-03-27 07:45:00,852.8833333333333
2022-03-27 08:15:00,645.1666666666666
2022-03-27 08:45:00,860.15
2022-03-27 09:15:00,752.95
2022-03-27 09:45:00,864.8333333333334
2022-03-27 10:15:00,1006.75
2022-03-27 10:45:00,790.6
2022-03-27 11:15:00,750.9833333333333
2022-03-27 11:45:00,754.5666666666667
2022-03-27 12:15:00,775.8833333333333
2022-03-27 12:45:00,869.1
2022-03-27 13:15:00,957.1833333333333
2022-03-27 13:45:00,1342.9333333333334
2022-03-27 14:15:00,904.65
2022-03-27 14:45:00,794.3666666666667
2022-03-27 15:15:00,1069.8666666666666
2022-03-27 15:45:00,932.2
2022-03-27 16:15:00,973.75
2022-03-27 16:45:00,911.2333333333333
2022-03-27 17:15:00,849.6666666666666
2022-03-27 17:45:00,1061.5
2022-03-27 18:15:00,945.0833333333334
2022-03-27 18:45:00,1146.9833333333333
2022-03-27 19:15:00,977.9
2022-03-27 19:45:00,931.7333333333333
2022-03-27 20:15:00,1720.95
2022-03-27 20:45:00,991.1
2022-03-27 21:15:00,1002.3166666666667
2022-03-27 21:45:00,846.7333333333333
2022-03-27 22:15:00,1127.95
2022-03-27 22:45:00,1105.9333333333334
2022-03-27 23:15:00,1066.5833333333333
2022-03-27 23:45:00,1214.4333333333334
2022-03-28 00:15:00,795.3666666666667
2022-03-28 00:45:00,895.2666666666667
2022-03-28 01:15:00,728.3333333333334
2022-03-28 01:45:00,863.5833333333334
2022-03-28 02:15:00,893.8166666666667
2022-03-28 02:45:00,551.3166666666667
2022-03-28 03:15:00,644.1
2022-03-28 03:45:00,719.9166666666666
2022-03-28 04:15:00,1391.9166666666667
2022-03-28 04:45:00,1125.4333333333334
2022-03-28 05:15:00,920.05
2022-03-28 05:45:00,910.9833333333333
2022-03-28 06:15:00,804.5333333333333
2022-03-28 06:45:00,1258.1
2022-03-28 07:15:00,1004.8833333333333
2022-03-28 07:45:00,959.3166666666667
2022-03-28 08:15:00,1171.5666666666666
2022-03-28 08:45:00,1088.55
2022-03-28 09:15:00,1174.1333333333334
2022-03-28 09:45:00,1196.7666666666667
2022-03-28 10:15:00,1188.85
2022-03-28 10:45:00,1015.1333333333333
2022-03-28 11:15:00,1495.0166666666667
2022-03-28 11:45:00,1225.55
2022-03-28 12:15:00,1665.6166666666666
2022-03-28 12:45:00,1454.7166666666667
2022-03-28 13:15:00,1615.4833333333333
2022-03-28 13:45:00,1451.7166666666667
2022-03-28 14:15:00,1749.25
2022-03-28 14:45:00,1363.0666666666666
2022-03-28 15:15:00,1773.6333333333334
2022-03-28 15:45:00,1530.25
2022-03-28 16:15:00,1340.7166666666667
2022-03-28 16:45:00,1831.9
2022-03-28 17:15:00,1701.4833333333333
2022-03-28 17:45:00,1313.3333333333333
2022-03-28 18:15:00,1570.65
2022-03-28 18:45:00,1219.0666666666666
2022-03-28 19:15:00,1320.95
2022-03-28 19:45:00,1340.7333333333333
2022-03-28 20:15:00,1378.2
2022-03-28 20:45:00,1544.5166666666667
2022-03-28 21:15:00,1204.3
2022-03-28 21:45:00,1215.95
2022-03-28 22:15:00,1108.5666666666666
2022-03-28 22:45:00,1013.7833333333333
2022-03-28 23:15:00,967.3833333333333
2022-03-28 23:45:00,858.6833333333333
2022-03-29 00:15:00,1531.9
2022-03-29 00:45:00,807.4833333333333
2022-03-29 01:15:00,760
2022-03-29 01:45:00,672.5833333333334
2022-03-29 02:15:00,846.9666666666667
2022-03-29 02:45:00,922.0833333333334
2022-03-29 03:15:00,742.5166666666667
2022-03-29 03:45:00,1495.9166666666667
2022-03-29 04:15:00,821.9833333333333
2022-03-29 04:45:00,920.3333333333334
2022-03-29 05:15:00,793.8
2022-03-29 05:45:00,687.5
2022-03-29 06:15:00,1011.15
2022-03-29 06:45:00,874.9833333333333
2022-03-29 07:15:00,907.6833333333333
2022-03-29 07:45:00,964.85
2022-03-29 08:15:00,1030.1333333333334
2022-03-29 08:45:00,875.8666666666667
2022-03-29 09:15:00,1147.05
2022-03-29 09:45:00,1116.35
2022-03-29 10:15:00,863.5333333333333
2022-03-29 10:45:00,902.9833333333333
2022-03-29 11:15:00,1033.6166666666666
2022-03-29 11:45:00,1032.85
2022-03-29 12:15:00,1191.75
2022-03-29 12:45:00,1401.15
2022-03-29 13:15:00,1387.7
2022-03-29 13:45:00,1360.35
2022-03-29 14:15:00,1431.7833333333333
2022-03-29 14:45:00,1513
2022-03-29 15:15:00,1306.7666666666667
2022-03-29 15:45:00,1316.3166666666666
2022-03-29 16:15:00,1429.65
2022-03-29 16:45:00,1126.8666666666666
2022-03-29 17:15:00,1240.7833333333333
2022-03-29 17:45:00,1309.7
2022-03-29 18:15:00,1343.3666666666666
2022-03-29 18:45:00,1176.7666666666667
2022-03-29 19:15:00,1479.2833333333333
2022-03-29 19:45:00,1160.6166666666666
2022-03-29 20:15:00,1236.8166666666666
2022-03-29 20:45:00,1228.25
2022-03-29 21:15:00,1048.4333333333334
2022-03-29 21:45:00,1259.5666666666666
2022-03-29 22:15:00,1154.4166666666667
2022-03-29 22:45:00,1269.0833333333333
2022-03-29 23:15:00,1007.4333333333333
2022-03-29 23:45:00,849.0666666666667
2022-03-30 00:15:00,937.1333333333333
2022-03-30 00:45:00,812.3
2022-03-30 01:15:00,752.5
2022-03-30 01:45:00,833.4
2022-03-30 02:15:00,735.2
2022-03-30 02:45:00,759.5166666666667
2022-03-30 03:15:00,837.0333333333333
2022-03-30 03:45:00,832.65
2022-03-30 04:15:00,2028.65
2022-03-30 04:45:00,859.75
2022-03-30 05:15:00,709.7666666666667
2022-03-30 05:45:00,803.3666666666667
2022-03-30 06:15:00,844.95
2022-03-30 06:45:00,844.2166666666667
2022-03-30 07:15:00,947.8333333333334
2022-03-30 07:45:00,1181.0666666666666
2022-03-30 08:15:00,919.55
2022-03-30 08:45:00,1048.65
2022-03-30 09:15:00,960.5666666666667
2022-03-30 09:45:00,1135.0166666666667
2022-03-30 10:15:00,997.75
2022-03-30 10:45:00,1147.9833333333333
2022-03-30 11:15:00,1164.2333333333333
2022-03-30 11:45:00,955.3166666666667
2022-03-30 12:15:00,1146.6333333333334
2022-03-30 12:45:00,1285.5
2022-03-30 13:15:00,1345.6666666666667
2022-03-30 13:45:00,1226.3
2022-03-30 14:15:00,1252.1333333333334
2022-03-30 14:45:00,1148.8833333333334
2022-03-30 15:15:00,1717.5666666666666
2022-03-30 15:45:00,1231.3333333333333
2022-03-30 16:15:00,1598.9
2022-03-30 16:45:00,993.55
2022-03-30 17:15:00,1111.7833333333333
2022-03-30 17:45:00,1086.05
2022-03-30 18:15:00,1150.6
2022-03-30 18:45:00,1062.8
2022-03-30 19:15:00,1145.0666666666666
2022-03-30 19:45:00,1016.3666666666667
2022-03-30 20:15:00,1235.4833333333333
2022-03-30 20:45:00,1034.3833333333334
2022-03-30 21:15:00,1168.5666666666666
2022-03-30 21:45:00,1123.8
2022-03-30 22:15:00,1068.6166666666666
2022-03-30 22:45:00,1064.9166666666667
2022-03-30 23:15:00,892.1666666666666
2022-03-30 23:45:00,805.9833333333333
2022-03-31 00:15:00,885.0333333333333
2022-03-31 00:45:00,897.5
2022-03-31 01:15:00,622.65
2022-03-31 01:45:00,796.9
2022-03-31 02:15:00,682.3833333333333
2022-03-31 02:45:00,734.3833333333333
2022-03-31 03:15:00,883.8666666666667
2022-03-31 03:45:00,732.8333333333334
2022-03-31 04:15:00,1995.0833333333333
2022-03-31 04:45:00,837.9166666666666
2022-03-31 05:15:00,785.85
2022-03-31 05:45:00,725.55
2022-03-31 06:15:00,790.5666666666667
2022-03-31 06:45:00,874.9
2022-03-31 07:15:00,709.4333333333333
2022-03-31 07:45:00,1069.5
2022-03-31 08:15:00,951.7666666666667
2022-03-31 08:45:00,1134.1
2022-03-31 09:15:00,1183.0666666666666
2022-03-31 09:45:00,1157.45
2022-03-31 10:15:00,997.5833333333334
2022-03-31 10:45:00,1421.5833333333333
2022-03-31 11:15:00,1175.55
2022-03-31 11:45:00,1449.2
2022-03-31 12:15:00,1301.4
2022-03-31 12:45:00,1202.55
2022-03-31 13:15:00,1144.1166666666666
2022-03-31 13:45:00,1045.9666666666667
2022-03-31 14:15:00,1192.7333333333333
2022-03-31 14:45:00,1461.3333333333333
2022-03-31 15:15:00,1327.4666666666667
2022-03-31 15:45:00,1733.7166666666667
2022-03-31 16:15:00,1399
2022-03-31 16:45:00,1423.8833333333334
2022-03-31 17:15:00,1338.2333333333333
2022-03-31 17:45:00,1153.4833333333333
2022-03-31 18:15:00,1194.5166666666667
2022-03-31 18:45:00,1131.8833333333334
2022-03-31 19:15:00,1354.2
2022-03-31 19:45:00,1501.2333333333333
2022-03-31 20:15:00,1368.95
2022-03-31 20:45:00,1090.2
2022-03-31 21:15:00,999.4833333333333
2022-03-31 21:45:00,1070.7833333333333
2022-03-31 22:15:00,1159.0333333333333
2022-03-31 22:45:00,968.0666666666667
2022-03-31 23:15:00,1009.3833333333333
2022-03-31 23:45:00,866.5166666666667
2022-04-01 00:15:00,1018.3833333333333
2022-04-01 00:45:00,829.1833333333333
2022-04-01 01:15:00,772.8666666666667
2022-04-01 01:45:00,879.3833333333333
2022-04-01 02:15:00,858.1666666666666
2022-04-01 02:45:00,855.2833333333333
2022-04-01 03:15:00,1019.0833333333334
2022-04-01 03:45:00,871.75
2022-04-01 04:15:00,1222.1333333333334
2022-04-01 04:45:00,1263
2022-04-01 05:15:00,1085.5166666666667
2022-04-01 05:45:00,710.0166666666667
2022-04-01 06:15:00,1228.8666666666666
2022-04-01 06:45:00,958.15
2022-04-01 07:15:00,1047.5833333333333
2022-04-01 07:45:00,1069.45
2022-04-01 08:15:00,2106.4666666666667
2022-04-01 08:45:00,951.6333333333333
2022-04-01 09:15:00,1045.4666666666667
2022-04-01 09:45:00,1126.7833333333333
2022-04-01 10:15:00,956.6833333333333
2022-04-01 10:45:00,774.6166666666667
2022-04-01 11:15:00,1099.4333333333334
2022-04-01 11:45:00,1044.4666666666667
2022-04-01 12:15:00,2474.633333333333
2022-04-01 12:45:00,1693.3833333333334
2022-04-01 13:15:00,1483.65
2022-04-01 13:45:00,1254.9
2022-04-01 14:15:00,1764.8833333333334
2022-04-01 14:45:00,2095.733333333333
2022-04-01 15:15:00,1788.3
2022-04-01 15:45:00,1531.9
2022-04-01 16:15:00,1330.5666666666666
2022-04-01 16:45:00,1851.3666666666666
2022-04-01 17:15:00,1213.4666666666667
2022-04-01 17:45:00,1203.85
2022-04-01 18:15:00,1126.7333333333333
2022-04-01 18:45:00,1092.05
2022-04-01 19:15:00,1348.1833333333334
2022-04-01 19:45:00,1273.4
2022-04-01 20:15:00,1304.1166666666666
2022-04-01 20:45:00,1272.7333333333333
2022-04-01 21:15:00,1131.7833333333333
2022-04-01 21:45:00,1097.6333333333334
2022-04-01 22:15:00,941.8166666666667
2022-04-01 22:45:00,1025.1833333333334
2022-04-01 23:15:00,1037.3666666666666
2022-04-01 23:45:00,921.2
2022-04-02 00:15:00,1089.6166666666666
2022-04-02 00:45:00,712.2333333333333
2022-04-02 01:15:00,767.7166666666667
2022-04-02 01:45:00,832.35
2022-04-02 02:15:00,841.1666666666666
2022-04-02 02:45:00,786.15
2022-04-02 03:15:00,782.65
2022-04-02 03:45:00,667.6333333333333
2022-04-02 04:15:00,809.1
2022-04-02 04:45:00,910.7
2022-04-02 05:15:00,632.6833333333333
2022-04-02 05:45:00,779.9833333333333
2022-04-02 06:15:00,736.75
2022-04-02 06:45:00,723.85
2022-04-02 07:15:00,1056.8333333333333
2022-04-02 07:45:00,836.55
2022-04-02 08:15:00,808.4666666666667
2022-04-02 08:45:00,1014.5666666666667
2022-04-02 09:15:00,977.65
2022-04-02 09:45:00,785.9166666666666
2022-04-02 10:15:00,1014.6833333333333
2022-04-02 10:45:00,879.4333333333333
2022-04-02 11:15:00,772.2
2022-04-02 11:45:00,844.45
2022-04-02 12:15:00,1216.3833333333334
2022-04-02 12:45:00,782.6333333333333
2022-04-02 13:15:00,992.0333333333333
2022-04-02 13:45:00,1123.6833333333334
2022-04-02 14:15:00,1154.8
2022-04-02 14:45:00,1065.9
2022-04-02 15:15:00,995.3333333333334
2022-04-02 15:45:00,1349.55
2022-04-02 16:15:00,1254.2333333333333
2022-04-02 16:45:00,975.9
2022-04-02 17:15:00,1150.25
2022-04-02 17:45:00,1004.0166666666667
2022-04-02 18:15:00,1164.05
2022-04-02 18:45:00,977.9666666666667
2022-04-02 19:15:00,1142.6166666666666
2022-04-02 19:45:00,970.15
2022-04-02 20:15:00,947.45
2022-04-02 20:45:00,1048.9833333333333
2022-04-02 21:15:00,1035.7166666666667
2022-04-02 21:45:00,1009.1333333333333
2022-04-02 22:15:00,852.8333333333334
2022-04-02 22:45:00,783.0333333333333
2022-04-02 23:15:00,771.8333333333334
2022-04-02 23:45:00,663.1666666666666
2022-04-03 00:15:00,900.9
2022-04-03 00:45:00,736.5
2022-04-03 01:15:00,778.3666666666667
2022-04-03 01:45:00,701.0166666666667
2022-04-03 02:15:00,619.6833333333333
2022-04-03 02:45:00,515.9333333333333
2022-04-03 03:15:00,691.8166666666667
2022-04-03 03:45:00,636.1166666666667
2022-04-03 04:15:00,804.95
2022-04-03 04:45:00,866.7
2022-04-03 05:15:00,650.8833333333333
2022-04-03 05:45:00,649.5666666666667
2022-04-03 06:15:00,545.4166666666666
2022-04-03 06:45:00,575.05
2022-04-03 07:15:00,718.4166666666666
2022-04-03 07:45:00,772.2833333333333
2022-04-03 08:15:00,872.9666666666667
2022-04-03 08:45:00,662.0666666666667
2022-04-03 09:15:00,690.7333333333333
2022-04-03 09:45:00,752.55
2022-04-03 10:15:00,1726.9166666666667
2022-04-03 10:45:00,758.3333333333334
2022-04-03 11:15:00,699.65
2022-04-03 11:45:00,715.5666666666667
2022-04-03 12:15:00,790.15
2022-04-03 12:45:00,874.45
2022-04-03 13:15:00,1063.2833333333333
2022-04-03 13:45:00,853.6833333333333
2022-04-03 14:15:00,1009.7166666666667
2022-04-03 14:45:00,946.3166666666667
2022-04-03 15:15:00,942.2166666666667
2022-04-03 15:45:00,1213.0166666666667
2022-04-03 16:15:00,946.4
2022-04-03 16:45:00,858.7
2022-04-03 17:15:00,1029.9166666666667
2022-04-03 17:45:00,1117.1333333333334
2022-04-03 18:15:00,971.3
2022-04-03 18:45:00,1215.1166666666666
2022-04-03 19:15:00,835.6166666666667
2022-04-03 19:45:00,1023.6666666666666
2022-04-03 20:15:00,999.8666666666667
2022-04-03 20:45:00,1096.2666666666667
2022-04-03 21:15:00,782.3333333333334
2022-04-03 21:45:00,1216.7
2022-04-03 22:15:00,954
2022-04-03 22:45:00,967.45
2022-04-03 23:15:00,986.1333333333333
2022-04-03 23:45:00,801.5
2022-04-04 00:15:00,753.3
2022-04-04 00:45:00,904.1
2022-04-04 01:15:00,966.2166666666667
2022-04-04 01:45:00,822.15
2022-04-04 02:15:00,797.0166666666667
2022-04-04 02:45:00,751.1333333333333
2022-04-04 03:15:00,706.6333333333333
2022-04-04 03:45:00,733.6666666666666
2022-04-04 04:15:00,645.1666666666666
2022-04-04 04:45:00,825.4833333333333
2022-04-04 05:15:00,740.7333333333333
2022-04-04 05:45:00,745.85
2022-04-04 06:15:00,748.1
2022-04-04 06:45:00,736.8833333333333
2022-04-04 07:15:00,819.4666666666667
2022-04-04 07:45:00,931.1666666666666
2022-04-04 08:15:00,904.0666666666667
2022-04-04 08:45:00,1030.75
2022-04-04 09:15:00,854.9166666666666
2022-04-04 09:45:00,1015.25
2022-04-04 10:15:00,890.7
2022-04-04 10:45:00,1080.05
2022-04-04 11:15:00,1488.1333333333334
2022-04-04 11:45:00,1052.4166666666667
2022-04-04 12:15:00,1274.7
2022-04-04 12:45:00,1468.5166666666667
2022-04-04 13:15:00,1218.2166666666667
2022-04-04 13:45:00,1246.75
2022-04-04 14:15:00,1071.5
2022-04-04 14:45:00,1331.15
2022-04-04 15:15:00,1527.2166666666667
2022-04-04 15:45:00,1229.6666666666667
2022-04-04 16:15:00,1588.1666666666667
2022-04-04 16:45:00,1509.75
2022-04-04 17:15:00,1285.85
2022-04-04 17:45:00,1365.6666666666667
2022-04-04 18:15:00,1369.25
2022-04-04 18:45:00,1470.5
2022-04-04 19:15:00,1223.3833333333334
2022-04-04 19:45:00,1188.6833333333334
2022-04-04 20:15:00,1451.9
2022-04-04 20:45:00,1267.8333333333333
2022-04-04 21:15:00,1087.55
2022-04-04 21:45:00,996.2833333333333
2022-04-04 22:15:00,1082
2022-04-04 22:45:00,856.2666666666667
2022-04-04 23:15:00,942.5166666666667
2022-04-04 23:45:00,914.55
2022-04-05 00:15:00,1031.9166666666667
2022-04-05 00:45:00,718.2166666666667
2022-04-05 01:15:00,738.6833333333333
2022-04-05 01:45:00,761.5166666666667
2022-04-05 02:15:00,1912.1333333333334
2022-04-05 02:45:00,659.6166666666667
2022-04-05 03:15:00,678.35
2022-04-05 03:45:00,675.7333333333333
2022-04-05 04:15:00,712.8
2022-04-05 04:45:00,739.5333333333333
2022-04-05 05:15:00,682.45
2022-04-05 05:45:00,825.85
2022-04-05 06:15:00,1031.1833333333334
2022-04-05 06:45:00,949.3
2022-04-05 07:15:00,980.4166666666666
2022-04-05 07:45:00,1144.9666666666667
2022-04-05 08:15:00,917.7333333333333
2022-04-05 08:45:00,1003.0833333333334
2022-04-05 09:15:00,1034.6666666666667
2022-04-05 09:45:00,845.3166666666667
2022-04-05 10:15:00,807.7166666666667
2022-04-05 10:45:00,1073.4166666666667
2022-04-05 11:15:00,1114.3833333333334
2022-04-05 11:45:00,903.7166666666667
2022-04-05 12:15:00,1119.05
2022-04-05 12:45:00,1412.6333333333334
2022-04-05 13:15:00,1147.7833333333333
2022-04-05 13:45:00,1041.2166666666667
2022-04-05 14:15:00,1273.3666666666666
2022-04-05 14:45:00,1276.3666666666666
2022-04-05 15:15:00,1555.15
2022-04-05 15:45:00,1160.7666666666667
2022-04-05 16:15:00,1371.9666666666667
2022-04-05 16:45:00,1233.9666666666667
2022-04-05 17:15:00,1246.0166666666667
2022-04-05 17:45:00,1195.6
2022-04-05 18:15:00,1365.5
2022-04-05 18:45:00,1097.5833333333333
2022-04-05 19:15:00,996.6333333333333
2022-04-05 19:45:00,1168.7
2022-04-05 20:15:00,1093.05
2022-04-05 20:45:00,1132.4
2022-04-05 21:15:00,969.7166666666667
2022-04-05 21:45:00,901.15
2022-04-05 22:15:00,925.9833333333333
2022-04-05 22:45:00,903.4666666666667
2022-04-05 23:15:00,1000
2022-04-05 23:45:00,1002.5
2022-04-06 00:15:00,782.85
2022-04-06 00:45:00,709.7333333333333
2022-04-06 01:15:00,1023.6666666666666
2022-04-06 01:45:00,697.25
2022-04-06 02:15:00,793.6166666666667
2022-04-06 02:45:00,776.7166666666667
2022-04-06 03:15:00,768.0666666666667
2022-04-06 03:45:00,658.0333333333333
2022-04-06 04:15:00,792.05
2022-04-06 04:45:00,834.4333333333333
2022-04-06 05:15:00,955.8833333333333
2022-04-06 05:45:00,827.1166666666667
2022-04-06 06:15:00,821.3166666666667
2022-04-06 06:45:00,685.75
2022-04-06 07:15:00,862.6166666666667
2022-04-06 07:45:00,857.3166666666667
2022-04-06 08:15:00,830.35
2022-04-06 08:45:00,973.2833333333333
2022-04-06 09:15:00,1000.7666666666667
2022-04-06 09:45:00,902.8333333333334
2022-04-06 10:15:00,802.9
2022-04-06 10:45:00,1062.25
2022-04-06 11:15:00,1015.9
2022-04-06 11:45:00,1176.0666666666666
2022-04-06 12:15:00,1562.15
2022-04-06 12:45:00,1190.9
2022-04-06 13:15:00,1139.1166666666666
2022-04-06 13:45:00,1151.2666666666667
2022-04-06 14:15:00,1108.8333333333333
2022-04-06 14:45:00,1011.0666666666667
2022-04-06 15:15:00,1121.7
2022-04-06 15:45:00,1407.2166666666667
2022-04-06 16:15:00,1263.8
2022-04-06 16:45:00,1165.2666666666667
2022-04-06 17:15:00,1259.0666666666666
2022-04-06 17:45:00,1131.4833333333333
2022-04-06 18:15:00,1219.1666666666667
2022-04-06 18:45:00,1704.3
2022-04-06 19:15:00,1140.7
2022-04-06 19:45:00,1221.9166666666667
2022-04-06 20:15:00,1291.75
2022-04-06 20:45:00,1230.5333333333333
2022-04-06 21:15:00,1112.9666666666667
2022-04-06 21:45:00,901.85
2022-04-06 22:15:00,1179.4666666666667
2022-04-06 22:45:00,979.65
2022-04-06 23:15:00,879.7333333333333
2022-04-06 23:45:00,767.5833333333334
2022-04-07 00:15:00,1905.5333333333333
2022-04-07 00:45:00,772.1833333333333
2022-04-07 01:15:00,750.7833333333333
2022-04-07 01:45:00,836.7333333333333
2022-04-07 02:15:00,700.0166666666667
2022-04-07 02:45:00,613.1833333333333
2022-04-07 03:15:00,636.6333333333333
2022-04-07 03:45:00,836.65
2022-04-07 04:15:00,693.35
2022-04-07 04:45:00,973.7333333333333
2022-04-07 05:15:00,719.75
2022-04-07 05:45:00,1010.5833333333334
2022-04-07 06:15:00,688.4833333333333
2022-04-07 06:45:00,1240.05
2022-04-07 07:15:00,1112.5833333333333
2022-04-07 07:45:00,996.85
2022-04-07 08:15:00,1131.5666666666666
2022-04-07 08:45:00,981.5
2022-04-07 09:15:00,950.6666666666666
2022-04-07 09:45:00,1653.9166666666667
2022-04-07 10:15:00,987.9833333333333
2022-04-07 10:45:00,889.9333333333333
2022-04-07 11:15:00,1104.2166666666667
2022-04-07 11:45:00,959.3666666666667
2022-04-07 12:15:00,1014.2
2022-04-07 12:45:00,1162.5833333333333
2022-04-07 13:15:00,1461.8333333333333
2022-04-07 13:45:00,1182.2166666666667
2022-04-07 14:15:00,1362.9666666666667
2022-04-07 14:45:00,1155.2
2022-04-07 15:15:00,982.7
2022-04-07 15:45:00,1034.8666666666666
2022-04-07 16:15:00,1583
2022-04-07 16:45:00,1202.5
2022-04-07 17:15:00,1078.1
2022-04-07 17:45:00,1414.7333333333333
2022-04-07 18:15:00,1210.4333333333334
2022-04-07 18:45:00,1260.8666666666666
2022-04-07 19:15:00,998.6166666666667
2022-04-07 19:45:00,970.8333333333334
2022-04-07 20:15:00,1039.0666666666666
2022-04-07 20:45:00,1240.1333333333334
2022-04-07 21:15:00,862.7333333333333
2022-04-07 21:45:00,1017.3166666666667
2022-04-07 22:15:00,1277.6833333333334
2022-04-07 22:45:00,981.25
2022-04-07 23:15:00,780.4666666666667
2022-04-07 23:45:00,806.7333333333333
2022-04-08 00:15:00,782.8
2022-04-08 00:45:00,837.4833333333333
2022-04-08 01:15:00,647.3166666666667
2022-04-08 01:45:00,721.8166666666667
2022-04-08 02:15:00,653.1333333333333
2022-04-08 02:45:00,620.45
2022-04-08 03:15:00,1249.7833333333333
2022-04-08 03:45:00,457.3666666666667
2022-04-08 04:15:00,472.6666666666667
2022-04-08 04:45:00,623.9666666666667
2022-04-08 05:15:00,798.5333333333333
2022-04-08 05:45:00,781.95
2022-04-08 06:15:00,1267.05
2022-04-08 06:45:00,873.95
2022-04-08 07:15:00,732.65
2022-04-08 07:45:00,1223.0833333333333
2022-04-08 08:15:00,787.4166666666666
2022-04-08 08:45:00,982.55
2022-04-08 09:15:00,928.4
2022-04-08 09:45:00,960.7
2022-04-08 10:15:00,1085.8166666666666
2022-04-08 10:45:00,854.6166666666667
2022-04-08 11:15:00,1010.4333333333333
2022-04-08 11:45:00,1117.3833333333334
2022-04-08 12:15:00,2439.1
2022-04-08 12:45:00,1183.6
2022-04-08 13:15:00,1416.1166666666666
2022-04-08 13:45:00,1110.5166666666667
2022-04-08 14:15:00,1141.05
2022-04-08 14:45:00,1193.9
2022-04-08 15:15:00,1194.6666666666667
2022-04-08 15:45:00,1410.2166666666667
2022-04-08 16:15:00,1235.75
2022-04-08 16:45:00,1315.3166666666666
2022-04-08 17:15:00,1189.3333333333333
2022-04-08 17:45:00,1203.0333333333333
2022-04-08 18:15:00,1618.65
2022-04-08 18:45:00,954.5666666666667
2022-04-08 19:15:00,1078.8333333333333
2022-04-08 19:45:00,1227.3666666666666
2022-04-08 20:15:00,1264.2833333333333
2022-04-08 20:45:00,1270.7333333333333
2022-04-08 21:15:00,944
2022-04-08 21:45:00,1140.1833333333334
2022-04-08 22:15:00,1008.15
2022-04-08 22:45:00,945.45
2022-04-08 23:15:00,1339.8833333333334
2022-04-08 23:45:00,833.8
2022-04-09 00:15:00,891.55
2022-04-09 00:45:00,858.3
2022-04-09 01:15:00,754.6833333333333
2022-04-09 01:45:00,614.6833333333333
2022-04-09 02:15:00,586.3333333333334
2022-04-09 02:45:00,585.85
2022-04-09 03:15:00,737.3333333333334
2022-04-09 03:45:00,816.3666666666667
2022-04-09 04:15:00,848.8666666666667
2022-04-09 04:45:00,1068.6333333333334
2022-04-09 05:15:00,763.85
2022-04-09 05:45:00,712.5
2022-04-09 06:15:00,1944.1166666666666
2022-04-09 06:45:00,905.7166666666667
2022-04-09 07:15:00,700.8166666666667
2022-04-09 07:45:00,772.9166666666666
2022-04-09 08:15:00,662.1666666666666
2022-04-09 08:45:00,861.1
2022-04-09 09:15:00,805.9666666666667
2022-04-09 09:45:00,654.4833333333333
2022-04-09 10:15:00,841.9
2022-04-09 10:45:00,880.1666666666666
2022-04-09 11:15:00,1963.2666666666667
2022-04-09 11:45:00,912.5333333333333
2022-04-09 12:15:00,907.0833333333334
2022-04-09 12:45:00,939.7666666666667
2022-04-09 13:15:00,967.9666666666667
2022-04-09 13:45:00,1095.2333333333333
2022-04-09 14:15:00,1085.7833333333333
2022-04-09 14:45:00,1041.45
2022-04-09 15:15:00,1091.15
2022-04-09 15:45:00,1113.7166666666667
2022-04-09 16:15:00,1036.3
2022-04-09 16:45:00,1163.3166666666666
2022-04-09 17:15:00,994.7166666666667
2022-04-09 17:45:00,931.6833333333333
2022-04-09 18:15:00,1030.15
2022-04-09 18:45:00,886.55
2022-04-09 19:15:00,994.35
2022-04-09 19:45:00,972.6166666666667
2022-04-09 20:15:00,921.0833333333334
2022-04-09 20:45:00,1095.95
2022-04-09 21:15:00,821.8166666666667
2022-04-09 21:45:00,786.1166666666667
2022-04-09 22:15:00,733.1666666666666
2022-04-09 22:45:00,750.1166666666667
2022-04-09 23:15:00,642.9166666666666
2022-04-09 23:45:00,728.0166666666667
2022-04-10 00:15:00,1008.8166666666667
2022-04-10 00:45:00,670.8666666666667
2022-04-10 01:15:00,570.8
2022-04-10 01:45:00,505.68333333333334
2022-04-10 02:15:00,687.35
2022-04-10 02:45:00,675.9833333333333
2022-04-10 03:15:00,546.5166666666667
2022-04-10 03:45:00,509.7
2022-04-10 04:15:00,575.7833333333333
2022-04-10 04:45:00,526.4333333333333
2022-04-10 05:15:00,549.7666666666667
2022-04-10 05:45:00,630.5
2022-04-10 06:15:00,787.7
2022-04-10 06:45:00,839.95
2022-04-10 07:15:00,651.3833333333333
2022-04-10 07:45:00,639.6333333333333
2022-04-10 08:15:00,727.5
2022-04-10 08:45:00,741.45
2022-04-10 09:15:00,644.2333333333333
2022-04-10 09:45:00,573.8333333333334
2022-04-10 10:15:00,561.0166666666667
2022-04-10 10:45:00,780.05
2022-04-10 11:15:00,623.5
2022-04-10 11:45:00,679.1833333333333
2022-04-10 12:15:00,631.9833333333333
2022-04-10 12:45:00,887.0666666666667
2022-04-10 13:15:00,885.35
2022-04-10 13:45:00,849.25
2022-04-10 14:15:00,956.6666666666666
2022-04-10 14:45:00,866.3
2022-04-10 15:15:00,976.4666666666667
2022-04-10 15:45:00,755.0666666666667
2022-04-10 16:15:00,945.8
2022-04-10 16:45:00,915.4166666666666
2022-04-10 17:15:00,966.4666666666667
2022-04-10 17:45:00,960.8166666666667
2022-04-10 18:15:00,949.3666666666667
2022-04-10 18:45:00,990.95
2022-04-10 19:15:00,928.2
2022-04-10 19:45:00,940.6833333333333
2022-04-10 20:15:00,931.6333333333333
2022-04-10 20:45:00,1039.5
2022-04-10 21:15:00,1413.8666666666666
2022-04-10 21:45:00,693.0166666666667
2022-04-10 22:15:00,766.2
2022-04-10 22:45:00,718.5
2022-04-10 23:15:00,651.6
2022-04-10 23:45:00,905.7833333333333
2022-04-11 00:15:00,777.65
2022-04-11 00:45:00,666.7833333333333
2022-04-11 01:15:00,629.6
2022-04-11 01:45:00,817.0666666666667
2022-04-11 02:15:00,724.1333333333333
2022-04-11 02:45:00,674.8333333333334
2022-04-11 03:15:00,660.7666666666667
2022-04-11 03:45:00,833.55
2022-04-11 04:15:00,680.6666666666666
2022-04-11 04:45:00,861.0833333333334
2022-04-11 05:15:00,609.1166666666667
2022-04-11 05:45:00,699.5333333333333
2022-04-11 06:15:00,721.2666666666667
2022-04-11 06:45:00,896.4
2022-04-11 07:15:00,775.6833333333333
2022-04-11 07:45:00,782.7
2022-04-11 08:15:00,1016.1
2022-04-11 08:45:00,839.0666666666667
2022-04-11 09:15:00,936.15
2022-04-11 09:45:00,1020.0833333333334
2022-04-11 10:15:00,941.5333333333333
2022-04-11 10:45:00,1059.4333333333334
2022-04-11 11:15:00,1216.8833333333334
2022-04-11 11:45:00,1328.5166666666667
2022-04-11 12:15:00,1481.1833333333334
2022-04-11 12:45:00,1279.9666666666667
2022-04-11 13:15:00,1278.7833333333333
2022-04-11 13:45:00,1309.7
2022-04-11 14:15:00,1508.2333333333333
2022-04-11 14:45:00,1210.2166666666667
2022-04-11 15:15:00,1359.1833333333334
2022-04-11 15:45:00,1257.3666666666666
2022-04-11 16:15:00,1427.25
2022-04-11 16:45:00,1357.8666666666666
2022-04-11 17:15:00,1176.9666666666667
2022-04-11 17:45:00,1247.8833333333334
2022-04-11 18:15:00,1131.6166666666666
2022-04-11 18:45:00,1221.8833333333334
2022-04-11 19:15:00,2156.1666666666665
2022-04-11 19:45:00,1131.0333333333333
2022-04-11 20:15:00,1075.1333333333334
2022-04-11 20:45:00,980.4333333333333
2022-04-11 21:15:00,1356.75
2022-04-11 21:45:00,1139.1833333333334
2022-04-11 22:15:00,1191.25
2022-04-11 22:45:00,988.45
2022-04-11 23:15:00,881.3833333333333
2022-04-11 23:45:00,734.1166666666667
2022-04-12 00:15:00,1223.95
2022-04-12 00:45:00,898.2666666666667
2022-04-12 01:15:00,917
2022-04-12 01:45:00,904.1333333333333
2022-04-12 02:15:00,1416.1333333333334
2022-04-12 02:45:00,684.8833333333333
2022-04-12 03:15:00,782.9666666666667
2022-04-12 03:45:00,706.9833333333333
2022-04-12 04:15:00,578
2022-04-12 04:45:00,1133.9
2022-04-12 05:15:00,731.9
2022-04-12 05:45:00,662.2166666666667
2022-04-12 06:15:00,907.2833333333333
2022-04-12 06:45:00,741.7833333333333
2022-04-12 07:15:00,1373.0333333333333
2022-04-12 07:45:00,1156.3333333333333
2022-04-12 08:15:00,991.8833333333333
2022-04-12 08:45:00,1405.0166666666667
2022-04-12 09:15:00,997.65
2022-04-12 09:45:00,943.95
2022-04-12 10:15:00,981.35
2022-04-12 10:45:00,1076.55
2022-04-12 11:15:00,955.1166666666667
2022-04-12 11:45:00,913.2333333333333
2022-04-12 12:15:00,1062.0833333333333
2022-04-12 12:45:00,1055.8833333333334
2022-04-12 13:15:00,1200.4
2022-04-12 13:45:00,1352.1
2022-04-12 14:15:00,1516.0833333333333
2022-04-12 14:45:00,1656.7833333333333
2022-04-12 15:15:00,1413.0833333333333
2022-04-12 15:45:00,1560.75
2022-04-12 16:15:00,1289.85
2022-04-12 16:45:00,1061.25
2022-04-12 17:15:00,1175.9333333333334
2022-04-12 17:45:00,1072.1
2022-04-12 18:15:00,1114.6666666666667
2022-04-12 18:45:00,1190.5
2022-04-12 19:15:00,1179.9833333333333
2022-04-12 19:45:00,2241.1666666666665
2022-04-12 20:15:00,1141.4166666666667
2022-04-12 20:45:00,854.1833333333333
2022-04-12 21:15:00,990.15
2022-04-12 21:45:00,1214.0166666666667
2022-04-12 22:15:00,1143.7666666666667
2022-04-12 22:45:00,960.1
2022-04-12 23:15:00,931.45
2022-04-12 23:45:00,746.3333333333334
2022-04-13 00:15:00,902.9
2022-04-13 00:45:00,846.0833333333334
2022-04-13 01:15:00,682.4166666666666
2022-04-13 01:45:00,672.6833333333333
2022-04-13 02:15:00,590.9333333333333
2022-04-13 02:45:00,677.25
2022-04-13 03:15:00,711.8333333333334
2022-04-13 03:45:00,1080.4333333333334
2022-04-13 04:15:00,785.25
2022-04-13 04:45:00,667.5
2022-04-13 05:15:00,870.4666666666667
2022-04-13 05:45:00,881.0666666666667
2022-04-13 06:15:00,989.3166666666667
2022-04-13 06:45:00,966.55
2022-04-13 07:15:00,1038.8333333333333
2022-04-13 07:45:00,968.3
2022-04-13 08:15:00,991
2022-04-13 08:45:00,843.5166666666667
2022-04-13 09:15:00,944.2333333333333
2022-04-13 09:45:00,983.6166666666667
2022-04-13 10:15:00,889.05
2022-04-13 10:45:00,960.0666666666667
2022-04-13 11:15:00,972.6333333333333
2022-04-13 11:45:00,877.0833333333334
2022-04-13 12:15:00,1176.7666666666667
2022-04-13 12:45:00,1078.15
2022-04-13 13:15:00,1104.0833333333333
2022-04-13 13:45:00,1301.0833333333333
2022-04-13 14:15:00,1315.65
2022-04-13 14:45:00,1261
2022-04-13 15:15:00,1212.1666666666667
2022-04-13 15:45:00,1289.0833333333333
2022-04-13 16:15:00,1932.6833333333334
2022-04-13 16:45:00,1139.05
2022-04-13 17:15:00,1148.5666666666666
2022-04-13 17:45:00,1213.7333333333333
2022-04-13 18:15:00,1076.8666666666666
2022-04-13 18:45:00,1308.8833333333334
2022-04-13 19:15:00,1125
2022-04-13 19:45:00,1346.3166666666666
2022-04-13 20:15:00,1254.8166666666666
2022-04-13 20:45:00,1181.9166666666667
2022-04-13 21:15:00,1249.1
2022-04-13 21:45:00,1013.5666666666667
2022-04-13 22:15:00,1014.6833333333333
2022-04-13 22:45:00,831.8166666666667
2022-04-13 23:15:00,940.5833333333334
2022-04-13 23:45:00,863.4666666666667
2022-04-14 00:15:00,634.0833333333334
2022-04-14 00:45:00,744.9666666666667
2022-04-14 01:15:00,793.7666666666667
2022-04-14 01:45:00,779.65
2022-04-14 02:15:00,661.1666666666666
2022-04-14 02:45:00,746.5833333333334
2022-04-14 03:15:00,733.5333333333333
2022-04-14 03:45:00,660.95
2022-04-14 04:15:00,723.7166666666667
2022-04-14 04:45:00,997.7333333333333
2022-04-14 05:15:00,751.8833333333333
2022-04-14 05:45:00,619.3666666666667
2022-04-14 06:15:00,830.2666666666667
2022-04-14 06:45:00,847.9333333333333
2022-04-14 07:15:00,793.75
2022-04-14 07:45:00,804.5166666666667
2022-04-14 08:15:00,964.6666666666666
2022-04-14 08:45:00,873.9
2022-04-14 09:15:00,1004.9166666666666
2022-04-14 09:45:00,1080.1833333333334
2022-04-14 10:15:00,791.3
2022-04-14 10:45:00,876.4666666666667
2022-04-14 11:15:00,1063.6833333333334
2022-04-14 11:45:00,854.35
2022-04-14 12:15:00,932.1666666666666
2022-04-14 12:45:00,1104.2666666666667
2022-04-14 13:15:00,1172.25
2022-04-14 13:45:00,2304.25
2022-04-14 14:15:00,1244.7666666666667
2022-04-14 14:45:00,2409.0666666666666
2022-04-14 15:15:00,1312.1666666666667
2022-04-14 15:45:00,1290.05
2022-04-14 16:15:00,1458.15
2022-04-14 16:45:00,1418.3333333333333
2022-04-14 17:15:00,1180.1166666666666
2022-04-14 17:45:00,1005.5666666666667
2022-04-14 18:15:00,1318.9666666666667
2022-04-14 18:45:00,1202.3833333333334
2022-04-14 19:15:00,1164.1833333333334
2022-04-14 19:45:00,1142.5
2022-04-14 20:15:00,1039.0166666666667
2022-04-14 20:45:00,946.3166666666667
2022-04-14 21:15:00,1065.8666666666666
2022-04-14 21:45:00,988.5833333333334
2022-04-14 22:15:00,954.15
2022-04-14 22:45:00,841.9833333333333
2022-04-14 23:15:00,862.7666666666667
2022-04-14 23:45:00,987.4166666666666
2022-04-15 00:15:00,1374.4
2022-04-15 00:45:00,588.8666666666667
2022-04-15 01:15:00,903.85
2022-04-15 01:45:00,590.75
2022-04-15 02:15:00,1568.6666666666667
2022-04-15 02:45:00,542.05
2022-04-15 03:15:00,596.6666666666666
2022-04-15 03:45:00,656.2166666666667
2022-04-15 04:15:00,564
2022-04-15 04:45:00,495.6333333333333
2022-04-15 05:15:00,571.0166666666667
2022-04-15 05:45:00,664.9833333333333
2022-04-15 06:15:00,833.1
2022-04-15 06:45:00,750.6666666666666
2022-04-15 07:15:00,1000.6
2022-04-15 07:45:00,850.3666666666667
2022-04-15 08:15:00,748.8333333333334
2022-04-15 08:45:00,915.65
2022-04-15 09:15:00,974.8833333333333
2022-04-15 09:45:00,817.6
2022-04-15 10:15:00,2074.0666666666666
2022-04-15 10:45:00,977.3
2022-04-15 11:15:00,1005.3666666666667
2022-04-15 11:45:00,879.9166666666666
2022-04-15 12:15:00,924.4666666666667
2022-04-15 12:45:00,1242.7666666666667
2022-04-15 13:15:00,1035.75
2022-04-15 13:45:00,1466.0333333333333
2022-04-15 14:15:00,1154.8666666666666
2022-04-15 14:45:00,1070.2666666666667
2022-04-15 15:15:00,1315.5666666666666
2022-04-15 15:45:00,1113.9333333333334
2022-04-15 16:15:00,1090.3
2022-04-15 16:45:00,1112.05
2022-04-15 17:15:00,1123
2022-04-15 17:45:00,1054.1333333333334
2022-04-15 18:15:00,1174.0833333333333
2022-04-15 18:45:00,1056.75
2022-04-15 19:15:00,1046.8166666666666
2022-04-15 19:45:00,1110.1666666666667
2022-04-15 20:15:00,1130.6666666666667
2022-04-15 20:45:00,877.35
2022-04-15 21:15:00,944.4166666666666
2022-04-15 21:45:00,974.2
2022-04-15 22:15:00,1016.9
2022-04-15 22:45:00,767.2833333333333
2022-04-15 23:15:00,774.3666666666667
2022-04-15 23:45:00,678.55
2022-04-16 00:15:00,593.7666666666667
2022-04-16 00:45:00,590.2333333333333
2022-04-16 01:15:00,611.4166666666666
2022-04-16 01:45:00,531.2833333333333
2022-04-16 02:15:00,695.6166666666667
2022-04-16 02:45:00,619.7833333333333
2022-04-16 03:15:00,579.6
2022-04-16 03:45:00,678.0166666666667
2022-04-16 04:15:00,531.1333333333333
2022-04-16 04:45:00,711.5333333333333
2022-04-16 05:15:00,691.3
2022-04-16 05:45:00,762.8333333333334
2022-04-16 06:15:00,819.25
2022-04-16 06:45:00,602.8166666666667
2022-04-16 07:15:00,774.6166666666667
2022-04-16 07:45:00,730.7
2022-04-16 08:15:00,839.5
2022-04-16 08:45:00,931.0333333333333
2022-04-16 09:15:00,767.25
2022-04-16 09:45:00,746.4333333333333
2022-04-16 10:15:00,599.3
2022-04-16 10:45:00,748
2022-04-16 11:15:00,648.2333333333333
2022-04-16 11:45:00,857.8
2022-04-16 12:15:00,745.9333333333333
2022-04-16 12:45:00,791.3
2022-04-16 13:15:00,1154.8666666666666
2022-04-16 13:45:00,971.7166666666667
2022-04-16 14:15:00,977.2833333333333
2022-04-16 14:45:00,984.8166666666667
2022-04-16 15:15:00,952.8333333333334
2022-04-16 15:45:00,895.45
2022-04-16 16:15:00,1076.65
2022-04-16 16:45:00,1146.5666666666666
2022-04-16 17:15:00,1058.35
2022-04-16 17:45:00,1200.0666666666666
2022-04-16 18:15:00,992.4333333333333
2022-04-16 18:45:00,977.6166666666667
2022-04-16 19:15:00,876.4
2022-04-16 19:45:00,1024.5
2022-04-16 20:15:00,776.4166666666666
2022-04-16 20:45:00,822.8333333333334
2022-04-16 21:15:00,1127.2166666666667
2022-04-16 21:45:00,774.4333333333333
2022-04-16 22:15:00,774.4666666666667
2022-04-16 22:45:00,646.4833333333333
2022-04-16 23:15:00,591.95
2022-04-16 23:45:00,643.0666666666667
2022-04-17 00:15:00,807.65
2022-04-17 00:45:00,472.25
2022-04-17 01:15:00,530.3166666666667
2022-04-17 01:45:00,680.9333333333333
2022-04-17 02:15:00,514.95
2022-04-17 02:45:00,478.51666666666665
2022-04-17 03:15:00,596.0333333333333
2022-04-17 03:45:00,450.55
2022-04-17 04:15:00,1563.1
2022-04-17 04:45:00,1014.2833333333333
2022-04-17 05:15:00,657.7666666666667
2022-04-17 05:45:00,573.9
2022-04-17 06:15:00,725.85
2022-04-17 06:45:00,627.9833333333333
2022-04-17 07:15:00,654
2022-04-17 07:45:00,492.53333333333336
2022-04-17 08:15:00,579.45
2022-04-17 08:45:00,694.9333333333333
2022-04-17 09:15:00,765.5166666666667
2022-04-17 09:45:00,685.7833333333333
2022-04-17 10:15:00,663.65
2022-04-17 10:45:00,745.7666666666667
2022-04-17 11:15:00,628.05
2022-04-17 11:45:00,664.4833333333333
2022-04-17 12:15:00,710.2666666666667
2022-04-17 12:45:00,772.4666666666667
2022-04-17 13:15:00,981.0833333333334
2022-04-17 13:45:00,1063.6166666666666
2022-04-17 14:15:00,950.3666666666667
2022-04-17 14:45:00,785.2666666666667
2022-04-17 15:15:00,713.6
2022-04-17 15:45:00,1032.5333333333333
2022-04-17 16:15:00,874.4833333333333
2022-04-17 16:45:00,889.0333333333333
2022-04-17 17:15:00,839.55
2022-04-17 17:45:00,955.9666666666667
2022-04-17 18:15:00,955.8
2022-04-17 18:45:00,913.65
2022-04-17 19:15:00,912.8833333333333
2022-04-17 19:45:00,1142.3166666666666
2022-04-17 20:15:00,855.3666666666667
2022-04-17 20:45:00,739.1666666666666
2022-04-17 21:15:00,1077.2
2022-04-17 21:45:00,744.0166666666667
2022-04-17 22:15:00,925.0166666666667
2022-04-17 22:45:00,983.6833333333333
2022-04-17 23:15:00,713.2333333333333
2022-04-17 23:45:00,1042.0666666666666
2022-04-18 00:15:00,666.9
2022-04-18 00:45:00,678.6333333333333
2022-04-18 01:15:00,673.35
2022-04-18 01:45:00,770.15
2022-04-18 02:15:00,723.8166666666667
2022-04-18 02:45:00,551.3666666666667
2022-04-18 03:15:00,587.0333333333333
2022-04-18 03:45:00,898.0666666666667
2022-04-18 04:15:00,1268.1166666666666
2022-04-18 04:45:00,1014.65
2022-04-18 05:15:00,882.0166666666667
2022-04-18 05:45:00,633.8833333333333
2022-04-18 06:15:00,783.2833333333333
2022-04-18 06:45:00,725.8
2022-04-18 07:15:00,739.2166666666667
2022-04-18 07:45:00,825.5666666666667
2022-04-18 08:15:00,1138.6166666666666
2022-04-18 08:45:00,1009.05
2022-04-18 09:15:00,719
2022-04-18 09:45:00,822.9833333333333
2022-04-18 10:15:00,725.6333333333333
2022-04-18 10:45:00,1029.1833333333334
2022-04-18 11:15:00,939.5166666666667
2022-04-18 11:45:00,957.05
2022-04-18 12:15:00,1265.6166666666666
2022-04-18 12:45:00,1328.3166666666666
2022-04-18 13:15:00,1117.8666666666666
2022-04-18 13:45:00,1479.75
2022-04-18 14:15:00,1525.7166666666667
2022-04-18 14:45:00,1456.45
2022-04-18 15:15:00,1433.1
2022-04-18 15:45:00,1175.9833333333333
2022-04-18 16:15:00,1763.6333333333334
2022-04-18 16:45:00,1133.6166666666666
2022-04-18 17:15:00,1271.2833333333333
2022-04-18 17:45:00,1088.1
2022-04-18 18:15:00,1283.5833333333333
2022-04-18 18:45:00,1226.3166666666666
2022-04-18 19:15:00,1376.9833333333333
2022-04-18 19:45:00,1122.6333333333334
2022-04-18 20:15:00,1207.4333333333334
2022-04-18 20:45:00,1017.2833333333333
2022-04-18 21:15:00,1128.4166666666667
2022-04-18 21:45:00,1124.5166666666667
2022-04-18 22:15:00,1183.35
2022-04-18 22:45:00,1182.45
2022-04-18 23:15:00,839.25
2022-04-18 23:45:00,688.0166666666667
2022-04-19 00:15:00,807.6666666666666
2022-04-19 00:45:00,791.7333333333333
2022-04-19 01:15:00,708.4166666666666
2022-04-19 01:45:00,549.0166666666667
2022-04-19 02:15:00,787.05
2022-04-19 02:45:00,763.8833333333333
2022-04-19 03:15:00,761.1333333333333
2022-04-19 03:45:00,751.6833333333333
2022-04-19 04:15:00,1490.2333333333333
2022-04-19 04:45:00,1304.5833333333333
2022-04-19 05:15:00,794.9
2022-04-19 05:45:00,749.7333333333333
2022-04-19 06:15:00,811.5
2022-04-19 06:45:00,884.55
2022-04-19 07:15:00,973.6666666666666
2022-04-19 07:45:00,794.0333333333333
2022-04-19 08:15:00,1092.75
2022-04-19 08:45:00,975.7666666666667
2022-04-19 09:15:00,1076.8666666666666
2022-04-19 09:45:00,1230.6
2022-04-19 10:15:00,891.7333333333333
2022-04-19 10:45:00,882.6833333333333
2022-04-19 11:15:00,830.5333333333333
2022-04-19 11:45:00,990.8833333333333
2022-04-19 12:15:00,920.4
2022-04-19 12:45:00,1452.5333333333333
2022-04-19 13:15:00,1236.3166666666666
2022-04-19 13:45:00,1189.0333333333333
2022-04-19 14:15:00,1249.5666666666666
2022-04-19 14:45:00,1485.6
2022-04-19 15:15:00,1323.0333333333333
2022-04-19 15:45:00,1296.0166666666667
2022-04-19 16:15:00,1383.7833333333333
2022-04-19 16:45:00,1560.0666666666666
2022-04-19 17:15:00,1279.5333333333333
2022-04-19 17:45:00,1365.3833333333334
2022-04-19 18:15:00,1328.8666666666666
2022-04-19 18:45:00,1195.8
2022-04-19 19:15:00,1117.3666666666666
2022-04-19 19:45:00,1140.0666666666666
2022-04-19 20:15:00,1178.4166666666667
2022-04-19 20:45:00,1239.6666666666667
2022-04-19 21:15:00,1098.7833333333333
2022-04-19 21:45:00,936.7166666666667
2022-04-19 22:15:00,1062.9
2022-04-19 22:45:00,1018.6666666666666
2022-04-19 23:15:00,768.9
2022-04-19 23:45:00,685.7166666666667
2022-04-20 00:15:00,857.6666666666666
2022-04-20 00:45:00,755.6166666666667
2022-04-20 01:15:00,1180.3
2022-04-20 01:45:00,1303.4666666666667
2022-04-20 02:15:00,899.0333333333333
2022-04-20 02:45:00,793.3166666666667
2022-04-20 03:15:00,750.5666666666667
2022-04-20 03:45:00,705.7
2022-04-20 04:15:00,834
2022-04-20 04:45:00,1072.5
2022-04-20 05:15:00,1111.2166666666667
2022-04-20 05:45:00,744.15
2022-04-20 06:15:00,864.4
2022-04-20 06:45:00,757.6833333333333
2022-04-20 07:15:00,922.25
2022-04-20 07:45:00,1011.2
2022-04-20 08:15:00,1037.8166666666666
2022-04-20 08:45:00,1043.1833333333334
2022-04-20 09:15:00,1038.8333333333333
2022-04-20 09:45:00,891.0333333333333
2022-04-20 10:15:00,926.2666666666667
2022-04-20 10:45:00,919.2333333333333
2022-04-20 11:15:00,1039.7166666666667
2022-04-20 11:45:00,1094.1666666666667
2022-04-20 12:15:00,1291.55
2022-04-20 12:45:00,1197.5166666666667
2022-04-20 13:15:00,1515.8833333333334
2022-04-20 13:45:00,1197.5333333333333
2022-04-20 14:15:00,1479.1833333333334
2022-04-20 14:45:00,1515.9833333333333