token,BBANDS_upperband,BBANDS_middleband,BBANDS_lowerband,DEMA,EMA,HT_TRENDLINE,macd,macdsignal,macdhist,mfi,willr,ADX,ADXR,APO,aroondown,aroonup,AROONOSC,ad,adosc,obv,atr,natr,trange,EMA-trend,MACD-position,MACD-indicator,Quotes_label
BTCUSDT,0.3623220807983863,0.3619921261708335,0.367133273372702,0.6497956536641873,0.4766026777592851,0.684000726669298,0.4910816755353048,0.4944317365819151,0.5063169686001511,0.3999462445354842,0.4394228854605548,0.2588194298757862,0.1423434432168515,0.468219850427675,0.3571428571428571,0.1428571428571428,0.3928571428571428,0.9518313784899116,0.481493934824566,0.3661032106970939,0.2140974539021594,0.1782437692934896,0.1516099455261318,Up trend,sell,low,High position
ETHUSDT,0.4895940492795793,0.5110838212194766,0.5027088820749878,0.6533452088919369,0.8261049142167541,0.7047473304377243,0.1423343162295022,0.165321087726622,0.6080190693118618,0.3313340109173309,0.3575759945668578,0.4145108790660771,0.3549219132097495,0.2909739382885939,0.3571428571428571,0.0,0.3214285714285714,0.9689388376291936,0.2579051915455316,0.8067314397989302,0.326164179246586,0.1842633698328503,0.1062571982078543,Up trend,sell,low,Middle
BNBUSDT,0.2294139555555798,0.1922041604967491,0.2239521164581237,0.4315577488040518,0.3186039398452125,0.4919809442794823,0.3651451068156932,0.3172966804707437,0.766871563662839,0.3483330853990405,0.6342788707757098,0.7403281760477988,0.7196390810943482,0.544913833526746,0.7142857142857143,0.0,0.1428571428571428,0.9963459308698156,0.3940408306402189,0.3589307250538946,0.1715642936978435,0.0913555006452176,0.0527386956906469,Up trend,sell,low,Middle
NEOUSDT,0.0941654897635521,0.1073517264898215,0.1240703771913878,0.3871186483004707,0.1825925325726382,0.2932070497293094,0.2982483279110816,0.2658773835794007,0.7214181762904349,0.2533888685590245,0.230326070888081,0.2698139116670766,0.0006937623088082,0.4493370655778981,0.9285714285714286,0.0,0.0357142857142856,0.94265945873904,0.1392902200672949,0.7543598120614033,0.0970008732499242,0.1135048355852301,0.023239289446186,Up trend,sell,low,Middle
LTCUSDT,0.1078727810287933,0.1267312348668279,0.1467525855729252,0.4650390931481969,0.1978597329379052,0.3550396790405083,0.3448509191460026,0.366747871510074,0.6605353064505817,0.1603306071970223,0.2620259454238571,0.0027433446756007,0.0730484545245559,0.4974267022777059,0.9285714285714286,0.0,0.0357142857142856,0.6747955847856029,0.3111302744704561,0.039643230413048,0.1404909348814874,0.1341666719539864,0.0416358874487946,Up trend,sell,low,Middle
QTUMUSDT,0.1800099709955988,0.1939455782312926,0.2122720455249637,0.5820286170001391,0.3718372433062796,0.6171982407783688,0.2195101160584551,0.2491520049000133,0.5208362672332103,0.3164455189691076,0.4101654561012776,0.3154226143935934,0.0221543163231658,0.3827885948639018,0.9285714285714286,0.0,0.0357142857142856,0.9759229147914928,0.2755939636780226,0.8915212431419832,0.1750393797931013,0.0912046672245133,0.1003593009962435,Up trend,sell,low,Middle
ADAUSDT,0.5335095116385985,0.5494980525412047,0.5486183089223502,0.6190671156182112,0.8452072742222979,0.7718332324033356,0.000788142007786,0.0198373141236843,0.3924730718147819,0.2298487930774326,0.3686945257789564,0.3211393480361749,0.3255348183623725,0.0546082512141396,0.3571428571428571,0.0,0.3214285714285714,0.9298035653480188,0.0801369071792942,0.7390542746232486,0.4908424133876892,0.2097525541082031,0.050715742271911,Up trend,sell,low,Middle
XRPUSDT,0.2543508506855122,0.320783204504381,0.454285974519727,0.5881085973022172,0.4917486542615383,0.6456211627743255,0.2828081272310246,0.2246405941172934,0.5603512187061721,0.2402850501987514,0.3882425548047629,0.2039668880487787,0.0,0.3706063878045194,0.3571428571428571,0.0,0.3214285714285714,0.9418691650687678,0.1545235317291698,0.4342879754618448,0.1705048920528958,0.0913981081684382,0.0276521514407545,Up trend,sell,low,Middle
EOSUSDT,0.0299939441489359,0.0448342931625167,0.0971048325443457,0.2215456550286417,0.1225771877982184,0.1971888494179544,0.186779574875999,0.2350767200658605,0.5236899473507061,0.3819321829312526,0.1538624918827626,0.5816390888661946,0.3111868188117613,0.3857422905603669,0.9285714285714286,0.0714285714285714,0.0714285714285713,0.8947013576046133,0.3219075101924717,0.5105791938254052,0.0686809071872018,0.1034940418182992,0.018086523940659,Up trend,sell,low,Middle
TUSDUSDT,0.4377767672147306,0.7767857142856638,0.8876579004288054,0.8319928657195643,0.8581477947836845,0.8459247416668485,0.6516528743977361,0.7025110710591859,0.5183208951875106,0.7209904378351253,0.4739583333333723,0.1527369034325157,0.0415402576767337,0.5451241671709599,0.7142857142857143,0.7142857142857143,0.5,0.0683162431740037,0.6173448031510452,0.8905347504309462,0.0005091732501814,0.0005075950959642,4.965489845572718e-05,Down trend,buy,low,High position
IOTAUSDT,0.2742687308260625,0.2851780106601855,0.2925482549495403,0.691867480487276,0.4185184934150365,0.7208359613721137,0.4147787272850526,0.5473820346059313,0.3436964769762545,0.3757875434132726,0.173639289509507,0.3674850806191935,0.3774170430243144,0.3905171946882857,0.9285714285714286,0.0714285714285714,0.0714285714285713,0.8254856619006289,0.0495140086428314,0.8082437484793088,0.3231905975512835,0.2220458884434982,0.1020739749593806,Up trend,sell,low,High position
XLMUSDT,0.0767368254380489,0.1033886213661493,0.1514320696248095,0.2860081508173908,0.1369446631014185,0.2182406800690111,0.3482303633794428,0.3528023702456372,0.6501040038540445,0.2034020681935545,0.3034372558810887,0.3413457701412979,0.0967479659573317,0.4450234020989157,0.8571428571428572,0.0,0.0714285714285713,0.9549644081319753,0.4542592345082326,0.8777120583994625,0.0462373181977772,0.1053056840211604,0.0113839962512748,Up trend,sell,low,Middle
ONTUSDT,0.0630975545370121,0.0730522716067515,0.1233186757885542,0.3490046202178811,0.1477407258848235,0.2357679490859591,0.4029370064287826,0.4602656583414552,0.5380598856620328,0.0995918927978627,0.2053656910384433,0.6265609851670568,0.5111840557396578,0.4952859448479675,0.9285714285714286,0.0,0.0357142857142856,0.966390822560798,0.3090054232253534,0.7942582845482604,0.0735491325650065,0.1091766765313956,0.0184132141890063,Up trend,sell,low,Low position
TRXUSDT,0.2792757675326304,0.3272438921566657,0.3895752400403245,0.7637584459985358,0.4723952426549814,0.8282194812962616,0.5484781644738216,0.6527204018136896,0.5095104844833652,0.1933916831662409,0.1780047050709843,0.3781976619000164,0.4421241125245918,0.5664459531547059,0.9285714285714286,0.0,0.0357142857142856,0.8316846078134398,0.1878748244828097,0.5054748467512015,0.2449453968156073,0.1743437254681659,0.0443616029822927,Up trend,sell,low,High position
ETCUSDT,0.2290012632170051,0.2974275228185435,0.359658782399356,0.1503628341925581,0.5751867293469757,0.1858394912441831,0.0887742598737935,0.0935513637443109,0.4328434194629139,0.0844504336000561,0.1802725307679623,0.4781492994814842,0.3646544009939627,0.23296625865863,0.7142857142857143,0.0,0.1428571428571428,0.9528496908811516,0.1164192633922416,0.7300040390930723,0.12400853434154,0.0730694115360293,0.0114903152437748,Up trend,sell,low,Low position
ICXUSDT,0.3741587354882418,0.3831127787866326,0.3778340316091545,0.8154062665632273,0.4626287131840287,0.9067337676633532,0.5961011092978966,0.7102892035541357,0.3311672311862309,0.2114697265402497,0.2221404606385436,0.2184037622293569,0.38265480892972,0.5878416505726312,0.9285714285714286,0.0,0.0357142857142856,0.9359183456707364,0.3502680327218768,0.9062929868845114,0.3890025437776899,0.1853580801219215,0.0865411371857898,Up trend,sell,low,High position
NULSUSDT,0.1065510769059605,0.0974649778955028,0.081921915347938,0.4521064180673886,0.1462381969979392,0.3474272420377689,0.6015586737480532,0.5804776441589165,0.6260351339160398,0.7179871049770483,0.2661653486727904,0.24172931208334,0.2811024140394302,0.5978768841464742,0.3571428571428571,0.6428571428571429,0.6428571428571429,0.0137052385752769,0.285262015542,0.9620311236028452,0.2218428766095369,0.2919837676658339,0.1079842931937172,Up trend,sell,low,Middle
VETUSDT,0.1330477551141709,0.1397773472330521,0.1390649959122203,0.4320344116616172,0.2433828486622545,0.4636348114597647,0.2667677844984137,0.181588412011122,0.6956360053043931,0.1737461450385708,0.3968699318502862,0.6024211197008478,0.4438775546938363,0.3047175846169456,0.9285714285714286,0.0,0.0357142857142856,0.843472434785187,0.2129915884212005,0.8225584357016791,0.123698996080482,0.1160212076183481,0.0805877521219311,Up trend,sell,low,Middle
PAXUSDT,0.2199565460758526,0.584158415841773,0.8414090765251474,0.6127597111623386,0.6735780473098493,0.633054961803845,0.4956782815326571,0.6300708158411711,0.3820668820743439,0.4165157658898046,0.4105691056912094,1.0,1.0,0.5107868020292567,0.0,0.0,0.4583333333333332,0.0037237046101508,0.4551896311363176,0.2190781094977832,0.0445049264002342,0.0445049387296813,0.0,Up trend,sell,low,High position
USDCUSDT,0.6358008069612963,0.7419354838706615,0.7652162195646623,0.763217367428459,0.7722571560795712,0.7380928050533341,0.6939246130876223,0.7359992087095443,0.5258129004453623,0.7350429715385361,0.1488605477733706,0.3913589119128817,0.1954104085687806,0.5935483870958947,0.5714285714285715,0.3571428571428571,0.3928571428571428,0.0049354041314294,0.5559368061057238,0.4016347725673369,0.0321053418720512,0.0320538602197097,0.0020491803278663,Down trend,buy,low,High position
LINKUSDT,0.2337272583810302,0.2449796401350364,0.2539524630210933,0.6344040627568652,0.3305928099640852,0.5213052917908932,0.3513775308245175,0.3251657794896823,0.6804691643226939,0.399068244305052,0.3312521747117946,0.3713558279233915,0.0,0.4500589507568471,0.3571428571428571,0.0,0.3214285714285714,0.9012083953652258,0.3484129203030772,0.6357299674831112,0.2161814760954826,0.1554295789860378,0.0467905869425876,Up trend,sell,low,Middle
WAVESUSDT,0.3989157855664532,0.5115507042445929,0.5791177904183177,0.7044497074532785,0.850602472176372,0.7882407355904406,0.2651978436553894,0.3023092406233558,0.4129484895285487,0.4652990639425128,0.312257235569295,0.1537848822637092,0.3444287113937428,0.3022712797989024,0.3571428571428571,0.0,0.3214285714285714,0.869954065956067,0.2762972720298432,1.0,0.3273644816722718,0.1368594514082969,0.0398523985239853,Up trend,sell,low,Middle
BTTUSDT,0.1005732662865621,0.1322121708318794,0.2212872865824268,0.5070385463369739,0.2182698124003509,0.5462098445761105,0.447285849787792,0.4592105726562026,0.4918407159610876,0.1168272726470201,0.2189467543471044,0.5465331576714532,0.4975816554076721,0.4236238871214124,0.9285714285714286,0.0,0.0357142857142856,0.8483392208332412,0.4527291800085184,0.6078123875643088,0.0734628040045593,0.1080877589702561,0.0249759596642148,Up trend,sell,low,Middle
ONGUSDT,0.2953343400225665,0.7158963676604602,0.8870951610979516,0.8334280512095367,0.9422804489356864,0.8508055097593297,0.4833931195992281,0.5240813287797127,0.251788669824387,0.5576729459450696,0.6240693658863949,0.2507397842722826,0.4958103347067011,0.3603830196923002,0.4285714285714286,0.1428571428571428,0.3571428571428571,0.1361018326215062,0.8917947356477254,1.0,0.1651053892600269,0.0863261125527987,0.031535062713797,Up trend,sell,low,High position
HOTUSDT,0.1057310051906405,0.1430153382183164,0.188024860923968,0.5017853440572771,0.2643762888141377,0.5734303277459999,0.43814176245972,0.4918783297946774,0.2585734880003352,0.2439185987354989,0.1886660408533145,0.4844016664554093,0.4207188733137297,0.4055268471032031,0.7142857142857143,0.1428571428571428,0.2142857142857142,0.2208703612991747,0.6240501117329463,0.6521275533684051,0.0953398122668507,0.1172418143429439,0.0148078705429908,Up trend,sell,low,Low position
ZILUSDT,0.1194490617601953,0.1316418546306597,0.1383436998720108,0.4981322277202211,0.1655735912952054,0.3490644099353708,0.5501944941030814,0.5580035032879662,0.6066233946529914,0.3745049953819716,0.2606676520633116,0.367211127935049,0.2267775176974611,0.538800203079523,0.9285714285714286,0.0714285714285714,0.0714285714285713,0.803300690163819,0.3468294496691727,0.9063833841762864,0.1174540984490227,0.142692064525981,0.0374725756910926,Up trend,sell,low,Middle
ZRXUSDT,0.160554792705766,0.1652283782930065,0.1842380028169472,0.570591070296374,0.2332599226267747,0.5572206747706459,0.5718103110430895,0.5860228385703794,0.5207310823356894,0.1136837528467164,0.3101643741112804,0.3624591582185465,0.2888856633862016,0.5746432238829967,0.9285714285714286,0.0,0.0357142857142856,0.9603739871630296,0.4212681574944214,0.731754012627496,0.1665163808139832,0.1498050796177654,0.0703505355404089,Up trend,sell,low,Middle
FETUSDT,0.7548423195198715,0.7420724094881403,0.685979069234629,0.8721948968786136,0.9782492469027372,1.0,0.440957187613092,0.5428921427988066,0.259318289641455,0.0,0.398650753274306,0.3129860524835931,0.745630348369943,0.1927970019463151,0.3571428571428571,0.0,0.3214285714285714,0.0,0.292435808841311,0.6002264570840212,0.8404021555975282,0.2012230661424542,0.1594590720122328,Up trend,sell,low,High position
BATUSDT,0.1064947787246987,0.1116529207553237,0.1142348663709187,0.4317182372296516,0.1982198048879837,0.4459682986916701,0.5125122492801895,0.4992447848617009,0.6476795349234531,0.1139690819576865,0.2647709256238263,0.6714665781851997,0.3482273913941519,0.5422299828062248,0.9285714285714286,0.0,0.0357142857142856,0.8960528701774543,0.3775935706589419,0.576035201544622,0.1017734432813547,0.1127357115590112,0.0592191294601159,Up trend,sell,low,Middle
XMRUSDT,0.1581773437039681,0.1640448103577544,0.2154543364490559,0.4527935410295962,0.2380122371407594,0.4346438319249673,0.3685421586802304,0.2881248745654206,0.7827070049796088,0.1245054691399294,0.593600802722508,0.4767143879223942,0.250454197358368,0.5456099815378307,0.3571428571428571,0.2142857142857143,0.4285714285714285,0.8522309782914413,0.2954642466386908,0.7180803363986701,0.0985632610116179,0.0806455195924474,0.0682102918658066,Up trend,buy,low,Middle
ZECUSDT,0.0592392357237812,0.0664385514684915,0.0730678211200241,0.2860079886349418,0.1145105450840492,0.2036745535517003,0.3591885470240625,0.3493604456292133,0.7371528252641376,0.13839285925878,0.1519802798368855,0.699193209512385,0.3843492123306138,0.5548384868799053,0.8571428571428572,0.0,0.0714285714285713,0.925255589769439,0.4156410423925427,0.6703414839523009,0.0652422290558856,0.1017965120727117,0.0078517587939698,Up trend,sell,low,Low position
IOSTUSDT,0.5657532528786254,0.6337905768083832,0.6546499990060505,0.8356184900055702,0.9094037783313572,1.0,0.397871474014352,0.537097484556858,0.1238059881732715,0.3002537888259798,0.1876094100093977,0.2571114888582377,0.4581320645272014,0.2198694612892595,0.4285714285714286,0.0,0.2857142857142857,0.9243795474258448,0.2648111526309638,0.8997119239218335,0.6204332521668446,0.2310881116583345,0.1645365263016277,Up trend,sell,low,High position
CELRUSDT,0.8231099779369817,0.9206029008566192,0.8937383760961755,1.0,1.0,1.0,0.9127790204275024,1.0,0.3211934424979558,0.7641624167704852,0.503861914460305,0.986245648105999,1.0,0.9404442432160076,0.2857142857142857,0.7142857142857143,0.7142857142857143,0.4448882539109395,0.1450600964018048,0.7343475205724178,0.9587446898622802,0.2118728474304609,0.1973554649036433,Down trend,buy,high,High position
DASHUSDT,0.1310619277622906,0.128732106339468,0.1406442029273114,0.423639550061735,0.2398757963180001,0.4321873740299881,0.3262423601983723,0.3292003358621234,0.656181131347452,0.1302613006754528,0.3099409744858624,0.2478805931949241,0.0,0.4905529164970932,0.8571428571428572,0.0,0.0714285714285713,0.7935560424158237,0.2881152145952171,0.5461491732675621,0.1444135214577771,0.1159903315301853,0.0765713588977625,Up trend,sell,low,Low position
NANOUSDT,0.0670490936404415,0.1060448967438695,0.3127388288742311,0.2632266868834736,0.1790936243345525,0.2549576934858833,0.1690759344914536,0.1690549724988479,0.6316615269107606,0.3455676731890258,0.1814357436388807,0.5372376253796014,0.5187569948156582,0.2784292298605001,0.8571428571428572,0.0,0.0714285714285713,0.024707699851895,0.3458999009554033,0.8218695126554025,0.0735844927022116,0.1292881309432545,0.0157569482641472,Up trend,sell,low,Low position
OMGUSDT,0.8484446187881857,0.796796505983552,0.6347080460421213,1.0,0.8624313026083142,1.0,0.9328354751051168,0.8958186519772832,0.6247112121159488,0.4597395170641197,1.0,0.5673905158552937,0.6010137640529802,0.6857893054477381,0.2857142857142857,1.0,0.8571428571428572,1.0,1.0,1.0,0.6650503623729619,0.1029076520541648,0.4586900258809478,Down trend,buy,low,High position
THETAUSDT,0.0397001428803243,0.0819302237912709,0.1409152362265847,0.2186055187925935,0.0397185688396054,0.0992579963264464,0.440114985309978,0.4308112788343236,0.4201069501445005,0.3402818823452324,0.1851610880122863,0.389605544349109,0.1962478630031647,0.3593451446703972,0.9285714285714286,0.0,0.0357142857142856,0.5823445012222445,0.2611339232314699,0.5253955114969578,0.0133497872561382,0.1756902530164687,0.0051921079958463,Up trend,sell,low,Middle
ENJUSDT,0.0968356577677083,0.1267271546592586,0.2279009666128041,0.3623819045999102,0.2177129854224993,0.4577719699605448,0.4203356748174306,0.389423165388905,0.5198611182491709,0.0914127713119757,0.2362648018361816,0.9139168646616898,0.930172506076641,0.3598713758528444,0.3571428571428571,0.0,0.3214285714285714,0.8853961543335798,0.20370358069232,0.7579142357408098,0.0851215474014444,0.1221486159113515,0.0596985518668109,Up trend,sell,low,Low position
MITHUSDT,0.0341555499651917,0.036939069956716,0.2294370768339374,0.4154696032994189,0.0886236951171935,0.3633491803629705,0.6400895871125737,0.6475223359341704,0.5021851997829959,0.0549615913730898,0.1187806306490512,0.1118790956556533,0.2198091291659661,0.6426582216312481,0.9285714285714286,0.2857142857142857,0.1785714285714285,0.0,0.3133638637236355,0.8577243724162178,0.0255788248107824,0.0952908192899265,0.0371927857209606,Up trend,sell,low,Low position
MATICUSDT,0.3529623295394551,0.4679535531955285,0.5473722989370379,0.290326911422945,0.7456447860331474,0.2952404755634822,0.1106785385981481,0.1172085292635101,0.3542175472198781,0.132309810731875,0.2643711350463696,0.2750796778703299,0.1015959240253929,0.0937210397752274,0.3571428571428571,0.0,0.3214285714285714,0.9548699546954807,0.1451895215527287,0.581438116130483,0.2059089054621832,0.1115392314257948,0.0226029848497214,Up trend,sell,low,Middle
ATOMUSDT,0.8031154742734051,0.8570086965471106,0.7846616104767568,0.981813084764291,1.0,1.0,0.6933598634526912,0.8966251525390169,0.227228002052591,0.2283334375113594,0.4588111211540722,0.5346973284559788,0.744200435656899,0.7880339054687338,0.3571428571428571,0.2857142857142857,0.4642857142857143,0.8700483045975627,0.2957640255727444,0.9914437176796554,0.8680211128663606,0.2550031345911639,0.1656189193234549,Up trend,sell,transforming,High position
TFUELUSDT,0.0,0.0037904417802578,0.1284806678529521,0.0,0.0,0.0,0.2472678944599542,0.2402848761632842,0.3718000027016052,0.2619577786855254,0.2143543338151485,0.4453761535026397,0.2305949768108202,0.194786041581773,0.3571428571428571,0.0,0.3214285714285714,0.9521569890083044,0.6126407909015593,0.3932238335675055,0.0253179842827131,0.1575597994005569,0.0115913230667328,Up trend,sell,low,Middle
ONEUSDT,0.6878167246687272,0.7360756374064611,0.7524798506135634,0.9286429452870024,1.0,0.9971175043605586,0.4454465236733831,0.5886084393014948,0.2856707251062217,0.3648104693411462,0.5249156024450943,0.1941441100614806,0.5298808394624612,0.2035899668028766,0.2857142857142857,0.7142857142857143,0.7142857142857143,0.1661735222399586,0.6290598250851628,0.7978603621929766,0.6595562899861594,0.2585280992776981,0.0824623645603606,Up trend,sell,low,High position
FTMUSDT,0.6996078876130712,0.7563343820356561,0.7876558824069341,0.9298341312048432,1.0,1.0,0.3471300334073683,0.4786641088062779,0.2103285256912649,0.4265710526481932,0.4802176344826554,0.4032805635150833,0.7360205551873288,0.174697531325151,0.3571428571428571,0.2142857142857143,0.4074074074074074,0.5137398563446598,0.3072999194344046,0.9302159139240532,0.8422218712598263,0.1664490359424351,0.1010511562718992,Up trend,sell,low,High position
ALGOUSDT,0.5508933409596342,0.6304085942261085,0.6712655329590196,0.8874703146206756,0.9821790829760462,1.0,0.3664145863295374,0.56408885418865,0.0237391830208481,0.1998637053022409,0.1699964129119381,0.5304598354462983,0.9796150655285798,0.2113052575799791,0.3571428571428571,0.0,0.2962962962962963,0.3814344479678968,0.0955039140463924,0.4402752706707517,0.8025847423170451,0.4090211542314245,0.0829052511415522,Up trend,sell,low,High position
GTOUSDT,0.023020132207397,0.0403035147366762,0.1667967387419481,0.3217167082781031,0.1134190916904394,0.3184861777568384,0.5454367180023201,0.532728198371208,0.2940976019171378,0.33839605762133,0.1773276918045986,0.226775492561102,0.2574233647666152,0.3761681337004132,0.7142857142857143,0.1428571428571428,0.2142857142857142,0.0017262940353004,0.6154571961312433,0.9017259409339976,0.0787920390490085,0.1383687990976167,0.0235674676524953,Up trend,sell,low,Low position
DOGEUSDT,0.2083152205660194,0.2521586663605722,0.4115202563936231,0.1444985739095757,0.2213903895520294,0.1520922892901779,0.1139741337703071,0.0931794658847147,0.608887043986938,0.3293760894690427,0.1479079241165304,0.353971064674888,0.195087008486098,0.3537739917015131,0.7142857142857143,0.0714285714285714,0.1785714285714285,0.8797867631231863,0.0815131131139128,0.8069575515188147,0.0536540373008811,0.0442578988078658,0.0187511812251141,Up trend,sell,low,Low position
DUSKUSDT,0.1326402388094911,0.1310735224745602,0.1295914746763773,0.6258610981278989,0.1741095042898448,0.6693636512521879,0.6850606028606869,0.710574857734659,0.3395007029733969,0.3211695557175101,0.2935552601847916,0.1447584945307338,0.1367397100997075,0.6460540439632227,0.4285714285714286,0.0,0.2857142857142857,0.0269265101585821,0.6874792277148111,0.9335791809809968,0.1487863570713582,0.1149037854401136,0.0455508474576269,Up trend,sell,low,Middle
ANKRUSDT,0.127679153518545,0.1521705464553959,0.2129366294191152,0.4454989468169926,0.2235167241347676,0.3769764125556607,0.336381450457454,0.3578849720770412,0.3677375401825574,0.1377935319091361,0.2549019187695632,0.5224291960489532,0.4025860890452429,0.2755430779762032,0.9285714285714286,0.0,0.0357142857142856,0.9575514371806998,0.211197839453281,0.931943647130707,0.1299885055158393,0.1780801052784207,0.0574508278697633,Up trend,sell,low,Middle
WINUSDT,0.0341076506547475,0.0559852866582089,0.3615911339909707,0.360302517927388,0.1171737345126368,0.3664451731169941,0.531822834655535,0.5352378292190798,0.4766585623073959,0.1496295017550744,0.1919764132514155,0.8631026258708087,0.816322689144457,0.484621316583866,0.7142857142857143,0.0,0.1428571428571428,0.0197000427488839,0.4937295878954383,0.5865064771165711,0.0322910952738105,0.0829148353585467,0.0038019601216626,Up trend,sell,low,Low position
COSUSDT,0.174991659370767,0.2032258064516121,0.24784901823975,0.525689831633353,0.3263559455335503,0.6193452075390921,0.4524910221132061,0.481431444312954,0.3056406272611383,0.3182954237169501,0.1312226407411176,0.3005626232046067,0.3613087786504293,0.4196651558597723,0.8571428571428572,0.0,0.0714285714285713,0.0028208621883368,0.2887356674202753,0.9826297970370508,0.2933732651421235,0.2129009637794897,0.0645756457564574,Up trend,sell,low,Low position
NPXSUSDT,0.0,0.0,1.0,,,,,,,,,,,,,,,0.0,,0.3702572729078868,,,0.0,Down trend,,low,Middle
COCOSUSDT,0.0731668857075217,0.0958162783375314,0.2186489774218076,0.4503777761245508,0.2085130369183134,0.6746685272547804,0.5224877185000542,0.5196315502103594,0.3083047169835797,0.30563236238756,0.2752295730683006,0.5210710750029656,0.3082933693330005,0.446322558025639,0.8571428571428572,0.0,0.074074074074074,0.0646934338538568,0.5579290000343692,0.8404703604867334,0.047146090677625,0.110252247967018,0.0315568022440393,Up trend,sell,low,Low position
MTLUSDT,0.2483987583322499,0.3257094973443908,0.4708281068297137,0.6863919814950777,0.4931369032368161,0.7296792430862247,0.3537334053856736,0.5051653473517874,0.1922637610435481,0.5156929484767901,0.2381245869552758,0.1535200462161841,0.2550805926346356,0.3665789665364709,0.5714285714285715,0.2142857142857143,0.3214285714285714,0.5156065410360188,0.3192942992179424,0.7666801045874981,0.2466214483034242,0.1688475802898643,0.0687401890994049,Up trend,sell,low,Low position
TOMOUSDT,0.2255031766767908,0.3036315645763168,0.3904584624239317,0.3425553357194597,0.4888901129171909,0.3766856961518875,0.2690127111869372,0.1722049562042066,0.6605702628916483,0.1962405136202881,0.4708014053512582,0.1757165148436318,0.0798358333724088,0.380225921025889,0.3571428571428571,0.0,0.3214285714285714,0.3908741443838874,0.4448772064397688,0.0531577087186167,0.2759035458369371,0.1948841183710651,0.0474576271186441,Up trend,buy,high,Low position
PERLUSDT,0.1262291976932249,0.1510573662396381,0.216658038384792,0.6951955370396965,0.2204817458683851,0.7148480547799,0.6504493616677257,0.676096312660892,0.3289103876508175,0.1412550131442054,0.2165078234082563,0.319074146613274,0.4833749270320424,0.6493139341118818,0.3571428571428571,0.2857142857142857,0.4642857142857143,0.0026424227412984,0.8075863295323563,0.8948990310650017,0.1698013985836821,0.1371930577540014,0.0504036657211433,Up trend,sell,low,Middle
DENTUSDT,0.1458471242633006,0.1549511805244809,0.177241632891677,0.5090836381554441,0.2409853260763559,0.5024752038626754,0.5028384285596363,0.5201144120353052,0.3266190655649894,0.4883096353355403,0.5925348661253819,0.3547869259268372,0.3575329628326278,0.4782591789275406,0.3571428571428571,0.0,0.3214285714285714,0.5262432196366994,0.3591213180517247,0.4989434200115525,0.1148347541880142,0.1220297092654764,0.0366753667536674,Up trend,buy,low,Middle
MFTUSDT,0.1645902080953026,0.1756026336314004,0.2216631354800617,0.630020800579303,0.2593442904070998,0.6379511487860102,0.4678345952537732,0.632833131519237,0.0858535651903325,0.0501654550401204,0.2951139581196281,0.2250716676059448,0.1305746293776299,0.5221124111873868,0.9285714285714286,0.0,0.0357142857142856,0.3687580928164135,0.6935412014390879,0.9382627104122506,0.0969389628335892,0.1473054920762425,0.1563462876453632,Up trend,sell,low,Middle
KEYUSDT,0.0731995322227918,0.0753230216878532,0.0974047579162801,0.4356232824315485,0.105112781987396,0.4605440814784375,0.6421200646432237,0.6717508913516571,0.2408941745806524,0.7015944319700089,0.0752306690063862,0.2452233987252044,0.287697800470218,0.6751056726059905,0.7142857142857143,0.2857142857142857,0.2857142857142857,0.0,0.6291437044990286,0.9061132917063,0.1686260281443768,0.2343159808923361,0.0291131278641387,Up trend,sell,low,Middle
DOCKUSDT,0.1726431809084301,0.3479244963721888,0.5425943547597512,0.5700338867180088,0.4573834090876729,0.6155783631034598,0.4728176343470661,0.4628062546333441,0.4137820110707907,0.636993070907493,0.214571628755445,0.2385182487133515,0.475750042402572,0.3822878711471369,0.3571428571428571,0.2142857142857143,0.4285714285714285,0.0036877281758032,0.4380762543062779,1.0,0.3088423406247135,0.1561263333247103,0.0241192261921234,Up trend,sell,low,Middle
WANUSDT,0.1348247453418705,0.1442378045451073,0.1526479663964934,0.6183134885333227,0.2143973737928765,0.4604147019109154,0.5873983359022988,0.632917421017948,0.5390657904581715,0.3509470340462591,0.1893451534890805,0.3259197752795452,0.303932293048693,0.6058107364709961,0.3571428571428571,0.1428571428571428,0.3928571428571428,0.6707968570147422,0.3475531707680842,0.9009590733737928,0.1583557319355653,0.1290753142927918,0.0220108695652175,Up trend,sell,low,Middle
FUNUSDT,0.0820341933615583,0.1156990652822647,0.1581257835831028,0.3104066086153264,0.212698384714594,0.3897537147457827,0.3276030380227001,0.3104548995013759,0.4354771057003676,0.3067443049543983,0.1438429745725472,0.3012047866174757,0.355461716534963,0.4185431161565791,0.7142857142857143,0.0,0.1428571428571428,0.0,0.1506799428609913,0.3991816765300304,0.1460164087838304,0.2589722086394079,0.0411798952066758,Up trend,sell,low,Low position
CVCUSDT,0.3079207409873284,0.4711099480655414,0.6044992182858169,0.7884830143116027,0.6423007134447721,0.7517496257225871,0.3590373724846381,0.4835149840917629,0.1635406331634793,0.4584327177354169,0.2770580451487408,0.5104070350042301,0.7985460723129214,0.1752306228942142,0.4285714285714286,0.0714285714285714,0.3214285714285714,0.7131639728209478,0.13385957771387,0.9124260906485314,0.5620604593342466,0.2832455886631704,0.0943980845744868,Up trend,sell,low,High position
CHZUSDT,0.0431284762022915,0.0786690433749254,0.1659486967758342,0.2921690235009846,0.2165951995400055,0.3576591944096532,0.4087067997145057,0.3834557951545642,0.5154832178061833,0.2026544690797707,0.1854062075445702,0.8428689814744854,0.7020045825465756,0.3765154993896941,0.3571428571428571,0.0,0.3214285714285714,0.5924051553111773,0.3861012771863669,0.8982894971320506,0.1054532247710623,0.1214380204367537,0.0212488755157118,Up trend,sell,low,Low position
BANDUSDT,0.1179589102760805,0.1535864112581014,0.1812681674764586,0.584988347575785,0.2022923151060198,0.4760269538722547,0.6002656672776809,0.6353003752359795,0.6179126026516086,0.3281285211933606,0.1420201166642292,0.3155323801174209,0.230676981007407,0.6155188117163337,0.8571428571428572,0.0,0.0714285714285713,0.927594573901336,0.4000620668964926,0.7189129106796701,0.1192071876645459,0.1309373790550946,0.0200002285740409,Up trend,sell,low,Middle
BUSDUSDT,0.5770456060371622,0.7100000000001293,0.7821142949150264,0.7913802093486249,0.8104198863755002,0.7865652642264034,0.6505694555935145,0.7321440892571005,0.4537129184201161,0.3656833115123181,0.5216783216783549,0.0892782204034229,0.0252358980083225,0.5671267252179962,0.5714285714285715,0.3571428571428571,0.3703703703703703,0.5439937107429278,0.3959496610404344,0.8364613938882842,0.0019814642318378,0.001977458122818,0.0033898305084741,Down trend,buy,low,High position
BEAMUSDT,0.0875378407246092,0.1087175176016695,0.1528286694576288,0.4979624779794424,0.1608965546950781,0.4127767560711517,0.5819943973531183,0.5910348242193673,0.7112881349473611,0.2499002193523564,0.1886820380903873,0.0884001716632132,0.1583746319926884,0.6006770263245752,0.3571428571428571,0.0,0.3214285714285714,0.0,0.5615971025005193,0.9000376119219358,0.1233967792760097,0.1916789883033516,0.0807092632222563,Up trend,sell,low,Middle
XTZUSDT,0.7367861543564532,0.7631722418274413,0.6643867840442927,0.9517354107854658,0.8872353140627433,0.9880970617028836,0.611544290290125,0.7295731579687478,0.4342736193049899,0.4478031598077337,0.5302036677732355,0.1884354890961647,0.5225547977815715,0.6056396601815227,0.3571428571428571,0.6428571428571429,0.6428571428571429,0.4979228178900868,0.1125649084642054,0.8115335281963734,0.7718348286184316,0.2687634511158477,0.1323732946681604,Up trend,sell,low,High position
RENUSDT,0.9163481607820192,0.8938956966037461,0.730410579646613,1.0,0.8166270631785031,1.0,0.8944061235563685,0.9846234957140072,0.5527583875631941,0.5989535434372265,0.4696293555167256,0.4167011818346288,0.5533082236034036,0.891407111390498,0.3571428571428571,0.5714285714285715,0.6071428571428572,0.7839647347508598,0.3868113691477283,0.892270621542556,0.763555599245799,0.2547778745494358,0.05563778193564,Up trend,sell,transforming,High position
RVNUSDT,0.2530168145260172,0.2691178818357093,0.3237461701251561,0.5571218800744329,0.4159625462022262,0.6114476174857971,0.3541727692344109,0.3491339739823798,0.3895728819765712,0.1447045785367239,0.2849543568073615,0.4025763144722111,0.2930937363373083,0.3212247535023583,0.3571428571428571,0.0,0.3214285714285714,0.7967713382056584,0.2722302569059499,0.8079603416584902,0.2681611737436164,0.132776641164954,0.0386144964720975,Up trend,sell,low,Low position
HBARUSDT,0.488053780220097,0.5237075516012271,0.5705458084550858,0.8129781494522236,0.956932686092631,1.0,0.2646779971219476,0.476240141939351,0.0898840987768211,0.1185013160259618,0.2308537630569332,0.2056969455099501,0.5357021819027186,0.0975581510370826,0.3571428571428571,0.0,0.3214285714285714,0.7042489769528372,0.2831293370573115,0.7393825038527978,0.6469344436779921,0.3506190649417974,0.1617375747749765,Up trend,sell,low,High position
NKNUSDT,0.0830659164037565,0.1167217423232263,0.3162776245121098,0.4483652426621062,0.2732437405456387,0.495685248555253,0.402791941551729,0.3725392190502027,0.5284709463803042,0.016990057968366,0.1992249081125846,0.4612128281046894,0.4261045223572734,0.3519685231348524,0.9285714285714286,0.0,0.0357142857142856,0.0267355526589382,0.554757609673335,0.886184667799487,0.0675542705979079,0.1127644546740029,0.0079461018970713,Up trend,sell,low,Low position
STXUSDT,0.2365261833222095,0.2972657882580674,0.426715416645962,0.6867929760909668,0.4175719115751791,0.7002478614414568,0.509096063984555,0.4350619776379663,0.4310456377756787,0.0749179467251781,0.2575650950035182,0.4390576660998923,0.4316220872756787,0.4333558402596468,0.3571428571428571,0.0,0.3214285714285714,0.9424504173751892,0.1561224732670196,0.9708862473139817,0.1303702763552834,0.1823588360650017,0.0252480247133607,Up trend,sell,low,Middle
KAVAUSDT,0.3855423275382918,0.4326182950076014,0.4572507176543571,0.4739259685640996,0.6463595186588968,0.5758049288943298,0.2205159653414842,0.1838281511672566,0.4518043397055599,0.3532089075431535,0.4147818947718287,0.199618085345662,0.2577038722668698,0.2921845087748677,0.4285714285714286,0.0714285714285714,0.3214285714285714,0.8517914399783263,0.0800608552956003,0.7840776812340403,0.389666406007254,0.1530619827011887,0.0930586784652207,Up trend,sell,low,Low position
ARPAUSDT,0.3743068639078772,0.4069390201062137,0.4420949316022636,0.7935353478354336,0.5083986873762932,0.8292465466510233,0.5687755597682084,0.5976848677188329,0.426711904163021,0.4722216485994824,0.3818469947705493,0.3752004482700652,0.3807832596776407,0.531248821951128,0.3571428571428571,0.0714285714285714,0.3571428571428571,0.0403188262976223,0.5006815376557312,0.92872936031463,0.3414630472582297,0.128757033485189,0.0926791277258567,Up trend,sell,low,High position
IOTXUSDT,0.3938929164363053,0.546065398796817,0.7244342111059284,0.6676986020460467,0.8459311806462018,0.652629128639102,0.1391524091656293,0.1343255819329129,0.2717083778610252,0.6253562742004437,0.4721194962207325,0.063343324312048,0.1325956346393837,0.1317186263215791,0.3571428571428571,0.7142857142857143,0.6785714285714286,0.0377964559608594,0.0932409819393162,0.9538355951098404,0.6058922202881365,0.3366444476595584,0.0887427558284155,Up trend,buy,transforming,Middle
RLCUSDT,0.0861515525295243,0.1669071822085975,0.4177286890964219,0.2618104607253833,0.3491634398876768,0.2593496882959801,0.150079952934043,0.1569779021865887,0.3247989710140725,0.4125875895268854,0.4664909323364219,0.3166332313737783,0.3824736162927435,0.2329369939014246,0.3571428571428571,0.0,0.3214285714285714,0.0106356230820485,0.8035992133104582,0.7614115869025493,0.0778363709204302,0.1139855351082472,0.0164047310434218,Up trend,sell,low,Middle
CTXCUSDT,0.1098900828520809,0.1586083142258997,0.2015264772883967,0.7861949721376472,0.2716007560872053,0.94867494790353,0.7059676266481983,0.8040078260925845,0.3646298677963835,0.7518061675881017,0.0923120089786755,0.7797103541102778,0.9138671968507344,0.7698838679537499,0.9285714285714286,0.1428571428571428,0.1071428571428571,0.0038752952486266,0.2944367289428529,0.9306608081090482,0.2898597968243045,0.2630409152087912,0.0140758873929009,Up trend,sell,low,High position
BCHUSDT,0.0465051451125568,0.0668239511539847,0.0864423115673295,0.2785037807225964,0.1471857033338449,0.2438412475875978,0.2158059358562019,0.2154366125953148,0.676320039050241,0.1227175303865794,0.1725003633940258,0.7419997674040972,0.3890132088760116,0.4440764881588588,0.9285714285714286,0.0,0.0357142857142856,0.9158312681968872,0.2392677808656058,0.3312435683204956,0.0403505558458867,0.0792206165446311,0.0160524456566387,Up trend,sell,low,Middle
TROYUSDT,0.2321227760055444,0.250577320239876,0.2790278520581127,1.0,0.1577076327373737,0.5224776709462239,1.0,0.9926228899826482,0.6923775734161473,0.8312393758158501,0.1287213069039612,1.0,1.0,1.0,0.0,0.2857142857142857,0.6428571428571429,0.0,0.2399253768754654,0.9903363491992376,0.5804044738228927,0.4410226962178009,0.0318848116488445,Down trend,buy,high,High position
VITEUSDT,0.1031473223525552,0.1231580051392311,0.1765355554198279,0.6317113461556955,0.1862195501335198,0.4608729278733331,0.6118931763418003,0.6457627712402851,0.3520652881248586,0.5408791605479454,0.2193450846931739,0.0105183196911666,0.0606089447559657,0.6108019233247862,0.3571428571428571,0.0714285714285714,0.3571428571428571,0.0,0.4353958820168701,0.964429867857402,0.0968710789921453,0.1391747038212247,0.0492213570634038,Up trend,sell,low,Middle
FTTUSDT,0.5243215591227016,0.5338751238850349,0.5144829556281812,0.7050150887994229,0.8598254426527941,0.9798817486480544,0.2334857272195815,0.3369110864576894,0.3234972272751616,0.459901063379784,0.1796330950742143,0.244843893141868,0.4960208113985563,0.1454360546006071,0.8571428571428572,0.0,0.0714285714285713,0.1169050209492337,0.2017178561197158,0.6979178292038017,0.6930753978603674,0.4330278702772398,0.0794490701112751,Up trend,sell,low,High position
EURUSDT,0.1237414349190069,0.0794511805998687,0.0848429757414398,0.0889972137376217,0.030640309449229,0.0920362669296574,0.3505511526004297,0.365551076916165,0.4319920491771132,0.0057345961504034,0.0528371710526371,0.3768046339857355,0.275250270817725,0.3621502772290387,1.0,0.0,0.0,0.7037133371313331,0.3870581684514233,0.6450176327888101,0.0076561357186931,0.0129898643388927,0.0035912504080969,Up trend,sell,low,High position
OGNUSDT,0.0288281587425495,0.0350165327862095,0.1612941384601875,0.3473652910542885,0.1182243718320788,0.4007163827804733,0.5392720376073686,0.5636059811705967,0.308915328046731,0.1878216742010789,0.1407034625417788,0.4390197585982126,0.4669887767009639,0.5018467858004552,0.7142857142857143,0.0,0.1428571428571428,0.2501575199776439,0.4170806023811672,0.8149130891897605,0.0532512653678541,0.1412478354683429,0.0,Up trend,sell,low,Low position
DREPUSDT,0.0552563117247756,0.0746791241978106,0.1100896274273435,0.5319883432912155,0.1123647178891588,0.5720504676248146,0.6868348987162031,0.7414003855668325,0.2650629508870065,0.7055169132854817,0.1696121759862349,0.1461214898715536,0.1754774766093246,0.6714038998579204,0.9285714285714286,0.1428571428571428,0.1071428571428571,0.0076054294562345,0.6379922748682757,0.8954174902690526,0.0300156831243,0.1070458016436634,0.012666244458518,Up trend,sell,low,Low position
TCTUSDT,0.075330508255155,0.1076218736206557,0.1559965798151448,0.5614378452570072,0.1861040335831084,0.5065991918115929,0.4394315474524516,0.5533420000825997,0.3990785671502403,0.4617073113502432,0.1256967336152757,0.6335684337710988,0.7171082982482242,0.4294593144711798,0.9285714285714286,0.0,0.0357142857142856,0.0028743771352443,0.772761322795696,0.7881123953161706,0.1334742955485554,0.1662473361641113,0.0259327338665606,Up trend,sell,low,Middle
WRXUSDT,0.0214286651338036,0.0390312086187447,0.3708614587631224,0.2818334028660298,0.0491625139440556,0.1310008165413946,0.643909300730937,0.5955107452618851,0.4946922251690731,0.3708974870711614,0.2533013100097253,0.636457588253445,0.6962943114205713,0.5791942387575406,0.5714285714285715,0.2142857142857143,0.3214285714285714,0.0212548062381262,0.723156038834444,0.7245431426213815,0.015815708461705,0.0651702686338284,0.0011700650556171,Up trend,sell,low,Low position
BTSUSDT,0.0138802081046428,0.019597500608618,0.0628336389529281,0.2550327640044493,0.0640531493555594,0.1395796597327659,0.6182342076528027,0.6138999231161303,0.6535831035371219,0.0548724969357026,0.1763125349807374,0.569150388198902,0.6136168481898124,0.6498778075553929,0.9285714285714286,0.1428571428571428,0.1071428571428571,0.2924596169422764,0.3179471253590771,0.5616645150038794,0.0641004947011983,0.1231089588090443,0.0063936063936062,Up trend,sell,low,Low position
LSKUSDT,0.117353612978889,0.1146321008724826,0.1302502052069857,0.3923016924111039,0.1826040224871356,0.2869611869340812,0.3234228079484879,0.3575691290337313,0.4725594664416103,0.564721051701752,0.3878453463643806,0.2818767762188413,0.2195044500239578,0.4320479785363325,0.9285714285714286,0.0,0.0357142857142856,0.5475760833287538,0.3234315731587118,0.9223523892157566,0.10169472699699,0.1247908017066342,0.1346252595387466,Up trend,sell,low,Middle
BNTUSDT,0.1244497725784055,0.13051940200709,0.1428490728532679,0.4106167952317151,0.1531777599749701,0.2744525373315264,0.5408730851921386,0.5464234986425343,0.6198607079094067,0.3067449517216611,0.2464586995555349,0.5837573957670878,0.4522427825345054,0.5541043325215362,0.3571428571428571,0.0,0.3214285714285714,0.206075765595421,0.6861160855255537,0.5953886871000493,0.0939024632197366,0.1105557356265375,0.037330012117948,Up trend,sell,low,Middle
LTOUSDT,0.1591560940769387,0.1505220159717322,0.1357125135400413,0.6947018199277871,0.2038141680920396,0.7761385967322035,0.6790082191094569,0.6982150911276119,0.3221424359639843,0.6766904247279995,0.2791234897048528,0.282672376592236,0.3948102139455086,0.6094390004875189,0.3571428571428571,0.7142857142857143,0.6785714285714286,0.0129747118508822,0.3995079499414778,0.976272753771238,0.3043190987284805,0.1882665309277669,0.038955289951306,Up trend,sell,low,Middle
AIONUSDT,0.0750070517504801,0.0916430959115454,0.1146065811053128,0.3950802819450681,0.1374838275298032,0.2844625876993035,0.5173611208855091,0.5901878876031088,0.4557176905864873,0.5950556554110152,0.1277825835340799,0.2774591696200091,0.234110608142613,0.5306473680420534,0.5714285714285715,0.1428571428571428,0.2857142857142857,0.1112674659738719,0.6279460159064854,0.9773276883972152,0.0923831599907543,0.1208859549363236,0.0221049158693501,Up trend,sell,low,Low position
MBLUSDT,0.1033092225922891,0.1270961383658206,0.1819630565292537,0.5851720597020006,0.1446018764610326,0.5660591976456333,0.559072580967781,0.6998066612300454,0.1140872908057141,0.1043184623667653,0.3135614594055088,0.4188095214990995,0.3944454441009966,0.5847504066852494,0.9285714285714286,0.0,0.0357142857142856,0.8637687582666592,0.4003634140252582,0.9725492540871684,0.0650177229135904,0.1703096124572232,0.0926870748299318,Up trend,sell,low,Middle
COTIUSDT,1.0,1.0,1.0,1.0,1.0,1.0,1.0,1.0,0.9611092630221962,0.8432769473833953,0.8614618583282114,0.5552896907437704,0.4913865939744489,1.0,0.3571428571428571,0.9285714285714286,0.7857142857142857,0.1859913665590198,0.2995785867079601,0.8861183940228078,0.9780410721447848,0.1603342033624579,0.2777456775856707,Down trend,buy,high,High position
STPTUSDT,0.2605933885405094,0.2387364584387968,0.2383021684583379,0.5214788101159974,0.2905993319963765,0.5514416011566927,0.3292651201640301,0.3066219614910169,0.4921370697416597,0.913135660452628,0.4042144251603978,0.3477537261123942,0.3780883120661279,0.2122422279886395,0.7142857142857143,1.0,0.6428571428571429,0.0,0.6553836184036752,1.0,0.2310552248791406,0.2411177978307268,0.5350078492935634,Up trend,buy,low,High position
WTCUSDT,0.1982325436716676,0.2159022418662916,0.230044161231054,0.7304613168514408,0.2898731017872757,0.7660330473240214,0.627017521975498,0.6813694742544342,0.4688906839254232,0.3711562808891713,0.2222949422719067,0.2260394117345799,0.4606016845378284,0.6471610263521448,0.5714285714285715,0.0,0.2142857142857142,0.0234142188001016,0.3362343593981057,0.5199382473802504,0.3230598346622124,0.2010903167419759,0.1112493777999005,Up trend,sell,low,High position
DATAUSDT,0.1630508938468605,0.2719853033978877,0.4981019606079391,0.5298275210226967,0.3508050867627431,0.5713122397115985,0.4400397947295002,0.4317802353177465,0.320127797987541,0.5489222423295045,0.1742993515455379,0.0547287707559779,0.210486895252809,0.3858160822731492,0.3571428571428571,0.0714285714285714,0.3571428571428571,0.00296645307347,0.8861999720401841,0.9802803975381686,0.1118901907656637,0.1109031625960169,0.0082015577059239,Up trend,sell,low,Middle
SOLUSDT,0.6431653679454932,0.7138447895327437,0.7396068210086231,0.8763340723376076,1.0,1.0,0.142348671598352,0.2655065888308769,0.2698079185407642,0.2504489301339511,0.4567319456834656,0.2606232021476985,0.5445751636678077,0.0,0.3571428571428571,0.1428571428571428,0.3928571428571428,0.8754558385460542,0.3223505192115928,0.6727986861495744,0.7786924723399535,0.166957423582572,0.1157366846923051,Up trend,sell,low,High position
CTSIUSDT,0.1413229450334085,0.22902604901835,0.3977753908846766,0.4698883676169834,0.4314682852924794,0.5422642526520087,0.1985264689382575,0.2103683446057424,0.4318761721040971,0.4387387488846598,0.4054417828466106,0.1764982972629394,0.3123824067768435,0.3126720854620816,0.3571428571428571,0.1428571428571428,0.3928571428571428,0.006448798055481,0.3481833421005249,0.9643765582228008,0.1572839117685678,0.1198890815876541,0.01493916720473,Up trend,sell,low,Low position
HIVEUSDT,0.5380363350374502,0.5441123158553867,0.5506837150237295,0.7240705321065377,0.8485354505794335,0.886806505840046,0.1733512619930751,0.3112917249238326,0.2098958795057603,0.4632809082699221,0.2944746981318561,0.4532387360538778,0.7384994354518746,0.0,0.9285714285714286,0.0714285714285714,0.0714285714285713,0.7414218715268891,0.5410771170493741,1.0,0.5191817374012074,0.2867720037435581,0.2804368029739777,Up trend,sell,low,High position
CHRUSDT,0.391626108244901,0.4129849241099354,0.4131535143598821,0.4914266880430064,0.6550797046481505,0.6455231473364531,0.2226812832052493,0.1423481234050454,0.4342264328489332,0.297933813290444,0.3652741880531239,0.2410764279935468,0.2236817993044219,0.2454408351377782,0.7142857142857143,0.0714285714285714,0.1785714285714285,0.0133259087221989,0.413453215604086,0.8876174283266184,0.3991570518208173,0.0805895764852598,0.2014401440144015,Up trend,sell,low,Low position
BTCUPUSDT,0.1527982677689059,0.1452950859135595,0.1418475836770528,0.4309389137597734,0.2467570368308838,0.4583402166762848,0.5076673046259029,0.4988850470850973,0.5442946014858012,0.4374619070034429,0.3678530803481325,0.376823843592596,0.2379173128262882,0.4912254030165249,0.3571428571428571,0.1428571428571428,0.3928571428571428,0.9876317079435794,0.3731947745908636,0.5252978534857085,0.3121431375220023,0.2198545170441679,0.1383833025408381,Up trend,sell,low,Low position
BTCDOWNUSDT,0.116743529964785,0.1303085544527715,0.1621513282523849,0.1462718208731334,0.0464305392297067,0.0866150188111476,0.5621966770894888,0.6054014996199789,0.5228478259656719,0.478476036431008,0.5127659919461328,0.3067587517138989,0.0128406569486672,0.6169735079591826,0.1428571428571428,0.3571428571428571,0.6071428571428572,0.0169222952835734,0.8205100678827388,0.2536968372612017,0.0358110453299916,0.1346441100446197,0.0290954484347993,Down trend,buy,high,High position
GXSUSDT,0.1153973901667523,0.1275954036740697,0.2001869750753804,0.4805354253092324,0.2354428112229949,0.4841748341023711,0.4203496800754939,0.462490420191097,0.4424723385204832,0.2496488113184991,0.115441261829655,0.4117015932556531,0.4009774555476914,0.5287698412698396,0.9285714285714286,0.2142857142857143,0.1428571428571428,0.0021855887333363,0.7842068494234694,0.96464583504032,0.0829497264181245,0.0831901776859822,0.0205807097563689,Up trend,sell,low,Low position
ARDRUSDT,0.3532172593723512,0.4041666457699118,0.4031312312146361,0.745172114807717,0.6149694533036644,0.7671932852441233,0.337044238010778,0.4833910591902108,0.1305497530622251,0.3210291019895758,0.2105865090168501,0.4118845372106783,0.6800930399612817,0.2389500902101385,0.9285714285714286,0.0,0.0357142857142856,0.4447246126183284,0.7872855622331444,0.9526302826070224,0.3413612465130367,0.2390938123190544,0.1908015010102954,Up trend,sell,low,High position
MDTUSDT,0.1409576625385626,0.174590183665118,0.2168864718569393,0.5926104800011023,0.2438396321647174,0.6418999991488792,0.6033307971028967,0.5855930437039564,0.4510484716807699,0.7022140986500045,0.5077054274965994,0.2097593378724986,0.3695027133227268,0.567643273732919,0.3571428571428571,0.2142857142857143,0.4285714285714285,0.0,0.1837198868526002,1.0,0.1808958676470789,0.1362589221095168,0.2035826676349551,Up trend,sell,low,Middle
STMXUSDT,0.1648779779713146,0.1759342888335417,0.2209423362601205,0.599291332564702,0.2694640602058218,0.6278149850120577,0.4421463425859672,0.551064986120618,0.1594650495294108,0.2380734923202252,0.2114951107920641,0.3098857098623899,0.4124368033625907,0.4446378895683823,0.9285714285714286,0.0714285714285714,0.0714285714285713,0.8822399765844751,0.3128963674604172,0.845034556429732,0.1478250051750639,0.2105987819025581,0.0735246564268391,Up trend,sell,low,Middle
KNCUSDT,0.0644821927924653,0.0690335305719913,0.1147837388336941,0.3108202795608482,0.1161079290746938,0.2258690336336604,0.5139079701618524,0.5162390258275202,0.5449564067175534,0.1750309004323908,0.2657071054859772,0.7709971558368246,0.5766252888721272,0.5355610732236208,0.7142857142857143,0.0,0.1428571428571428,0.8809642276131734,0.2177743994108228,0.8783937196445084,0.0962254926241697,0.1433372962772611,0.0685871056241425,Up trend,sell,low,Middle
REPUSDT,0.1801389247587581,0.19643731975737,0.2291631240030973,0.502648745427036,0.2538806066207639,0.5352472145890316,0.3857410841887316,0.3824335319528648,0.4367918748742553,0.3146793781080232,0.2533184393913117,0.3277836270457294,0.2904008527939565,0.3658369773038127,0.9285714285714286,0.0,0.0357142857142856,0.8381077143070482,0.5095982653422898,0.9828692428256194,0.1547096248388074,0.1571134987249644,0.1608884710306734,Up trend,sell,low,Low position
LRCUSDT,0.2830694247101369,0.341140703947932,0.4196494271174208,0.6291280942631851,0.5165754205882007,0.7440926548481352,0.3007375108430777,0.315857011125021,0.457186159827712,0.0612398777059355,0.140771905808829,0.2651572999474461,0.4302441546714085,0.3414966557994116,0.8571428571428572,0.0,0.0714285714285713,0.003017292320206,0.5210418666768629,0.793923455222467,0.2531212670031703,0.1374470573923344,0.0332643746100547,Up trend,sell,low,Low position
PNTUSDT,0.1097019210523091,0.1276211135213305,0.1506726055911443,0.5286442723064311,0.1932465560412248,0.4680391190132841,0.5369173961090032,0.5943432604501345,0.3544097436241586,0.3927052162182242,0.2790915705169607,0.2704595569088905,0.3420698129018611,0.5288970483784304,0.5714285714285715,0.0,0.2142857142857142,0.0042298113019755,0.4832185503353696,0.6989758426531844,0.190703521104624,0.1839964187430181,0.0055053285519471,Up trend,sell,low,Low position
COMPUSDT,0.157179955967574,0.1651335051047635,0.1961837420446432,0.4330977764363372,0.147739745058754,0.3071313042558522,0.2972743627808799,0.2818102587795462,0.574665160927633,0.015119269582045,0.248628505451297,0.5449318120862691,0.3406060658918278,0.4430191484583544,0.9285714285714286,0.0,0.0357142857142856,0.8879184705880651,0.4195847987834405,0.7811784342536489,0.0561260704046727,0.2029989951812198,0.0568801878368993,Up trend,sell,low,Low position
SCUSDT,0.0823468487896186,0.1048921182539244,0.1651418035790186,0.4489087021476422,0.1858599203951745,0.4322215324045627,0.426250099132098,0.3633656539089667,0.6658164446085807,0.1829370729954846,0.2166630597189182,0.3075194353762803,0.0,0.4257661135235605,0.9285714285714286,0.0,0.0357142857142856,0.9644288039253076,0.1230839734304168,0.6344573884529433,0.0928642426942728,0.1263788284503201,0.0221935853379152,Up trend,sell,low,Low position
ZENUSDT,0.1615510869360002,0.192966464577945,0.2266400894264004,0.4626727806803611,0.3290958295562184,0.5182512585643471,0.2056046323621303,0.2110355047404233,0.6121225733623297,0.2007286107316218,0.1907192825786482,0.3010910173683939,0.3865730569828188,0.2032417883534954,0.7142857142857143,0.0,0.1428571428571428,0.7568931158522183,0.1831405542884777,0.2221673500435836,0.1994644950915878,0.2324588321427274,0.0361074630737551,Up trend,sell,low,Low position
SNXUSDT,0.1989115817635626,0.2352488420358176,0.2637706012831656,0.5355022185633918,0.2422911884981347,0.4275271694081936,0.4191279692913562,0.5372346881645775,0.2723564877586958,0.0,0.0690859182111353,0.1382403295621585,0.1547277119954732,0.3647136684421175,0.9285714285714286,0.0,0.0357142857142856,0.3973523916327,0.3972930979240661,0.7438791278392891,0.1068901075266419,0.2247446359543168,0.0048674959437534,Up trend,sell,low,Middle
ETHUPUSDT,0.0586895940880344,0.054849955270193,0.262954185740738,0.3710462312132646,0.1092348168340185,0.2241162890415485,0.4061483689220349,0.40215006432148,0.6961311483182493,0.3077989048102624,0.2330359484780259,0.4927816717913992,0.3003904752518743,0.5665263759311346,0.3571428571428571,0.0,0.3214285714285714,0.9499970779752828,0.5615994481796639,0.8777091607113716,0.0865545433455528,0.0959330683784113,0.0185912034504255,Up trend,sell,low,Low position
ETHDOWNUSDT,0.2027735985636182,0.2155599761267823,0.4661456420954981,0.2108457531301882,0.3530698084774363,0.2759288668302641,0.2665826468839412,0.253156440063089,0.4529107552120235,0.5679352991427844,0.433795388482381,0.2745187659173455,0.0222790431209986,0.3713341229926077,0.0,0.3571428571428571,0.6785714285714286,0.039518263348459,0.8326742901142636,0.1697082480446161,0.2953272029134598,0.0198420472027485,0.0385999393196237,Down trend,buy,high,High position
ADAUPUSDT,0.2741163336661924,0.2926799834451433,0.278711971405441,0.3678209154953897,0.5991235804770687,0.5050147172645396,0.0063001814582953,0.0,0.4718415814748775,0.2242176670226824,0.3109535265257248,0.5657382513314466,0.5687538775654581,0.1142233166485395,0.3571428571428571,0.0,0.3214285714285714,0.971110949120961,0.3393707205128501,0.8662100311554956,0.5785724873067193,0.374025332418037,0.0408361989338853,Up trend,sell,low,Low position
ADADOWNUSDT,0.0006736291162814,0.0010064900192969,0.4209073034882608,0.9495653310109032,0.0,0.0003196297845603,0.8534487997343282,0.5368936944518846,0.8272734625170889,0.7195245659547871,0.341806767708252,0.067590164830069,0.0,0.5291613224917707,0.6428571428571429,0.3571428571428571,0.3571428571428571,0.1118772518196248,0.815935638935509,0.2525922789414904,0.0,0.0026878462795389,6.32991129847785e-05,Down trend,buy,high,High position
LINKUPUSDT,0.0150545434179609,0.0145574958053319,0.0993801664478331,0.1782534752929837,0.0209646271815517,0.0357858376492465,0.5264153419656741,0.529253589190182,0.7001509970878421,0.3751584039686805,0.2010245687758111,0.2771707053878134,0.0,0.624928104443414,0.3571428571428571,0.0,0.3214285714285714,0.4981824887352746,0.5543493808044682,0.6720592174634692,0.0329089017320843,0.1244442880123955,0.0093574091673368,Up trend,sell,low,Low position
LINKDOWNUSDT,0.0052524710001204,0.0073956820883745,0.4075201480169348,0.1995835619068031,0.0,0.0060975105168044,0.9302597616926136,0.9525097331991244,0.7857574377606839,0.5088815565490019,0.452113508720071,0.0592434813641833,4.6865132109711455e-05,0.859103532721918,0.0,0.4285714285714286,0.7407407407407407,0.0061579368926204,0.976785038738308,0.0033051117412039,0.0,0.0581925384084807,0.0006303994009036,Down trend,buy,high,Low position
VTHOUSDT,0.1573450057450275,0.1841585063473382,0.2044712896369937,0.4790611680239232,0.2797578785063671,0.469561133734084,0.350767650664368,0.3401591006325497,0.4757237275436391,0.3772786156450908,0.5143847639108302,0.519088490394279,0.5913680028093595,0.3294508782846329,0.3571428571428571,0.0,0.3214285714285714,0.0391025703883505,0.6032063414705675,0.5582417533020558,0.1385689930329641,0.1374580855368313,0.048984341938214,Up trend,sell,low,Middle
DGBUSDT,0.0519751041170248,0.0631790602511643,0.0759674553631257,0.3208071989917373,0.1229609479334526,0.2327075601900322,0.3158506925617603,0.2906922889979791,0.7357902395069899,0.1823767111145632,0.1991997296401041,0.4229282539296589,0.1149077008899864,0.4298465812548842,0.9285714285714286,0.0,0.0357142857142856,0.3595598348342849,0.3809078573820089,0.817453282415363,0.0457466418596076,0.1181702527843489,0.0172235618325869,Up trend,sell,low,Low position
GBPUSDT,0.012914999612129,0.0,0.0607809035211897,0.0,0.0,0.0,0.0914956545556427,0.0793123442740356,0.4427781690283027,0.059493782344927,0.1848051229346195,0.0076592237945078,0.0486171775040776,0.3281552252890001,0.9285714285714286,0.3571428571428571,0.2142857142857142,0.4905584319262663,0.5002288760667988,0.2926805561321214,0.1053248058357506,0.1193048452869565,0.0235571260306242,Up trend,sell,low,High position
SXPUSDT,0.1332804888389204,0.1496665573412043,0.2246334518055212,0.2861590603465489,0.2751515698579168,0.3395533150213877,0.3560444754480564,0.3164076368052421,0.4845207860281337,0.1375197473267911,0.2726129763518241,0.4514476875758092,0.331257876347201,0.4455224877489755,0.3571428571428571,0.0,0.3214285714285714,0.7851429704800724,0.3622240868875639,0.7941446237089801,0.1638951516086524,0.1221115094437451,0.0410893454371714,Up trend,sell,low,Low position
MKRUSDT,0.0103239407889188,0.0482216895229211,0.1256530567937941,0.0747916104832672,0.0782264838301368,0.0570039777739786,0.1160420886464401,0.095030954778882,0.7334801919589798,0.331114557531425,0.1730240884046604,0.5516727419634142,0.4431658723329201,0.2925015452404185,0.5714285714285715,0.0,0.2142857142857142,0.7156800111280964,0.0606090657529018,0.15283555067231,0.0388505543715979,0.1397993648615126,0.0063940232329695,Up trend,sell,low,Low position
DCRUSDT,0.005390540382403,0.0,0.0092472687649902,0.0427859734171721,0.0975299160876719,0.0775400370979094,0.2123136184761327,0.134882887473095,0.5498766825755819,0.2649100537664738,0.182097509260626,0.9562219517157964,0.7591436135361054,0.3064799275714294,0.9285714285714286,0.0714285714285714,0.0714285714285713,0.8178880280414225,0.0861357642111788,0.1027342814861267,0.0804832114152554,0.2876150791677947,0.0540102619497706,Up trend,sell,low,Low position
STORJUSDT,0.1798334179738607,0.1798708610436679,0.2034428307385543,0.5552376845391518,0.2669559566172365,0.7368548375163421,0.444314294720132,0.4715052484367303,0.2906884677997035,0.0836390044890359,0.2742003557078711,0.4647278952633761,0.3037840311878739,0.3656322596303863,0.9285714285714286,0.0,0.0357142857142856,0.340401886629866,0.696402738334385,0.7847695971823296,0.1549693432663817,0.1330154008676051,0.0716280068728522,Up trend,sell,low,Low position
BNBUPUSDT,0.041274394486997,0.0266433489194064,0.1652057322238527,0.3459826354782405,0.0657412242438253,0.1621666561331905,0.5285711361893227,0.5121456960529701,0.7767809194844165,0.3965003896500911,0.5329327830516655,0.7702478921262875,0.7007579713594488,0.6503914368319771,0.7142857142857143,0.0,0.1428571428571428,0.9913311844795384,0.6333672369342317,0.3030781016507501,0.0620387691609657,0.0609994474760141,0.0193404019095303,Up trend,buy,low,Low position
BNBDOWNUSDT,0.0185268076265815,0.0224634916257091,0.3961237313712636,0.0428616543946147,0.0020960766958107,0.0138014521467188,0.3704675910791025,0.2017280526741344,0.8999449464944872,0.6448622006809192,0.1352987019031148,0.3216471626186186,0.1496248586194811,0.310359892863261,0.0,0.7142857142857143,0.888888888888889,0.0005053675025332,0.999989113526316,0.0003689198697177,0.0020836037115523,0.077440365100885,0.0012073660068537,Down trend,buy,high,High position
XTZUPUSDT,0.0367245541511362,0.0349108818011257,0.1580007359524807,0.7361702413787433,0.0464694848540612,0.197041894732223,0.8811969613210446,0.9168974647639,0.5042003827657273,0.563077669524,0.365058410513034,0.1974244561520369,0.5082235927717108,0.6973420557709724,0.4285714285714286,0.6428571428571429,0.6071428571428572,0.9403368292667243,0.5014629728637974,0.4394627586096452,0.0544311056776806,0.0706748395808204,0.0106957547169811,Up trend,sell,low,Low position
MANAUSDT,0.1744666672743558,0.1852141639081157,0.2277475316374004,0.4455078852784018,0.2106735985313913,0.5481209769276506,0.3443035353954911,0.2766859025102311,0.6199913514059786,0.2889349790547701,0.3590285041833235,0.5088293965560444,0.456558575259718,0.4323717902375542,0.3571428571428571,0.0,0.3214285714285714,0.9260927883394398,0.1848873773583995,0.5724097265958109,0.0909307008658696,0.1351013534408398,0.0423514538558787,Up trend,sell,low,Low position
AUDUSDT,0.1458014284610841,0.1438285530132115,0.1568500705781313,0.0724226025073314,0.0,0.1008965413431765,0.4069704142496638,0.3422258527464609,0.4448363096814615,0.3189867091037379,0.3290996868671026,0.2235289340480573,0.1931257057115741,0.23593581624667,0.9285714285714286,0.2857142857142857,0.1785714285714285,0.1868613776539737,0.3899557487849536,0.3534051080555854,0.1887998308593044,0.2195695754624468,0.1311827956989246,Up trend,sell,low,High position
YFIUSDT,0.0309855057583243,0.0412458289238313,0.0670215707404658,0.0996038418961474,0.0530762340342506,0.0569570175687751,0.2007337834503042,0.2170211593207543,0.6367404911404162,0.0942701508739762,0.3056213781108685,0.6558681033387285,0.6721911706632768,0.3790182688638623,0.3571428571428571,0.0,0.3214285714285714,0.7237919095640962,0.1404277534676722,0.6982587278612737,0.0331136055783972,0.0838092069212728,0.0,Up trend,sell,low,Middle
BALUSDT,0.0497242684756443,0.0632031507429663,0.0982064112285285,0.3516994360212405,0.0797510895378494,0.1342629993690531,0.5389593229560169,0.5623900178043191,0.6665194041492686,0.2527862362022537,0.137658406864145,0.2688077966370402,0.1726313028645686,0.5820109957168335,0.9285714285714286,0.0,0.0357142857142856,0.407046841232838,0.2026561759518829,0.5336051177217347,0.0843565314566097,0.1602066235632031,0.002122207095379,Up trend,sell,low,Low position
BLZUSDT,0.1685884684913237,0.1913355012391664,0.2251375741461146,0.6271249161164855,0.2599839131204386,0.6547206039744191,0.5937411844751557,0.5969339480486965,0.4753729077103169,0.0508890184536591,0.3017327304265636,0.3990452869840299,0.4153719524464062,0.5552304349483479,0.3571428571428571,0.0,0.3214285714285714,0.3402043225591215,0.4983686440374507,0.8860724965764079,0.1659599498913516,0.1049638504079034,0.0366341385378339,Up trend,sell,low,Middle
IRISUSDT,0.2634446747603218,0.2490454593397319,0.2150340748667872,0.7616774115612808,0.4108718387607943,0.8960344349064294,0.5840221191430613,0.7190184288177756,0.1273890689932466,0.3171970472444921,0.0348243159529828,0.4119156395077534,0.6671708360265245,0.5887575386241879,0.9285714285714286,0.2857142857142857,0.1785714285714285,0.00169507081597,0.7562718184423911,0.7844360516998414,0.4168513120915339,0.2694416328245161,0.0048895899053627,Up trend,sell,low,Middle
KMDUSDT,0.0697561600351217,0.0857800447872604,0.1197990077509662,0.4218661960930615,0.1146534800514124,0.2596593748045423,0.6273848163343374,0.6504276438579002,0.4265630956442383,0.8509881832090131,0.2252011527071851,0.1124254151256373,0.1365452348306503,0.5979609116262172,0.3571428571428571,0.0,0.3214285714285714,0.0347698060408841,0.0885980819668023,0.836647483077771,0.0957581558427383,0.2176050265565021,0.0189385597885927,Up trend,sell,low,Middle
JSTUSDT,0.1599796201647961,0.1744838092768468,0.2285765069135384,0.6353674824550298,0.2891925833062754,0.6798352151515464,0.5177125871080015,0.6262429779906068,0.3590706082587102,0.2537390560230079,0.1405181815409237,0.521309963875373,0.5226534799863733,0.4785066806745335,0.9285714285714286,0.0714285714285714,0.0714285714285713,0.97711723220801,0.534013615522122,0.681094270888989,0.1582567464060532,0.2059961177851454,0.0625950880243426,Up trend,sell,low,Middle
SRMUSDT,0.461722625564943,0.5200088282522088,0.5481342371051899,0.722108986709551,0.8640922157562556,0.9373577359150058,0.2953653501215744,0.4101429716734078,0.3069584618172661,0.2066184091923885,0.1399914902565457,0.3738804031880883,0.645257772023254,0.2557646873624642,0.7142857142857143,0.2142857142857143,0.25,0.6678630218984007,0.2724091184732828,0.86537042215595,0.5823847071098378,0.1993933931797976,0.0945783132530119,Up trend,sell,low,Middle
ANTUSDT,0.0990302919421583,0.110307520035328,0.1661908821177099,0.5983710455236513,0.2187264339570263,0.5789091390998156,0.5646302061975644,0.6369168257832152,0.3757594910241587,0.411400485366064,0.0800142017953541,0.3232946222423141,0.4878872650060606,0.5757592467730622,0.8571428571428572,0.1428571428571428,0.1428571428571428,0.022405208381447,0.3839444740981875,0.8958226572016138,0.2383329861563241,0.226237549733823,0.019086007153916,Up trend,sell,low,Middle
CRVUSDT,0.361861864918716,0.4353674832962144,0.5708556883567188,0.8483025215179953,0.4831631660929429,0.9502276203276108,0.654517374843004,0.7918602474960734,0.4657988515122991,0.362742421718324,0.2311521407629908,0.1873097884820406,0.4618497138033788,0.7084588442284944,0.7142857142857143,0.0,0.1428571428571428,0.6003760372728251,0.1463010810014777,0.7064706219058837,0.3990063152364686,0.1732128978277609,0.041708043694141,Up trend,sell,low,High position
SANDUSDT,0.5273796344284224,0.5478842145508812,0.513219179213954,0.6760200455377098,0.8500470709063075,0.7707354989173372,0.1789871139970517,0.2070450388726505,0.3219193300876979,0.0678910853705064,0.3877876424863856,0.2745319721366198,0.3725334086146563,0.0716506324239915,0.3571428571428571,0.0,0.3214285714285714,0.3610998310949823,0.4985553252556484,0.7081395466812357,0.5066056282491882,0.0835385328074819,0.1739721667679309,Up trend,sell,low,Low position
OCEANUSDT,0.1882145996314905,0.1929712552780881,0.1940113250024687,0.5763386215003728,0.2810210547902186,0.6137278778441962,0.509359736817372,0.5355944437805145,0.560283012737654,0.2250051048517087,0.2009220179979661,0.1452536288899955,0.1517488466731572,0.5442383289327782,0.3571428571428571,0.0,0.3214285714285714,0.5273904777833098,0.5920830213438621,0.8354483532867455,0.2550734750093459,0.1586038055407897,0.048212648945921,Up trend,sell,low,Low position
NMRUSDT,0.2006450759067103,0.2418118734065593,0.3131104643463686,0.7432132385015362,0.2734800374603092,0.6557345273555786,0.6497513864542761,0.6496937603116312,0.6476558509827597,0.6857807841664013,0.1932602248749843,0.5844145167803364,0.5347379127876355,0.5675007003416926,0.3571428571428571,0.1428571428571428,0.3928571428571428,0.00205249998009,0.3773529482802442,0.9168615965517416,0.1975937584889327,0.1957206152774214,0.0244606680908002,Up trend,sell,low,High position
DOTUSDT,0.4293319961491108,0.5072335498168844,0.5062559611735962,0.8292451794632884,0.6064757566429372,0.8806785168860524,0.5272095810284214,0.6309323642706857,0.4629953468463753,0.1309549973300846,0.2696031002432513,0.3542377590742446,0.4430665977276777,0.580887966842922,0.3571428571428571,0.0,0.2962962962962963,0.912049904929892,0.2010102235682448,0.5279014798220562,0.3880818494064982,0.1578073674043283,0.0564971751412429,Up trend,sell,low,High position
LUNAUSDT,0.817831170064031,0.8992838883739607,0.8907255935891368,0.9752817491139004,1.0,0.9992568956658556,0.5311639168352822,0.5385869304112912,0.5108578427223393,0.542210390174303,0.8689728617887392,0.127862764452132,0.2752378683979525,0.360532324084169,0.3571428571428571,0.5714285714285715,0.6071428571428572,0.9279356269792978,0.6837935838448009,0.988052982041738,0.949254406186872,0.1025082023681803,0.3698567509905517,Up trend,sell,low,High position
RSRUSDT,0.1081629555973586,0.1264806263802451,0.1633751355635992,0.4207823944937707,0.1912852394107942,0.4325019974512332,0.5020381966907743,0.4993577076818587,0.6831342244620117,0.1394595119932526,0.2213370217798562,0.1659909050308951,0.1859900914998115,0.5647581088639366,0.3571428571428571,0.0,0.3214285714285714,0.036512757701062,0.3097331674904527,0.5366876054470715,0.1516682607671221,0.1602904388227283,0.03584229390681,Up trend,sell,low,Low position
PAXGUSDT,0.0975017505892976,0.0930482094858179,0.117477918901662,0.0,0.0472390633933286,0.0022245218383123,0.2818770517148642,0.2747230289654233,0.6242042745842978,0.5636632913215125,0.5101246795424416,0.3266428170050661,0.2083411531647414,0.3869064618532568,1.0,0.0,0.0,0.1960011304799808,0.7757362424505833,0.8208818510567163,0.1036094486551555,0.1306057278858625,0.2096848175086824,Up trend,sell,low,High position
WNXMUSDT,0.1292830375112397,0.1092688152041792,0.1121645667153231,0.3126379132801364,0.2618121678653143,0.330045419972937,0.128073979689003,0.1723311279134607,0.5936949503789648,0.5524219146096585,0.1902362417374812,0.3508316756644091,0.3372065521596736,0.2943824239316001,0.9285714285714286,0.1428571428571428,0.1071428571428571,0.1370679704675382,0.5182908959436028,0.3895292277575996,0.1180144994573108,0.1990598222374417,0.0932263393910784,Up trend,sell,low,Low position
TRBUSDT,0.1036011433244508,0.1269473802417836,0.1688874290429346,0.468042882556705,0.1992541502550662,0.3849594753022663,0.3588966465037418,0.3674928053408514,0.5422950211563984,0.4229448924721887,0.0980545992237757,0.3237356710152614,0.2808883701457459,0.4732217349984614,0.7142857142857143,0.0714285714285714,0.1785714285714285,0.0259995638368974,0.5294908311133093,0.9382862467237144,0.1193122760389658,0.1325212274636894,0.0078544157962896,Up trend,sell,low,Middle
BZRXUSDT,0.1131493104196841,0.1264739346297064,0.160199601619762,0.4702094353649081,0.1519799730631579,0.3977222979042551,0.6391280190302887,0.6111635266099265,0.6667593828101415,0.4331135581512201,0.3436186137014918,0.261142518503584,0.2619114398120128,0.6596511303321805,0.4285714285714286,0.0,0.2857142857142857,0.0271393865065563,0.0297745541788461,0.7324211862662157,0.1585629844641196,0.1579270795589702,0.0061470371281042,Up trend,sell,low,Low position
SUSHIUSDT,0.2810928964955577,0.3064401981599431,0.3381395532903551,0.5923531074360794,0.4331360271973473,0.561872311950363,0.2753091082939672,0.3366276629819849,0.478867826674864,0.1133015961832403,0.2436532163597163,0.1088475981111879,0.234271043027727,0.2746796661803385,0.7142857142857143,0.0,0.1428571428571428,0.7236845906478826,0.2893032989952111,0.3713473089281469,0.2386510814978043,0.2111435282910591,0.0350784881171621,Up trend,sell,low,Middle
YFIIUSDT,0.4581174521600605,0.5537614537056497,0.613147628979919,0.6883193368284525,0.8807100770216778,0.7820120917898452,0.082335609301752,0.1041011831551718,0.3300080556139046,0.4688320857523833,0.2293107371123875,0.1233648818988474,0.1836575173316395,0.119789612013661,0.7142857142857143,0.2142857142857143,0.25,0.6556680242884463,0.537873232429625,0.755296439922016,0.567136766960865,0.1844978483169486,0.0350580304889227,Up trend,sell,low,Low position
KSMUSDT,0.2824541360746557,0.3838613269575611,0.4473453659173384,0.7641516185028996,0.5405584047290536,0.8317984796994446,0.5051216905246615,0.5811102766817481,0.4292327545711355,0.295083028862505,0.2699223426556252,0.4114976111662587,0.238186960282824,0.4270539823244288,0.3571428571428571,0.0,0.2962962962962963,0.8609609198089003,0.5086940387308754,0.92533793719511,0.2224527293441073,0.1005309346429965,0.0140641984072406,Up trend,sell,low,Middle
EGLDUSDT,0.7028445333032093,0.7208743126318075,0.7085247978855348,0.938620346876954,0.9942206759904438,0.999712871619886,0.5042028074309358,0.6636480975095014,0.1036442099901425,0.3363383651857092,0.3596351762037844,0.2371098968907329,0.602259762393397,0.3944227325050731,0.3571428571428571,0.0714285714285714,0.3571428571428571,0.6348185318356829,0.261819318973792,0.9446109455271458,0.8411013291037033,0.3207568853744073,0.1000890722422765,Up trend,sell,low,High position
DIAUSDT,0.0980630751952656,0.1023963973623543,0.1312520587214071,0.5491724789979681,0.1440848099546922,0.3461694019828162,0.6336659284289529,0.6436292050674302,0.5267052624765161,0.1392224001128869,0.3293118353870283,0.2544359062543749,0.3641479457640059,0.6038626510291928,0.3571428571428571,0.0,0.3214285714285714,0.0065551254205702,0.3975298025302841,0.6463530250625986,0.1413434723918632,0.1712330745983854,0.0181582360570687,Up trend,sell,low,Low position
RUNEUSDT,0.1716259430571167,0.210224733867788,0.2433863281600227,0.4409334058551021,0.2764651904866546,0.3810578212114547,0.2652530101533477,0.3094663357575326,0.6232087606904237,0.3400098322290832,0.1351088450541299,0.0013091398093752,0.0669462779870271,0.4527277525649636,0.9285714285714286,0.0,0.0357142857142856,0.3756629969808617,0.2675906461605341,0.7729575711865128,0.1160475338414608,0.2205492662700574,0.0217648665877424,Up trend,sell,low,Low position
FIOUSDT,0.0279508145500324,0.0452491984844066,0.138904206505762,0.2982927847556348,0.1132872163635997,0.4189827564908143,0.5781097010923287,0.5685000335314007,0.4694448758668613,0.7714713411270899,0.1293535069612192,0.2167101868088905,0.2673949245390673,0.5552476134486714,0.8571428571428572,0.2142857142857143,0.1785714285714285,0.0031807679278731,0.6789073868372137,0.9164793899447456,0.0480001307964713,0.1508622656434756,0.0365488316357099,Up trend,sell,low,Middle
UMAUSDT,0.038731349795537,0.0418469607567667,0.0494774597255075,0.2695472383974662,0.0832559730620561,0.1637680886922173,0.563177866282538,0.5885084936332166,0.6779520505504324,0.0,0.1221817762764472,0.3618060026872569,0.3864564962229228,0.6561785035908827,0.7142857142857143,0.0,0.1428571428571428,0.022783563162396,0.4272525407129892,0.4721103274561377,0.1116635913524557,0.1694427456307073,0.0137679356390478,Up trend,sell,low,Low position
EOSUPUSDT,0.0,0.0,0.0837095368650956,0.0595451913441321,0.0,0.0034682577744218,0.3149424853151814,0.3365294689817449,0.5038516536993279,0.1873998491815389,0.0964581263404794,0.80775573232973,0.7292195114937197,0.4547760324788773,0.9285714285714286,0.0714285714285714,0.0714285714285713,0.3894362311140181,0.2419940885241071,0.0549283673204216,0.0160189421059642,0.1661171474884964,0.0020803308477974,Up trend,sell,low,Low position
EOSDOWNUSDT,0.0025007027032023,0.0040643035988958,0.1130744316649422,0.9571038840747746,0.0023416546232374,0.1178414246686443,0.999706978876082,1.0,0.0225991631621731,0.8199831717522692,0.6852340309465851,0.536081712132442,0.4392770099828564,0.9865799470155922,0.0714285714285714,0.9285714285714286,0.9285714285714286,0.1137347494716342,0.8507149126500377,0.8420736295378155,0.000480638018707,0.0033132747970296,0.0009769565341712,Down trend,buy,high,High position
TRXUPUSDT,0.0041184723128205,0.004554863392067,0.203559650702746,0.8421696206671578,0.0052597695266795,0.0454379502889567,0.9424713205317962,0.9782223750022312,0.7081384934139479,0.1869959296614363,0.1442447411829307,0.6387516601705818,0.6199444459282815,0.9124775590410132,0.9285714285714286,0.0,0.0357142857142856,0.4852216345540575,0.7975045495736479,0.4198231147185269,0.0085037362908756,0.0186590086325261,0.0022216573462125,Up trend,sell,low,Low position
XRPUPUSDT,0.0710491996428352,0.087749078764552,0.2050155904307695,0.4331249665088166,0.169872334568138,0.377281847476962,0.453821712276959,0.3987618734919607,0.692984734197939,0.3084601493467511,0.3249656026756211,0.2240913900606735,0.0,0.5405283140955514,0.3571428571428571,0.0,0.3214285714285714,0.9091452257662356,0.3762100069472292,0.3179422258966269,0.1208572062909247,0.1242260761133271,0.0142696979134226,Up trend,sell,low,Low position
XRPDOWNUSDT,0.0030696418503629,0.0067570986687573,0.7613382532112531,0.0626053755410993,0.0,0.0099705345586555,0.910456545793182,0.9278448873842178,0.690925815040247,0.7890951509847197,0.4110305662705224,0.0,0.0,0.9167764741784488,0.0,0.3571428571428571,0.6785714285714286,0.0057453475844512,0.9980387643811632,0.0346126402224927,0.0,0.0533988702352319,0.000264464426201,Down trend,buy,high,High position
DOTUPUSDT,0.0194027706976115,0.0204774694809162,0.1980318256347632,0.4863058898126259,0.0328513658968624,0.1376376957406122,0.8780881137962533,0.8971597751804662,0.5496838294774188,0.3087908217968937,0.134584607417726,0.4642474785905545,0.4135082183201891,0.7885226032015276,0.9285714285714286,0.0,0.0357142857142856,0.3638342445091617,0.7361860462454698,0.1666012410125329,0.0516074842273625,0.0859884481505195,0.0064493792967011,Up trend,sell,low,Low position
DOTDOWNUSDT,9.140533508732876e-05,0.0001420146286184,0.4090699004145016,1.0,0.0,0.0,0.7796212344858482,0.5235709517958298,0.8026923105891155,0.6094692661580104,0.257388215961197,0.0148585980228499,0.0,0.5037180601515171,0.5,0.2857142857142857,0.4074074074074074,0.1379604746669202,0.9096130401898396,0.3939163034999012,0.0,0.0107041468424572,2.2188755821944093e-05,Down trend,buy,high,Low position
BELUSDT,0.1168181960415547,0.125895932681513,0.1643937405692043,0.4353501072451294,0.170858157342331,0.4426826061646752,0.5871991479777052,0.5563967156556903,0.5105123457501936,0.3856291022546788,0.3188499474616817,0.4565872362739121,0.4123649399074742,0.5902636476273685,0.3571428571428571,0.0,0.3214285714285714,0.0396004537281441,0.3492899563392361,0.9624586362205728,0.1315119448565929,0.1329639525331443,0.0132749418365948,Up trend,sell,low,Low position
WINGUSDT,0.0351043439563243,0.0317557695567593,0.0643268774298173,0.4219811306720811,0.0830546243127163,0.4374879193876387,0.5700330260847142,0.6111506229509299,0.252698627204084,0.5225342446909311,0.0909473846866884,0.1768520882484404,0.1866438035013119,0.5613957101123477,0.9285714285714286,0.1428571428571428,0.1071428571428571,0.0002519639946517,0.338590545224865,0.9148789745839284,0.0841600227674471,0.2324005981263195,0.0037955597150729,Up trend,sell,low,Low position
LTCUPUSDT,0.0026705220243146,0.0040133307324847,0.1427821830921685,0.2114811757432978,0.011610850724536,0.0355269428858967,0.5243977411358616,0.5770155505013468,0.6304050894870318,0.2326757924448991,0.1975275401740204,0.0835895568377098,0.0,0.6083444026113768,0.9285714285714286,0.0,0.0357142857142856,0.0377482979575776,0.937784018142036,0.0105664833032643,0.0265871492517106,0.0795982351617479,0.0090642108698016,Up trend,sell,low,Low position
LTCDOWNUSDT,0.5367760467843522,0.6897263282275569,0.7816730506135757,0.7165861116154163,0.9859953392175016,0.7513292441070323,0.1844777230104161,0.082774189804124,0.4813835074087993,0.8085888211153833,0.4825828642901814,0.2361171966100306,0.2382933805432318,0.3298836694420306,0.0,0.9285714285714286,0.9642857142857144,0.0731888996442405,0.9609229935288536,0.3142959203316057,0.7493270971003604,0.0252294005873436,0.0766665447399875,Down trend,buy,high,Low position
UNIUSDT,0.2501918777926287,0.2808298729987618,0.3129117134231426,0.4736986882954136,0.2704631838490917,0.412380211857793,0.4561261086240178,0.3270518901720632,0.7956820177181607,0.454845503770855,0.6698073713944133,0.3944125040562389,0.3015133353546626,0.4851994727823066,0.7142857142857143,0.0,0.1428571428571428,0.8143813983901139,0.1933534965270934,0.6373867170736442,0.2216488672951012,0.1437792044613358,0.0280453864268893,Down trend,buy,transforming,Middle
NBSUSDT,0.0376809868019926,0.0529243018558628,0.1128009604162669,0.446211102909217,0.0693579112393149,0.3463823043914154,0.7355053655099859,0.747671085134543,0.4450388476642227,0.5424899295445672,0.1552687662798957,0.1014069656710481,0.1659246941956293,0.7318838275601117,0.7142857142857143,0.0714285714285714,0.1785714285714285,0.0002522151053364,0.6536261634267356,0.8871171632192985,0.0766752570181563,0.137474790240474,0.0176344086021505,Up trend,sell,low,Middle
