,Open time,Open,High,Low,Close,Volume,Close time,Quote asset volume,Number of trades,Taker buy base asset volume,Taker buy quote asset volume,Ignore
0,2019-07-05 00:00:00+00:00,0.00449000,0.00460000,0.00355000,0.00387010,1928297660.00000000,2019-07-05 23:59:59.999000+00:00,7506289.39817290,18589,858403324.00000000,3336426.01151920,0
1,2019-07-06 00:00:00+00:00,0.00387410,0.00394260,0.00336520,0.00350000,1010744287.00000000,2019-07-06 23:59:59.999000+00:00,3692804.08878380,17250,522724122.00000000,1908499.50964960,0
2,2019-07-07 00:00:00+00:00,0.00350400,0.00365000,0.00340000,0.00353770,530613992.00000000,2019-07-07 23:59:59.999000+00:00,1860353.07168390,9394,275110757.00000000,965093.40977300,0
3,2019-07-08 00:00:00+00:00,0.00353780,0.00356180,0.00340000,0.00345800,308445688.00000000,2019-07-08 23:59:59.999000+00:00,1078072.00566180,4958,159456967.00000000,558024.17586270,0
4,2019-07-09 00:00:00+00:00,0.00346200,0.00358200,0.00335640,0.00345450,253375582.00000000,2019-07-09 23:59:59.999000+00:00,878528.33377630,5690,115809520.00000000,402047.29506700,0
5,2019-07-10 00:00:00+00:00,0.00345760,0.00352940,0.00325100,0.00334210,241274866.00000000,2019-07-10 23:59:59.999000+00:00,824623.25664850,4797,115599196.00000000,396266.69420690,0
6,2019-07-11 00:00:00+00:00,0.00333580,0.00333950,0.00309090,0.00320900,202811394.00000000,2019-07-11 23:59:59.999000+00:00,648510.32191330,3721,98379770.00000000,314616.48009410,0
7,2019-07-12 00:00:00+00:00,0.00321050,0.00335980,0.00315620,0.00326220,228622573.00000000,2019-07-12 23:59:59.999000+00:00,747823.35484090,3638,116069740.00000000,379630.55771970,0
8,2019-07-13 00:00:00+00:00,0.00326260,0.00326530,0.00313580,0.00325320,110731940.00000000,2019-07-13 23:59:59.999000+00:00,354130.99194630,2494,53400546.00000000,170896.92270310,0
9,2019-07-14 00:00:00+00:00,0.00324740,0.00327880,0.00290080,0.00291750,216658454.00000000,2019-07-14 23:59:59.999000+00:00,671776.70786850,3994,101956045.00000000,315829.95006230,0
10,2019-07-15 00:00:00+00:00,0.00291750,0.00313540,0.00280110,0.00307120,220027648.00000000,2019-07-15 23:59:59.999000+00:00,648584.72040980,4003,111586491.00000000,330128.18434740,0
11,2019-07-16 00:00:00+00:00,0.00306240,0.00310090,0.00273230,0.00279940,159080438.00000000,2019-07-16 23:59:59.999000+00:00,461906.87004230,2878,75423056.00000000,218381.81850680,0
12,2019-07-17 00:00:00+00:00,0.00279950,0.00298600,0.00270630,0.00288220,320691294.00000000,2019-07-17 23:59:59.999000+00:00,919480.30577470,4607,157213703.00000000,450241.23936620,0
13,2019-07-18 00:00:00+00:00,0.00286630,0.00312510,0.00277970,0.00309790,263423204.00000000,2019-07-18 23:59:59.999000+00:00,774480.18381550,4024,147238010.00000000,433720.77255460,0
14,2019-07-19 00:00:00+00:00,0.00310080,0.00310680,0.00292020,0.00302320,101195703.00000000,2019-07-19 23:59:59.999000+00:00,304506.82270470,2002,48305815.00000000,145836.66167520,0
15,2019-07-20 00:00:00+00:00,0.00301310,0.00315280,0.00300000,0.00307870,106012025.00000000,2019-07-20 23:59:59.999000+00:00,326290.22798130,2009,55467651.00000000,170926.72135090,0
16,2019-07-21 00:00:00+00:00,0.00307010,0.00312720,0.00298720,0.00304680,59882988.00000000,2019-07-21 23:59:59.999000+00:00,182107.79668400,1259,28260290.00000000,85936.66785770,0
17,2019-07-22 00:00:00+00:00,0.00305330,0.00308160,0.00292000,0.00295670,92581872.00000000,2019-07-22 23:59:59.999000+00:00,278105.88693850,1458,39485392.00000000,118643.42269210,0
18,2019-07-23 00:00:00+00:00,0.00295670,0.00295670,0.00281600,0.00281920,161810410.00000000,2019-07-23 23:59:59.999000+00:00,464551.60093630,2183,96609156.00000000,277344.39345980,0
19,2019-07-24 00:00:00+00:00,0.00281950,0.00288190,0.00276290,0.00287410,68490381.00000000,2019-07-24 23:59:59.999000+00:00,192993.79317720,1510,28513143.00000000,80354.70542760,0
20,2019-07-25 00:00:00+00:00,0.00285550,0.00294870,0.00284760,0.00286560,149944114.00000000,2019-07-25 23:59:59.999000+00:00,432899.45488010,1845,71585309.00000000,206678.29180240,0
21,2019-07-26 00:00:00+00:00,0.00286560,0.00290330,0.00281770,0.00287980,29517748.00000000,2019-07-26 23:59:59.999000+00:00,84631.76554100,921,13656950.00000000,39211.64673210,0
22,2019-07-27 00:00:00+00:00,0.00289000,0.00296000,0.00275510,0.00280470,86758314.00000000,2019-07-27 23:59:59.999000+00:00,246314.36100140,1669,48053925.00000000,136783.23586120,0
23,2019-07-28 00:00:00+00:00,0.00279730,0.00281370,0.00272600,0.00279320,49225120.00000000,2019-07-28 23:59:59.999000+00:00,137249.26739180,1132,22612996.00000000,63163.92277030,0
24,2019-07-29 00:00:00+00:00,0.00278840,0.00288400,0.00276370,0.00276630,65013586.00000000,2019-07-29 23:59:59.999000+00:00,182414.33849640,1331,32052641.00000000,90060.04667950,0
25,2019-07-30 00:00:00+00:00,0.00276630,0.00288000,0.00274570,0.00278850,60008976.00000000,2019-07-30 23:59:59.999000+00:00,166683.81361270,1134,38774373.00000000,107773.66987050,0
26,2019-07-31 00:00:00+00:00,0.00279490,0.00287610,0.00278890,0.00285830,58120004.00000000,2019-07-31 23:59:59.999000+00:00,164406.15939390,1227,26902228.00000000,76102.18096170,0
27,2019-08-01 00:00:00+00:00,0.00285710,0.00306170,0.00282480,0.00290040,85256838.00000000,2019-08-01 23:59:59.999000+00:00,244823.49642150,1721,45103860.00000000,129715.19793810,0
28,2019-08-02 00:00:00+00:00,0.00290040,0.00292720,0.00286100,0.00289960,64329108.00000000,2019-08-02 23:59:59.999000+00:00,186215.92535970,1269,28365733.00000000,82145.91837270,0
29,2019-08-03 00:00:00+00:00,0.00289510,0.00294900,0.00287680,0.00289940,54942112.00000000,2019-08-03 23:59:59.999000+00:00,160178.96651780,1042,27971749.00000000,81589.98883840,0
30,2019-08-04 00:00:00+00:00,0.00289990,0.00299850,0.00284240,0.00292220,88247046.00000000,2019-08-04 23:59:59.999000+00:00,256618.20612170,1636,43242916.00000000,125944.28597200,0
31,2019-08-05 00:00:00+00:00,0.00291960,0.00319980,0.00291960,0.00304280,213937390.00000000,2019-08-05 23:59:59.999000+00:00,653683.41621010,3709,112866823.00000000,344834.58090160,0
32,2019-08-06 00:00:00+00:00,0.00304430,0.00308400,0.00291240,0.00295570,128970146.00000000,2019-08-06 23:59:59.999000+00:00,386490.76986910,2161,66674955.00000000,199533.16908070,0
33,2019-08-07 00:00:00+00:00,0.00295690,0.00303990,0.00287590,0.00298560,116634874.00000000,2019-08-07 23:59:59.999000+00:00,344429.34927640,2185,57935185.00000000,171072.32307980,0
34,2019-08-08 00:00:00+00:00,0.00299720,0.00299720,0.00285440,0.00296350,72936578.00000000,2019-08-08 23:59:59.999000+00:00,212916.79999430,1388,37782894.00000000,110320.97397210,0
35,2019-08-09 00:00:00+00:00,0.00297250,0.00297250,0.00283750,0.00291300,53069425.00000000,2019-08-09 23:59:59.999000+00:00,153392.14165350,1265,24509418.00000000,70987.28454530,0
36,2019-08-10 00:00:00+00:00,0.00292110,0.00294320,0.00280850,0.00285000,40358430.00000000,2019-08-10 23:59:59.999000+00:00,115277.36449610,1086,17310101.00000000,49469.60902390,0
37,2019-08-11 00:00:00+00:00,0.00285000,0.00289950,0.00282810,0.00288740,48121732.00000000,2019-08-11 23:59:59.999000+00:00,138096.31268890,985,26626739.00000000,76451.59958690,0
38,2019-08-12 00:00:00+00:00,0.00288930,0.00289990,0.00284550,0.00285160,37974663.00000000,2019-08-12 23:59:59.999000+00:00,108677.36900650,672,18614453.00000000,53251.86165450,0
39,2019-08-13 00:00:00+00:00,0.00285270,0.00286430,0.00278020,0.00283390,47685418.00000000,2019-08-13 23:59:59.999000+00:00,134777.44174940,925,24076128.00000000,68051.63785300,0
40,2019-08-14 00:00:00+00:00,0.00283430,0.00283990,0.00270000,0.00271610,89470204.00000000,2019-08-14 23:59:59.999000+00:00,247232.66912520,1687,48983752.00000000,135540.18572270,0
41,2019-08-15 00:00:00+00:00,0.00272300,0.00276950,0.00255780,0.00259160,83406275.00000000,2019-08-15 23:59:59.999000+00:00,220382.75176710,1354,44318420.00000000,117282.45719970,0
42,2019-08-16 00:00:00+00:00,0.00258130,0.00271800,0.00251120,0.00265100,71483283.00000000,2019-08-16 23:59:59.999000+00:00,186165.58025120,1375,34134411.00000000,89124.99760050,0
43,2019-08-17 00:00:00+00:00,0.00264800,0.00266320,0.00257780,0.00262510,48842468.00000000,2019-08-17 23:59:59.999000+00:00,128498.70447770,925,27953594.00000000,73624.13963050,0
44,2019-08-18 00:00:00+00:00,0.00262540,0.00272140,0.00258700,0.00269500,101432503.00000000,2019-08-18 23:59:59.999000+00:00,269985.37320270,1432,47621558.00000000,126570.20849300,0
45,2019-08-19 00:00:00+00:00,0.00269220,0.00281460,0.00266760,0.00278160,111202618.00000000,2019-08-19 23:59:59.999000+00:00,307142.00152090,1670,62623575.00000000,173058.86683130,0
46,2019-08-20 00:00:00+00:00,0.00277870,0.00278500,0.00267980,0.00271200,29889824.00000000,2019-08-20 23:59:59.999000+00:00,81475.61587400,753,13999582.00000000,38144.18372120,0
47,2019-08-21 00:00:00+00:00,0.00271200,0.00271530,0.00256330,0.00263980,67428707.00000000,2019-08-21 23:59:59.999000+00:00,176725.53901950,1134,32304205.00000000,84517.60855300,0
48,2019-08-22 00:00:00+00:00,0.00264040,0.00271650,0.00255270,0.00264580,70942538.00000000,2019-08-22 23:59:59.999000+00:00,185986.43212070,1186,39652676.00000000,104055.05800920,0
49,2019-08-23 00:00:00+00:00,0.00264860,0.00269300,0.00261530,0.00266680,49673949.00000000,2019-08-23 23:59:59.999000+00:00,131663.61063860,979,24982744.00000000,66133.40736260,0
50,2019-08-24 00:00:00+00:00,0.00266440,0.00267850,0.00256470,0.00262220,61164375.00000000,2019-08-24 23:59:59.999000+00:00,159646.96800270,1084,26064762.00000000,68080.95582840,0
51,2019-08-25 00:00:00+00:00,0.00262740,0.00266600,0.00258200,0.00262370,59937736.00000000,2019-08-25 23:59:59.999000+00:00,157023.86002970,1005,30150245.00000000,79021.09472070,0
52,2019-08-26 00:00:00+00:00,0.00261920,0.00270480,0.00259310,0.00264090,75309430.00000000,2019-08-26 23:59:59.999000+00:00,199016.83012090,1363,39939745.00000000,105636.45490870,0
53,2019-08-27 00:00:00+00:00,0.00263700,0.00264000,0.00257630,0.00259930,57813268.00000000,2019-08-27 23:59:59.999000+00:00,150603.50901850,1029,29665173.00000000,77288.49562030,0
54,2019-08-28 00:00:00+00:00,0.00260140,0.00260140,0.00247720,0.00249650,73252773.00000000,2019-08-28 23:59:59.999000+00:00,185903.68283950,1271,39887013.00000000,101190.48536380,0
55,2019-08-29 00:00:00+00:00,0.00249560,0.00249580,0.00233900,0.00242440,101148551.00000000,2019-08-29 23:59:59.999000+00:00,244083.97181150,1554,52805669.00000000,127275.58677990,0
56,2019-08-30 00:00:00+00:00,0.00244210,0.00249390,0.00238790,0.00244490,37512207.00000000,2019-08-30 23:59:59.999000+00:00,91452.16573700,661,20265814.00000000,49416.71843980,0
57,2019-08-31 00:00:00+00:00,0.00245170,0.00248780,0.00241180,0.00245280,36338319.00000000,2019-08-31 23:59:59.999000+00:00,88910.90121700,759,18196773.00000000,44490.52854610,0
58,2019-09-01 00:00:00+00:00,0.00245200,0.00248510,0.00241090,0.00246030,35956148.00000000,2019-09-01 23:59:59.999000+00:00,87955.06299170,624,15398215.00000000,37721.27646360,0
59,2019-09-02 00:00:00+00:00,0.00246350,0.00261670,0.00243770,0.00258820,53572010.00000000,2019-09-02 23:59:59.999000+00:00,134993.75090080,784,34330329.00000000,86550.51992610,0
60,2019-09-03 00:00:00+00:00,0.00259100,0.00260540,0.00253130,0.00255930,64679806.00000000,2019-09-03 23:59:59.999000+00:00,165657.46309550,676,40919056.00000000,104743.91512720,0
61,2019-09-04 00:00:00+00:00,0.00256470,0.00257110,0.00250000,0.00250970,32789886.00000000,2019-09-04 23:59:59.999000+00:00,83028.12433050,623,18233761.00000000,46212.03663860,0
62,2019-09-05 00:00:00+00:00,0.00252210,0.00252210,0.00245890,0.00249090,44318276.00000000,2019-09-05 23:59:59.999000+00:00,110317.64782770,610,25318695.00000000,63108.17918650,0
63,2019-09-06 00:00:00+00:00,0.00248970,0.00250540,0.00240000,0.00247000,81836503.00000000,2019-09-06 23:59:59.999000+00:00,201290.70738950,1064,34315321.00000000,84311.47639500,0
64,2019-09-07 00:00:00+00:00,0.00245040,0.00250700,0.00240290,0.00245420,79415288.00000000,2019-09-07 23:59:59.999000+00:00,194294.99566820,1016,42597153.00000000,104308.58444560,0
65,2019-09-08 00:00:00+00:00,0.00246500,0.00253060,0.00240000,0.00245850,89538969.00000000,2019-09-08 23:59:59.999000+00:00,221365.30863160,1243,47136134.00000000,117036.67637600,0
66,2019-09-09 00:00:00+00:00,0.00244530,0.00246920,0.00240000,0.00243510,61000344.00000000,2019-09-09 23:59:59.999000+00:00,148246.67255900,749,26396847.00000000,64194.40237110,0
67,2019-09-10 00:00:00+00:00,0.00243510,0.00246120,0.00238490,0.00241850,33219768.00000000,2019-09-10 23:59:59.999000+00:00,80278.78806380,576,8802499.00000000,21371.82271400,0
68,2019-09-11 00:00:00+00:00,0.00241930,0.00243860,0.00236010,0.00238920,52887165.00000000,2019-09-11 23:59:59.999000+00:00,126276.43752780,822,23445260.00000000,56106.48791510,0
69,2019-09-12 00:00:00+00:00,0.00239120,0.00243100,0.00232650,0.00239280,48542765.00000000,2019-09-12 23:59:59.999000+00:00,114902.00508490,836,28548489.00000000,67698.09500770,0
70,2019-09-13 00:00:00+00:00,0.00239060,0.00241280,0.00236000,0.00239900,35317492.00000000,2019-09-13 23:59:59.999000+00:00,84321.87821520,489,20415640.00000000,48776.40008140,0
71,2019-09-14 00:00:00+00:00,0.00240890,0.00243700,0.00237010,0.00241920,33725888.00000000,2019-09-14 23:59:59.999000+00:00,80951.36274700,592,17475943.00000000,41983.41412980,0
72,2019-09-15 00:00:00+00:00,0.00242330,0.00248510,0.00239000,0.00242600,68647235.00000000,2019-09-15 23:59:59.999000+00:00,168207.43894370,959,35335324.00000000,86692.36438480,0
73,2019-09-16 00:00:00+00:00,0.00242490,0.00247650,0.00239780,0.00243090,53894420.00000000,2019-09-16 23:59:59.999000+00:00,131496.90559070,794,32795931.00000000,80182.79238360,0
74,2019-09-17 00:00:00+00:00,0.00243160,0.00262000,0.00241000,0.00259400,135069011.00000000,2019-09-17 23:59:59.999000+00:00,340342.50030180,2007,71673119.00000000,180451.80563860,0
75,2019-09-18 00:00:00+00:00,0.00259720,0.00281030,0.00255270,0.00270150,344364326.00000000,2019-09-18 23:59:59.999000+00:00,939384.68120230,4313,160780261.00000000,437178.96221680,0
76,2019-09-19 00:00:00+00:00,0.00270280,0.00273220,0.00254000,0.00270830,161540615.00000000,2019-09-19 23:59:59.999000+00:00,424854.38581680,3053,82047561.00000000,215620.77498210,0
77,2019-09-20 00:00:00+00:00,0.00270620,0.00270620,0.00261470,0.00264970,70347331.00000000,2019-09-20 23:59:59.999000+00:00,186885.22901010,1070,35553217.00000000,94424.74376440,0
78,2019-09-21 00:00:00+00:00,0.00264970,0.00266190,0.00253900,0.00257720,76693753.00000000,2019-09-21 23:59:59.999000+00:00,198082.94653680,1410,40747967.00000000,105373.26890650,0
79,2019-09-22 00:00:00+00:00,0.00257000,0.00259900,0.00251730,0.00256200,92043003.00000000,2019-09-22 23:59:59.999000+00:00,234727.51371760,1153,36641846.00000000,93417.76682120,0
80,2019-09-23 00:00:00+00:00,0.00256970,0.00257190,0.00244740,0.00244740,76897524.00000000,2019-09-23 23:59:59.999000+00:00,192843.46304720,1293,38876388.00000000,97502.17848120,0
81,2019-09-24 00:00:00+00:00,0.00244740,0.00247310,0.00193170,0.00219000,155910476.00000000,2019-09-24 23:59:59.999000+00:00,355810.89378800,2672,70657852.00000000,160866.26885850,0
82,2019-09-25 00:00:00+00:00,0.00218930,0.00222410,0.00206650,0.00217570,110825983.00000000,2019-09-25 23:59:59.999000+00:00,238611.52978140,1228,59252512.00000000,127545.60108980,0
83,2019-09-26 00:00:00+00:00,0.00216930,0.00223750,0.00201850,0.00213960,204393624.00000000,2019-09-26 23:59:59.999000+00:00,440500.00958940,3252,87367866.00000000,188901.05750360,0
84,2019-09-27 00:00:00+00:00,0.00213480,0.00219900,0.00209850,0.00217230,88331166.00000000,2019-09-27 23:59:59.999000+00:00,189407.81588650,1024,42113825.00000000,90339.87645910,0
85,2019-09-28 00:00:00+00:00,0.00217600,0.00223200,0.00214010,0.00219740,75661286.00000000,2019-09-28 23:59:59.999000+00:00,164946.49130980,806,37003848.00000000,80767.88069470,0
86,2019-09-29 00:00:00+00:00,0.00220330,0.00223990,0.00212350,0.00218540,79511131.00000000,2019-09-29 23:59:59.999000+00:00,173236.93166260,1077,39809282.00000000,86754.27689140,0
87,2019-09-30 00:00:00+00:00,0.00220300,0.00247330,0.00212640,0.00237470,263988602.00000000,2019-09-30 23:59:59.999000+00:00,611055.39742840,2920,113818708.00000000,262777.95972010,0
88,2019-10-01 00:00:00+00:00,0.00237910,0.00250010,0.00234730,0.00235030,151860063.00000000,2019-10-01 23:59:59.999000+00:00,366404.86835360,1975,63798897.00000000,153955.00985580,0
89,2019-10-02 00:00:00+00:00,0.00235610,0.00236920,0.00228090,0.00232300,88034436.00000000,2019-10-02 23:59:59.999000+00:00,203689.27737430,1232,44212062.00000000,102405.30302310,0
90,2019-10-03 00:00:00+00:00,0.00232300,0.00232500,0.00223530,0.00229770,81022529.00000000,2019-10-03 23:59:59.999000+00:00,184522.76648850,1075,39396275.00000000,89914.08890170,0
91,2019-10-04 00:00:00+00:00,0.00229800,0.00232500,0.00223980,0.00228930,52314904.00000000,2019-10-04 23:59:59.999000+00:00,119067.20103930,1186,23017886.00000000,52497.21553610,0
92,2019-10-05 00:00:00+00:00,0.00228820,0.00230510,0.00226140,0.00229220,53899895.00000000,2019-10-05 23:59:59.999000+00:00,123029.74291550,933,23281345.00000000,53213.05191470,0
93,2019-10-06 00:00:00+00:00,0.00229930,0.00230480,0.00222750,0.00226770,72718151.00000000,2019-10-06 23:59:59.999000+00:00,165193.87092280,1056,25991148.00000000,58849.22950110,0
94,2019-10-07 00:00:00+00:00,0.00226590,0.00236540,0.00223680,0.00233100,69936960.00000000,2019-10-07 23:59:59.999000+00:00,161417.54457440,1166,31175619.00000000,72019.69172820,0
95,2019-10-08 00:00:00+00:00,0.00232980,0.00236490,0.00227830,0.00230960,89953557.00000000,2019-10-08 23:59:59.999000+00:00,207768.84311940,1304,47160671.00000000,108959.26673650,0
96,2019-10-09 00:00:00+00:00,0.00230960,0.00236520,0.00224670,0.00235220,128533706.00000000,2019-10-09 23:59:59.999000+00:00,298466.54858300,1676,68205157.00000000,158941.23657310,0
97,2019-10-10 00:00:00+00:00,0.00234600,0.00235120,0.00229270,0.00230000,74485978.00000000,2019-10-10 23:59:59.999000+00:00,172919.97552100,1201,40428413.00000000,93949.65671080,0
98,2019-10-11 00:00:00+00:00,0.00229700,0.00234110,0.00222500,0.00229090,61631506.00000000,2019-10-11 23:59:59.999000+00:00,140068.52025480,1152,29447646.00000000,67036.45727430,0
99,2019-10-12 00:00:00+00:00,0.00228800,0.00233100,0.00227510,0.00231960,70374904.00000000,2019-10-12 23:59:59.999000+00:00,162044.58576520,1085,38880487.00000000,89627.30634750,0
100,2019-10-13 00:00:00+00:00,0.00231900,0.00263490,0.00230960,0.00243170,506106744.00000000,2019-10-13 23:59:59.999000+00:00,1269755.04007100,5970,239922065.00000000,602593.80953310,0
101,2019-10-14 00:00:00+00:00,0.00243120,0.00275000,0.00240670,0.00254150,1281613616.00000000,2019-10-14 23:59:59.999000+00:00,3277165.76634310,7451,455085703.00000000,1161638.16948230,0
102,2019-10-15 00:00:00+00:00,0.00254820,0.00258000,0.00246520,0.00249640,142270876.00000000,2019-10-15 23:59:59.999000+00:00,359498.29389660,2048,75553590.00000000,190965.61789250,0
103,2019-10-16 00:00:00+00:00,0.00249570,0.00262280,0.00248510,0.00261620,271043906.00000000,2019-10-16 23:59:59.999000+00:00,694195.33572530,3538,154292868.00000000,395446.61374450,0
104,2019-10-17 00:00:00+00:00,0.00261170,0.00297400,0.00257780,0.00274050,673256287.00000000,2019-10-17 23:59:59.999000+00:00,1866457.91999160,9098,350314859.00000000,971676.58056640,0
105,2019-10-18 00:00:00+00:00,0.00273500,0.00286650,0.00263110,0.00269520,262101555.00000000,2019-10-18 23:59:59.999000+00:00,719205.82735010,3979,132107248.00000000,363277.36351200,0
106,2019-10-19 00:00:00+00:00,0.00269440,0.00279490,0.00264670,0.00271760,103435078.00000000,2019-10-19 23:59:59.999000+00:00,282136.05367960,1978,48407940.00000000,131975.50970550,0
107,2019-10-20 00:00:00+00:00,0.00271790,0.00275750,0.00264070,0.00271510,113305480.00000000,2019-10-20 23:59:59.999000+00:00,305690.16497450,2079,58108437.00000000,156893.28501880,0
108,2019-10-21 00:00:00+00:00,0.00270790,0.00295000,0.00257580,0.00268790,287285773.00000000,2019-10-21 23:59:59.999000+00:00,759359.41429490,4533,140270871.00000000,371095.06087470,0
109,2019-10-22 00:00:00+00:00,0.00268840,0.00272970,0.00250850,0.00253110,948366683.00000000,2019-10-22 23:59:59.999000+00:00,2480669.55585790,6894,460416017.00000000,1198319.83195380,0
110,2019-10-23 00:00:00+00:00,0.00253860,0.00256500,0.00210000,0.00247460,399964920.00000000,2019-10-23 23:59:59.999000+00:00,973322.75525590,4450,240546064.00000000,584522.13531570,0
111,2019-10-24 00:00:00+00:00,0.00248050,0.00255000,0.00240000,0.00251830,176236372.00000000,2019-10-24 23:59:59.999000+00:00,437753.45749390,2560,86681279.00000000,214928.99927150,0
112,2019-10-25 00:00:00+00:00,0.00251830,0.00277990,0.00246520,0.00266940,330206126.00000000,2019-10-25 23:59:59.999000+00:00,868998.17525940,5006,205470327.00000000,542710.45237300,0
113,2019-10-26 00:00:00+00:00,0.00266940,0.00289800,0.00255770,0.00259250,327792551.00000000,2019-10-26 23:59:59.999000+00:00,888681.32133060,6416,188167547.00000000,512057.68110570,0
114,2019-10-27 00:00:00+00:00,0.00260610,0.00295420,0.00256000,0.00264000,203666784.00000000,2019-10-27 23:59:59.999000+00:00,543525.11410820,4041,115513944.00000000,309003.88932960,0
115,2019-10-28 00:00:00+00:00,0.00264000,0.00275000,0.00262340,0.00262650,179647401.00000000,2019-10-28 23:59:59.999000+00:00,479667.37732590,2826,94978753.00000000,254014.33735750,0
116,2019-10-29 00:00:00+00:00,0.00263790,0.00269520,0.00261500,0.00262500,136659517.00000000,2019-10-29 23:59:59.999000+00:00,363775.99541900,2059,69688058.00000000,185389.06981400,0
117,2019-10-30 00:00:00+00:00,0.00262500,0.00266490,0.00255840,0.00259360,202095484.00000000,2019-10-30 23:59:59.999000+00:00,527918.33319540,3272,94321204.00000000,246602.21960470,0
118,2019-10-31 00:00:00+00:00,0.00258910,0.00263570,0.00254730,0.00258440,93293235.00000000,2019-10-31 23:59:59.999000+00:00,241478.35083900,1735,54248983.00000000,140378.35214140,0
119,2019-11-01 00:00:00+00:00,0.00258110,0.00267500,0.00255220,0.00259320,48308176.00000000,2019-11-01 23:59:59.999000+00:00,124717.20674070,1051,24951607.00000000,64561.09584800,0
120,2019-11-02 00:00:00+00:00,0.00259940,0.00261140,0.00254630,0.00257730,136199748.00000000,2019-11-02 23:59:59.999000+00:00,350689.02069890,1623,78567136.00000000,202405.23348170,0
121,2019-11-03 00:00:00+00:00,0.00259660,0.00263690,0.00254270,0.00258610,94348909.00000000,2019-11-03 23:59:59.999000+00:00,242668.84483010,1684,48795040.00000000,125648.06679300,0
122,2019-11-04 00:00:00+00:00,0.00258030,0.00260000,0.00253800,0.00257510,89131455.00000000,2019-11-04 23:59:59.999000+00:00,229169.35694590,1509,35659217.00000000,91565.63543390,0
123,2019-11-05 00:00:00+00:00,0.00257510,0.00260450,0.00255010,0.00259270,89896615.00000000,2019-11-05 23:59:59.999000+00:00,232074.10594400,1408,43030737.00000000,111152.06593210,0
124,2019-11-06 00:00:00+00:00,0.00258810,0.00261000,0.00255000,0.00259520,78525806.00000000,2019-11-06 23:59:59.999000+00:00,203331.17116640,1246,44387668.00000000,115093.56590260,0
125,2019-11-07 00:00:00+00:00,0.00259420,0.00274490,0.00256940,0.00269820,389579342.00000000,2019-11-07 23:59:59.999000+00:00,1036428.74454750,4923,193095515.00000000,513862.75664310,0
126,2019-11-08 00:00:00+00:00,0.00270400,0.00270960,0.00253500,0.00263810,140343464.00000000,2019-11-08 23:59:59.999000+00:00,369370.72421370,2342,74409167.00000000,195842.24301890,0
127,2019-11-09 00:00:00+00:00,0.00264420,0.00273510,0.00260790,0.00271260,355378242.00000000,2019-11-09 23:59:59.999000+00:00,952818.47907960,4385,209633710.00000000,563235.65807840,0
128,2019-11-10 00:00:00+00:00,0.00270780,0.00278490,0.00266470,0.00275650,305203814.00000000,2019-11-10 23:59:59.999000+00:00,832966.02259980,3994,181860959.00000000,496395.97049460,0
129,2019-11-11 00:00:00+00:00,0.00276530,0.00276870,0.00264600,0.00270500,145629942.00000000,2019-11-11 23:59:59.999000+00:00,392033.94687690,2111,88333183.00000000,237874.38481960,0
130,2019-11-12 00:00:00+00:00,0.00270420,0.00272440,0.00264560,0.00270780,116799812.00000000,2019-11-12 23:59:59.999000+00:00,315123.37439820,1946,81283184.00000000,219691.16568430,0
131,2019-11-13 00:00:00+00:00,0.00270780,0.00270780,0.00263160,0.00268210,140516822.00000000,2019-11-13 23:59:59.999000+00:00,374483.91628790,1735,79228683.00000000,211207.46907830,0
132,2019-11-14 00:00:00+00:00,0.00267510,0.00268620,0.00259910,0.00266200,99444648.00000000,2019-11-14 23:59:59.999000+00:00,263406.63242990,1271,65594335.00000000,174066.45534100,0
133,2019-11-15 00:00:00+00:00,0.00266500,0.00271000,0.00257670,0.00265800,196496664.00000000,2019-11-15 23:59:59.999000+00:00,518197.38722710,2630,104953111.00000000,277505.10192130,0
134,2019-11-16 00:00:00+00:00,0.00265040,0.00270000,0.00261640,0.00266060,184465713.00000000,2019-11-16 23:59:59.999000+00:00,487015.19830860,1694,105085882.00000000,277551.01104470,0
135,2019-11-17 00:00:00+00:00,0.00265170,0.00266190,0.00258930,0.00262580,81768446.00000000,2019-11-17 23:59:59.999000+00:00,214911.49535110,2029,37051167.00000000,97484.65614320,0
136,2019-11-18 00:00:00+00:00,0.00261590,0.00262990,0.00250020,0.00253950,72203979.00000000,2019-11-18 23:59:59.999000+00:00,184812.43871320,1361,35892322.00000000,91990.36745490,0
137,2019-11-19 00:00:00+00:00,0.00253510,0.00253810,0.00248830,0.00251650,60867796.00000000,2019-11-19 23:59:59.999000+00:00,152878.52077490,1082,30342346.00000000,76223.07265600,0
138,2019-11-20 00:00:00+00:00,0.00252060,0.00259000,0.00250650,0.00252250,51326120.00000000,2019-11-20 23:59:59.999000+00:00,129835.19235740,929,28095699.00000000,71119.68821300,0
139,2019-11-21 00:00:00+00:00,0.00252090,0.00253020,0.00230000,0.00240630,139844659.00000000,2019-11-21 23:59:59.999000+00:00,338044.36201590,2384,73153388.00000000,177083.86154670,0
140,2019-11-22 00:00:00+00:00,0.00240590,0.00244260,0.00217330,0.00235240,165526781.00000000,2019-11-22 23:59:59.999000+00:00,381962.22100900,2959,85272043.00000000,197006.57318590,0
141,2019-11-23 00:00:00+00:00,0.00235280,0.00240000,0.00226120,0.00239940,172491867.00000000,2019-11-23 23:59:59.999000+00:00,404092.18912810,2226,88120560.00000000,204546.72822630,0
142,2019-11-24 00:00:00+00:00,0.00238920,0.00238920,0.00223230,0.00223300,116673800.00000000,2019-11-24 23:59:59.999000+00:00,268427.13440490,2037,57022563.00000000,131083.27196030,0
143,2019-11-25 00:00:00+00:00,0.00223680,0.00232060,0.00208100,0.00225390,150700812.00000000,2019-11-25 23:59:59.999000+00:00,331627.60408530,2489,74694518.00000000,164819.79277030,0
144,2019-11-26 00:00:00+00:00,0.00224740,0.00231280,0.00222670,0.00226630,46658505.00000000,2019-11-26 23:59:59.999000+00:00,105199.07605220,962,25271979.00000000,56973.19948940,0
145,2019-11-27 00:00:00+00:00,0.00226630,0.00236000,0.00218660,0.00232080,98287760.00000000,2019-11-27 23:59:59.999000+00:00,224926.86548700,1829,60589567.00000000,138862.10766350,0
146,2019-11-28 00:00:00+00:00,0.00231530,0.00236000,0.00226140,0.00227200,98429449.00000000,2019-11-28 23:59:59.999000+00:00,227564.26697800,1370,49694451.00000000,115032.34948220,0
147,2019-11-29 00:00:00+00:00,0.00227350,0.00237330,0.00227220,0.00235930,98438924.00000000,2019-11-29 23:59:59.999000+00:00,228861.47075330,1704,59957327.00000000,139436.53139130,0
148,2019-11-30 00:00:00+00:00,0.00235930,0.00236070,0.00227110,0.00229180,59323424.00000000,2019-11-30 23:59:59.999000+00:00,137880.77163940,1208,31052197.00000000,72149.04246590,0
149,2019-12-01 00:00:00+00:00,0.00229200,0.00230410,0.00223230,0.00226480,71868565.00000000,2019-12-01 23:59:59.999000+00:00,162403.87941690,1197,38388165.00000000,86757.35020350,0
150,2019-12-02 00:00:00+00:00,0.00227080,0.00227080,0.00215880,0.00221940,163746405.00000000,2019-12-02 23:59:59.999000+00:00,359449.34270110,2008,106700242.00000000,233971.26184360,0
151,2019-12-03 00:00:00+00:00,0.00222090,0.00223660,0.00215040,0.00217820,189360213.00000000,2019-12-03 23:59:59.999000+00:00,413673.08148100,1729,118094043.00000000,258133.02677730,0
152,2019-12-04 00:00:00+00:00,0.00217310,0.00224500,0.00211230,0.00216820,259311714.00000000,2019-12-04 23:59:59.999000+00:00,558513.78852790,2651,162039847.00000000,348408.47427280,0
153,2019-12-05 00:00:00+00:00,0.00217170,0.00221990,0.00214060,0.00217550,75250597.00000000,2019-12-05 23:59:59.999000+00:00,163409.86356720,1366,41482541.00000000,90164.43564610,0
154,2019-12-06 00:00:00+00:00,0.00217050,0.00224160,0.00210010,0.00219440,132923213.00000000,2019-12-06 23:59:59.999000+00:00,285321.61600950,1932,58128604.00000000,125219.48412630,0
155,2019-12-07 00:00:00+00:00,0.00218940,0.00225040,0.00216010,0.00218400,61735171.00000000,2019-12-07 23:59:59.999000+00:00,135374.77335820,1149,30447648.00000000,66908.25738850,0
156,2019-12-08 00:00:00+00:00,0.00218340,0.00224990,0.00215000,0.00219710,56793315.00000000,2019-12-08 23:59:59.999000+00:00,123777.92938230,927,31565560.00000000,68782.69457340,0
157,2019-12-09 00:00:00+00:00,0.00219680,0.00221820,0.00216240,0.00216990,56493155.00000000,2019-12-09 23:59:59.999000+00:00,123320.32950680,1079,31946236.00000000,69741.29649860,0
158,2019-12-10 00:00:00+00:00,0.00216350,0.00221500,0.00209030,0.00213680,116186991.00000000,2019-12-10 23:59:59.999000+00:00,250651.54980600,1939,55399555.00000000,119643.32555720,0
159,2019-12-11 00:00:00+00:00,0.00214020,0.00217400,0.00210790,0.00213790,86454061.00000000,2019-12-11 23:59:59.999000+00:00,185263.89075470,1437,43411097.00000000,93091.90168540,0
160,2019-12-12 00:00:00+00:00,0.00215150,0.00216880,0.00211660,0.00213440,55721062.00000000,2019-12-12 23:59:59.999000+00:00,119010.20525860,1215,29351507.00000000,62727.40885700,0
161,2019-12-13 00:00:00+00:00,0.00213480,0.00222450,0.00210510,0.00213210,105233189.00000000,2019-12-13 23:59:59.999000+00:00,225284.54461880,1649,57307473.00000000,122837.67280280,0
162,2019-12-14 00:00:00+00:00,0.00212740,0.00229330,0.00204800,0.00211270,97345597.00000000,2019-12-14 23:59:59.999000+00:00,207398.51683960,1957,55888787.00000000,119456.12749020,0
163,2019-12-15 00:00:00+00:00,0.00211270,0.00220000,0.00209380,0.00213630,61190730.00000000,2019-12-15 23:59:59.999000+00:00,130328.09962930,1147,35398261.00000000,75482.76171430,0
164,2019-12-16 00:00:00+00:00,0.00213630,0.00217700,0.00207050,0.00208700,99814375.00000000,2019-12-16 23:59:59.999000+00:00,211390.30507990,1807,49686398.00000000,105343.03596570,0
165,2019-12-17 00:00:00+00:00,0.00208350,0.00213180,0.00193490,0.00197720,209772941.00000000,2019-12-17 23:59:59.999000+00:00,424578.79542690,3011,122592593.00000000,248239.58491540,0
166,2019-12-18 00:00:00+00:00,0.00197720,0.00208680,0.00190000,0.00204830,444442268.00000000,2019-12-18 23:59:59.999000+00:00,870348.04724020,4342,267719004.00000000,524307.72172950,0
167,2019-12-19 00:00:00+00:00,0.00205410,0.00218000,0.00198190,0.00202050,91905080.00000000,2019-12-19 23:59:59.999000+00:00,186094.56313420,1918,48387110.00000000,98222.70317110,0
168,2019-12-20 00:00:00+00:00,0.00202410,0.00206500,0.00199330,0.00202730,58972845.00000000,2019-12-20 23:59:59.999000+00:00,119422.28095640,1333,31260270.00000000,63344.54039600,0
169,2019-12-21 00:00:00+00:00,0.00202750,0.00206760,0.00200910,0.00204000,83070907.00000000,2019-12-21 23:59:59.999000+00:00,168837.07977890,988,35817271.00000000,72918.88402440,0
170,2019-12-22 00:00:00+00:00,0.00204000,0.00208590,0.00202000,0.00208080,97517875.00000000,2019-12-22 23:59:59.999000+00:00,200685.04070880,1293,49743816.00000000,102486.92064080,0
171,2019-12-23 00:00:00+00:00,0.00208480,0.00212610,0.00202760,0.00205100,187366372.00000000,2019-12-23 23:59:59.999000+00:00,387064.55666760,2449,97540391.00000000,201849.77773040,0
172,2019-12-24 00:00:00+00:00,0.00204700,0.00205460,0.00200200,0.00201840,61042421.00000000,2019-12-24 23:59:59.999000+00:00,124019.54883450,828,27366987.00000000,55610.77501920,0
173,2019-12-25 00:00:00+00:00,0.00201700,0.00205910,0.00199380,0.00204000,108851438.00000000,2019-12-25 23:59:59.999000+00:00,219272.85195080,1431,52444870.00000000,105748.15658380,0
174,2019-12-26 00:00:00+00:00,0.00203310,0.00205450,0.00200130,0.00202450,81831506.00000000,2019-12-26 23:59:59.999000+00:00,166144.94213720,1315,42352355.00000000,86092.70345340,0
175,2019-12-27 00:00:00+00:00,0.00201720,0.00204260,0.00199010,0.00202770,145246366.00000000,2019-12-27 23:59:59.999000+00:00,292897.11126600,2662,68800739.00000000,138843.23107780,0
176,2019-12-28 00:00:00+00:00,0.00202770,0.00206240,0.00202770,0.00204580,48401004.00000000,2019-12-28 23:59:59.999000+00:00,98985.70198130,840,29001655.00000000,59337.61060180,0
177,2019-12-29 00:00:00+00:00,0.00204580,0.00206090,0.00202590,0.00203290,50528679.00000000,2019-12-29 23:59:59.999000+00:00,103109.25107200,1206,25715413.00000000,52511.29739660,0
178,2019-12-30 00:00:00+00:00,0.00203910,0.00205850,0.00201230,0.00202640,76749919.00000000,2019-12-30 23:59:59.999000+00:00,155865.05056300,1253,39394616.00000000,80064.94878300,0
179,2019-12-31 00:00:00+00:00,0.00201900,0.00202990,0.00198620,0.00201350,131083309.00000000,2019-12-31 23:59:59.999000+00:00,263669.54387290,1701,66332079.00000000,133493.40385520,0
180,2020-01-01 00:00:00+00:00,0.00201360,0.00203900,0.00200010,0.00202450,31462868.00000000,2020-01-01 23:59:59.999000+00:00,63641.72435880,594,15348147.00000000,31023.05702350,0
181,2020-01-02 00:00:00+00:00,0.00202450,0.00204000,0.00194850,0.00199510,191887309.00000000,2020-01-02 23:59:59.999000+00:00,383678.68362100,3047,102172168.00000000,204688.96780200,0
182,2020-01-03 00:00:00+00:00,0.00199860,0.00203590,0.00196750,0.00202360,109005714.00000000,2020-01-03 23:59:59.999000+00:00,219205.87201540,1585,56166206.00000000,112959.68022050,0
183,2020-01-04 00:00:00+00:00,0.00201850,0.00210350,0.00201500,0.00205790,123468609.00000000,2020-01-04 23:59:59.999000+00:00,252973.41964840,1739,70521098.00000000,144561.89829310,0
184,2020-01-05 00:00:00+00:00,0.00205890,0.00209220,0.00203610,0.00206960,66437147.00000000,2020-01-05 23:59:59.999000+00:00,137479.87486340,1381,31852955.00000000,65947.57388200,0
185,2020-01-06 00:00:00+00:00,0.00207220,0.00213450,0.00206920,0.00213440,108507039.00000000,2020-01-06 23:59:59.999000+00:00,228574.11715200,2069,59217977.00000000,124803.57675350,0
186,2020-01-07 00:00:00+00:00,0.00213330,0.00218470,0.00207770,0.00217500,121470207.00000000,2020-01-07 23:59:59.999000+00:00,260701.16277820,2594,56593615.00000000,121419.30906710,0
187,2020-01-08 00:00:00+00:00,0.00216870,0.00222630,0.00207010,0.00208860,205791636.00000000,2020-01-08 23:59:59.999000+00:00,445699.47912680,3049,92466492.00000000,200579.36117420,0
188,2020-01-09 00:00:00+00:00,0.00209340,0.00216330,0.00206420,0.00212820,80515080.00000000,2020-01-09 23:59:59.999000+00:00,170069.03574420,1607,36239021.00000000,76549.00678300,0
189,2020-01-10 00:00:00+00:00,0.00213230,0.00220240,0.00209830,0.00219730,222205607.00000000,2020-01-10 23:59:59.999000+00:00,479342.40529650,2424,112086291.00000000,241673.10721340,0
190,2020-01-11 00:00:00+00:00,0.00220070,0.00222500,0.00216510,0.00217540,94223943.00000000,2020-01-11 23:59:59.999000+00:00,206824.57625700,1601,52429060.00000000,115152.80457050,0
191,2020-01-12 00:00:00+00:00,0.00216710,0.00221330,0.00215500,0.00219630,49775170.00000000,2020-01-12 23:59:59.999000+00:00,109076.86426850,959,30275936.00000000,66456.35378140,0
192,2020-01-13 00:00:00+00:00,0.00220260,0.00220490,0.00216520,0.00217040,66668055.00000000,2020-01-13 23:59:59.999000+00:00,145441.63780370,1120,34594026.00000000,75431.86156180,0
193,2020-01-14 00:00:00+00:00,0.00216560,0.00239550,0.00216530,0.00235810,297610208.00000000,2020-01-14 23:59:59.999000+00:00,673174.51825450,6853,121254002.00000000,274763.02046740,0
194,2020-01-15 00:00:00+00:00,0.00234930,0.00249130,0.00232040,0.00236690,262905054.00000000,2020-01-15 23:59:59.999000+00:00,629428.87521130,5310,141875440.00000000,339257.06624200,0
195,2020-01-16 00:00:00+00:00,0.00237600,0.00237680,0.00228710,0.00232760,98583989.00000000,2020-01-16 23:59:59.999000+00:00,229189.46020760,2232,54289576.00000000,126127.91395990,0
196,2020-01-17 00:00:00+00:00,0.00233430,0.00250350,0.00231590,0.00248680,280388650.00000000,2020-01-17 23:59:59.999000+00:00,674329.91431010,6904,128793395.00000000,309884.63273330,0
197,2020-01-18 00:00:00+00:00,0.00248550,0.00252250,0.00244410,0.00251150,191378707.00000000,2020-01-18 23:59:59.999000+00:00,476043.32813160,3616,86044864.00000000,213902.76820580,0
198,2020-01-19 00:00:00+00:00,0.00251370,0.00258330,0.00232690,0.00239820,161012185.00000000,2020-01-19 23:59:59.999000+00:00,396644.32062460,3300,82691120.00000000,204665.21073870,0
199,2020-01-20 00:00:00+00:00,0.00239990,0.00242700,0.00234680,0.00237600,95126694.00000000,2020-01-20 23:59:59.999000+00:00,226674.70702720,1602,59577227.00000000,142046.53941410,0
200,2020-01-21 00:00:00+00:00,0.00237600,0.00239520,0.00232060,0.00236730,130661575.00000000,2020-01-21 23:59:59.999000+00:00,309571.96695030,1817,63084309.00000000,149443.33135890,0
201,2020-01-22 00:00:00+00:00,0.00235830,0.00239040,0.00233530,0.00234340,72204081.00000000,2020-01-22 23:59:59.999000+00:00,170050.35340490,1239,38752080.00000000,91302.78052450,0
202,2020-01-23 00:00:00+00:00,0.00234300,0.00234780,0.00222500,0.00225140,120187526.00000000,2020-01-23 23:59:59.999000+00:00,274071.66140370,1882,51316192.00000000,117320.35035280,0
203,2020-01-24 00:00:00+00:00,0.00225500,0.00228850,0.00219680,0.00226980,72913429.00000000,2020-01-24 23:59:59.999000+00:00,164349.33316850,1288,42138496.00000000,94997.10274820,0
204,2020-01-25 00:00:00+00:00,0.00227060,0.00227080,0.00222650,0.00225100,74227952.00000000,2020-01-25 23:59:59.999000+00:00,166763.09417350,1107,30730825.00000000,69078.84909140,0
205,2020-01-26 00:00:00+00:00,0.00224970,0.00230910,0.00223640,0.00228540,62787676.00000000,2020-01-26 23:59:59.999000+00:00,142883.10909590,978,40284694.00000000,91743.29565070,0
206,2020-01-27 00:00:00+00:00,0.00229100,0.00242710,0.00225600,0.00235940,189983953.00000000,2020-01-27 23:59:59.999000+00:00,448297.54060820,3060,100608505.00000000,237610.11705190,0
207,2020-01-28 00:00:00+00:00,0.00235940,0.00244370,0.00235000,0.00244120,132996335.00000000,2020-01-28 23:59:59.999000+00:00,318112.72703210,2589,63775844.00000000,152551.91590620,0
208,2020-01-29 00:00:00+00:00,0.00244270,0.00244770,0.00237100,0.00238650,113185519.00000000,2020-01-29 23:59:59.999000+00:00,273563.77158250,1949,52906123.00000000,128043.36747510,0
209,2020-01-30 00:00:00+00:00,0.00238650,0.00242430,0.00235440,0.00241400,78294104.00000000,2020-01-30 23:59:59.999000+00:00,187151.29741310,1711,31644906.00000000,75692.83184110,0
210,2020-01-31 00:00:00+00:00,0.00241640,0.00244500,0.00236200,0.00237760,106455643.00000000,2020-01-31 23:59:59.999000+00:00,255257.40297010,2084,45145112.00000000,108218.17562270,0
211,2020-02-01 00:00:00+00:00,0.00237760,0.00241700,0.00237300,0.00241700,69780779.00000000,2020-02-01 23:59:59.999000+00:00,167435.21317400,1349,32658146.00000000,78419.14086470,0
212,2020-02-02 00:00:00+00:00,0.00241180,0.00250180,0.00239850,0.00244060,140214787.00000000,2020-02-02 23:59:59.999000+00:00,343316.65529920,2226,56920625.00000000,139563.78182490,0
213,2020-02-03 00:00:00+00:00,0.00243970,0.00249990,0.00241330,0.00241560,147181393.00000000,2020-02-03 23:59:59.999000+00:00,359020.91428250,1896,80209311.00000000,195779.13282040,0
214,2020-02-04 00:00:00+00:00,0.00241670,0.00251780,0.00239800,0.00251690,243323349.00000000,2020-02-04 23:59:59.999000+00:00,597908.79754050,3153,124473781.00000000,305988.12979930,0
215,2020-02-05 00:00:00+00:00,0.00251690,0.00263340,0.00247230,0.00258260,456737744.00000000,2020-02-05 23:59:59.999000+00:00,1176603.18732830,5776,221786984.00000000,571258.65570180,0
216,2020-02-06 00:00:00+00:00,0.00258230,0.00268960,0.00256960,0.00266540,245310854.00000000,2020-02-06 23:59:59.999000+00:00,647962.05314270,3356,124388643.00000000,328635.14448700,0
217,2020-02-07 00:00:00+00:00,0.00266420,0.00280000,0.00265000,0.00278880,266969073.00000000,2020-02-07 23:59:59.999000+00:00,727141.70849750,3890,128194714.00000000,349520.81001110,0
218,2020-02-08 00:00:00+00:00,0.00279970,0.00326740,0.00272140,0.00317100,1122954168.00000000,2020-02-08 23:59:59.999000+00:00,3427065.44379970,14093,573670264.00000000,1747555.15088710,0
219,2020-02-09 00:00:00+00:00,0.00317450,0.00489000,0.00307800,0.00322350,1307461248.00000000,2020-02-09 23:59:59.999000+00:00,4387183.33866010,16911,659280377.00000000,2223402.97017500,0
220,2020-02-10 00:00:00+00:00,0.00321550,0.00328190,0.00284170,0.00296630,810781064.00000000,2020-02-10 23:59:59.999000+00:00,2442801.12231810,11186,372633432.00000000,1125818.07768420,0
221,2020-02-11 00:00:00+00:00,0.00296180,0.00309460,0.00283880,0.00303000,584824864.00000000,2020-02-11 23:59:59.999000+00:00,1735903.97084840,7190,279728230.00000000,831419.68395440,0
222,2020-02-12 00:00:00+00:00,0.00303000,0.00315680,0.00300000,0.00305890,621222834.00000000,2020-02-12 23:59:59.999000+00:00,1921241.12473860,8907,293056889.00000000,907110.45664850,0
223,2020-02-13 00:00:00+00:00,0.00305990,0.00321000,0.00294430,0.00301320,570152846.00000000,2020-02-13 23:59:59.999000+00:00,1746493.51712080,8474,262389262.00000000,803545.71029280,0
224,2020-02-14 00:00:00+00:00,0.00300980,0.00313830,0.00297560,0.00310670,305515579.00000000,2020-02-14 23:59:59.999000+00:00,936964.89702760,4295,154533808.00000000,475710.97956390,0
225,2020-02-15 00:00:00+00:00,0.00310990,0.00317690,0.00284000,0.00290310,320372009.00000000,2020-02-15 23:59:59.999000+00:00,962924.25548600,5427,159843459.00000000,481774.67704040,0
226,2020-02-16 00:00:00+00:00,0.00289810,0.00296210,0.00260230,0.00275220,417846263.00000000,2020-02-16 23:59:59.999000+00:00,1166207.45917730,5864,195610034.00000000,547012.20953360,0
227,2020-02-17 00:00:00+00:00,0.00274750,0.00275610,0.00252410,0.00269990,273787797.00000000,2020-02-17 23:59:59.999000+00:00,722781.16524190,4589,129278540.00000000,341642.30694460,0
228,2020-02-18 00:00:00+00:00,0.00268190,0.00286560,0.00265380,0.00282860,344021674.00000000,2020-02-18 23:59:59.999000+00:00,952560.35329400,4662,168004893.00000000,465619.23526020,0
229,2020-02-19 00:00:00+00:00,0.00283490,0.00286150,0.00256230,0.00260850,156007562.00000000,2020-02-19 23:59:59.999000+00:00,431022.96936320,2608,69678148.00000000,193487.83528040,0
230,2020-02-20 00:00:00+00:00,0.00260300,0.00299090,0.00254150,0.00265300,268076623.00000000,2020-02-20 23:59:59.999000+00:00,701142.80132340,4598,125678208.00000000,330442.77681950,0
231,2020-02-21 00:00:00+00:00,0.00265000,0.00271200,0.00258910,0.00264810,153113913.00000000,2020-02-21 23:59:59.999000+00:00,405653.13891990,2756,59935279.00000000,159011.23087940,0
232,2020-02-22 00:00:00+00:00,0.00264690,0.00265330,0.00257190,0.00258870,107733066.00000000,2020-02-22 23:59:59.999000+00:00,280373.35043660,1609,47882326.00000000,124550.66377500,0
233,2020-02-23 00:00:00+00:00,0.00259050,0.00268000,0.00259050,0.00267720,85158189.00000000,2020-02-23 23:59:59.999000+00:00,226037.16471820,1835,42237105.00000000,112164.31226220,0
234,2020-02-24 00:00:00+00:00,0.00267440,0.00268220,0.00254360,0.00257690,123771852.00000000,2020-02-24 23:59:59.999000+00:00,322457.27118180,2154,46703493.00000000,121508.83444900,0
235,2020-02-25 00:00:00+00:00,0.00258310,0.00258310,0.00239770,0.00247340,256619298.00000000,2020-02-25 23:59:59.999000+00:00,640168.54778470,3161,141340178.00000000,352123.47675520,0
236,2020-02-26 00:00:00+00:00,0.00247330,0.00248640,0.00218620,0.00234390,305716693.00000000,2020-02-26 23:59:59.999000+00:00,716963.18626500,4029,167633061.00000000,392748.87661610,0
237,2020-02-27 00:00:00+00:00,0.00234060,0.00241640,0.00230000,0.00232550,164177168.00000000,2020-02-27 23:59:59.999000+00:00,385248.60928080,2746,75956402.00000000,178526.13484450,0
238,2020-02-28 00:00:00+00:00,0.00232550,0.00237000,0.00221610,0.00228230,99076087.00000000,2020-02-28 23:59:59.999000+00:00,227185.20191790,1865,48802552.00000000,111799.46552240,0
239,2020-02-29 00:00:00+00:00,0.00228230,0.00231970,0.00221120,0.00221530,84399218.00000000,2020-02-29 23:59:59.999000+00:00,192113.06574650,1606,40973405.00000000,93256.54664910,0
240,2020-03-01 00:00:00+00:00,0.00222020,0.00231000,0.00220040,0.00227940,116810334.00000000,2020-03-01 23:59:59.999000+00:00,261897.33063360,1557,52896394.00000000,118801.91467840,0
241,2020-03-02 00:00:00+00:00,0.00226880,0.00237920,0.00222050,0.00234710,96449244.00000000,2020-03-02 23:59:59.999000+00:00,222718.14052570,1415,42165238.00000000,97528.73507390,0
242,2020-03-03 00:00:00+00:00,0.00235800,0.00253550,0.00230820,0.00249850,276081118.00000000,2020-03-03 23:59:59.999000+00:00,671112.07699970,3421,131204416.00000000,318390.67252310,0
243,2020-03-04 00:00:00+00:00,0.00250310,0.00250330,0.00237000,0.00241870,201587827.00000000,2020-03-04 23:59:59.999000+00:00,489659.14107870,2916,85450311.00000000,207249.52400070,0
244,2020-03-05 00:00:00+00:00,0.00242510,0.00253000,0.00242220,0.00247710,122219349.00000000,2020-03-05 23:59:59.999000+00:00,303298.64437760,1845,55206704.00000000,137019.62136010,0
245,2020-03-06 00:00:00+00:00,0.00247730,0.00249990,0.00243740,0.00248620,63303104.00000000,2020-03-06 23:59:59.999000+00:00,156581.82822670,1067,25596262.00000000,63345.72753310,0
246,2020-03-07 00:00:00+00:00,0.00248620,0.00249400,0.00239220,0.00240660,112331024.00000000,2020-03-07 23:59:59.999000+00:00,274065.49336890,1874,48070577.00000000,117254.56014990,0
247,2020-03-08 00:00:00+00:00,0.00240290,0.00240390,0.00215000,0.00216710,181080658.00000000,2020-03-08 23:59:59.999000+00:00,409495.11456930,2318,68252750.00000000,154507.49049800,0
248,2020-03-09 00:00:00+00:00,0.00217140,0.00222690,0.00208000,0.00222030,229780847.00000000,2020-03-09 23:59:59.999000+00:00,495505.15975390,3073,98324498.00000000,212399.49776910,0
249,2020-03-10 00:00:00+00:00,0.00222610,0.00226410,0.00215330,0.00220530,225779527.00000000,2020-03-10 23:59:59.999000+00:00,497417.66375880,2034,128382146.00000000,282636.65187300,0
250,2020-03-11 00:00:00+00:00,0.00220210,0.00221810,0.00209110,0.00217160,128060172.00000000,2020-03-11 23:59:59.999000+00:00,276757.06833780,1922,54042557.00000000,116969.18054890,0
251,2020-03-12 00:00:00+00:00,0.00217590,0.00218050,0.00140030,0.00159960,770809996.00000000,2020-03-12 23:59:59.999000+00:00,1371747.47505420,8233,298827193.00000000,536306.46361220,0
252,2020-03-13 00:00:00+00:00,0.00149710,0.00179570,0.00113450,0.00174600,372647948.00000000,2020-03-13 23:59:59.999000+00:00,576891.42798040,5736,165002399.00000000,256917.74816130,0
253,2020-03-14 00:00:00+00:00,0.00172260,0.00177710,0.00163300,0.00166320,224230347.00000000,2020-03-14 23:59:59.999000+00:00,383070.68836290,2570,113011091.00000000,192932.39963370,0
254,2020-03-15 00:00:00+00:00,0.00166030,0.00183290,0.00162950,0.00169320,183272920.00000000,2020-03-15 23:59:59.999000+00:00,312321.66713570,2228,105445263.00000000,179977.80744340,0
255,2020-03-16 00:00:00+00:00,0.00169030,0.00170000,0.00134780,0.00158170,232810549.00000000,2020-03-16 23:59:59.999000+00:00,363940.06030200,3201,117277111.00000000,185008.02573310,0
256,2020-03-17 00:00:00+00:00,0.00159270,0.00168730,0.00154600,0.00162190,120269653.00000000,2020-03-17 23:59:59.999000+00:00,195460.57934960,2139,56583422.00000000,92081.20621380,0
257,2020-03-18 00:00:00+00:00,0.00162190,0.00164280,0.00154420,0.00160020,153194705.00000000,2020-03-18 23:59:59.999000+00:00,243416.04668680,1861,78146263.00000000,124116.30310280,0
258,2020-03-19 00:00:00+00:00,0.00160020,0.00183950,0.00156500,0.00177000,315677300.00000000,2020-03-19 23:59:59.999000+00:00,542036.57923070,4300,156973994.00000000,269742.45176670,0
259,2020-03-20 00:00:00+00:00,0.00176000,0.00193610,0.00164120,0.00178020,301406598.00000000,2020-03-20 23:59:59.999000+00:00,549712.73361750,3612,167763401.00000000,306544.52519220,0
260,2020-03-21 00:00:00+00:00,0.00177580,0.00185330,0.00169640,0.00178490,120948576.00000000,2020-03-21 23:59:59.999000+00:00,214116.81437420,1811,56027500.00000000,99270.20019770,0
261,2020-03-22 00:00:00+00:00,0.00178970,0.00184470,0.00171550,0.00172640,156027627.00000000,2020-03-22 23:59:59.999000+00:00,276867.31344780,2134,61021473.00000000,108601.49257320,0
262,2020-03-23 00:00:00+00:00,0.00172220,0.00185760,0.00168430,0.00181920,180308460.00000000,2020-03-23 23:59:59.999000+00:00,317423.76987430,2691,104275343.00000000,183514.34419440,0
263,2020-03-24 00:00:00+00:00,0.00182600,0.00191600,0.00180470,0.00186410,283137113.00000000,2020-03-24 23:59:59.999000+00:00,528507.20826520,3263,182678714.00000000,341241.27700470,0
264,2020-03-25 00:00:00+00:00,0.00185110,0.00189470,0.00179000,0.00182960,170824524.00000000,2020-03-25 23:59:59.999000+00:00,311397.44881800,2213,88562637.00000000,161102.88047800,0
265,2020-03-26 00:00:00+00:00,0.00182960,0.00186730,0.00181110,0.00185190,151160373.00000000,2020-03-26 23:59:59.999000+00:00,278189.06354890,2052,84382039.00000000,155361.81107950,0
266,2020-03-27 00:00:00+00:00,0.00184700,0.00187000,0.00174080,0.00177660,195811269.00000000,2020-03-27 23:59:59.999000+00:00,357772.18822570,2423,98393181.00000000,179965.69151940,0
267,2020-03-28 00:00:00+00:00,0.00177540,0.00180900,0.00169810,0.00178300,314932329.00000000,2020-03-28 23:59:59.999000+00:00,551695.20371640,2993,154392823.00000000,270128.32453630,0
268,2020-03-29 00:00:00+00:00,0.00179300,0.00180010,0.00170180,0.00170990,156054263.00000000,2020-03-29 23:59:59.999000+00:00,274235.50023470,1521,58376992.00000000,102685.89476890,0
269,2020-03-30 00:00:00+00:00,0.00172020,0.00190000,0.00170900,0.00179570,116199882.00000000,2020-03-30 23:59:59.999000+00:00,209005.16211960,1781,57608670.00000000,104171.05862770,0
270,2020-03-31 00:00:00+00:00,0.00179940,0.00182860,0.00179200,0.00180410,67786701.00000000,2020-03-31 23:59:59.999000+00:00,122640.64950890,1031,38149100.00000000,69067.07645110,0
271,2020-04-01 00:00:00+00:00,0.00180000,0.00187430,0.00176590,0.00186310,152034474.00000000,2020-04-01 23:59:59.999000+00:00,275018.05211590,2214,78512589.00000000,142361.47022630,0
272,2020-04-02 00:00:00+00:00,0.00186370,0.00195000,0.00184050,0.00187770,146749302.00000000,2020-04-02 23:59:59.999000+00:00,275878.20677170,2664,77032493.00000000,144800.54452250,0
273,2020-04-03 00:00:00+00:00,0.00187010,0.00190480,0.00182050,0.00184670,97617758.00000000,2020-04-03 23:59:59.999000+00:00,182682.91736810,1707,43852459.00000000,82019.83197620,0
274,2020-04-04 00:00:00+00:00,0.00184670,0.00190850,0.00182800,0.00186970,92364705.00000000,2020-04-04 23:59:59.999000+00:00,171975.04237380,1878,54002067.00000000,100797.40685270,0
275,2020-04-05 00:00:00+00:00,0.00187450,0.00188170,0.00183810,0.00185000,55344996.00000000,2020-04-05 23:59:59.999000+00:00,102948.07559090,1117,23573321.00000000,43890.39741480,0
276,2020-04-06 00:00:00+00:00,0.00184690,0.00199010,0.00184430,0.00198960,210552139.00000000,2020-04-06 23:59:59.999000+00:00,404969.94385370,2889,103512353.00000000,198799.24327850,0
277,2020-04-07 00:00:00+00:00,0.00198940,0.00202090,0.00195010,0.00199430,202961221.00000000,2020-04-07 23:59:59.999000+00:00,404348.05151240,3286,100021884.00000000,199375.36511970,0
278,2020-04-08 00:00:00+00:00,0.00199660,0.00204260,0.00196700,0.00200380,90384907.00000000,2020-04-08 23:59:59.999000+00:00,181433.65884470,1875,43566251.00000000,87514.56445410,0
279,2020-04-09 00:00:00+00:00,0.00200370,0.00204540,0.00198520,0.00201510,89094012.00000000,2020-04-09 23:59:59.999000+00:00,178788.69170340,1581,46357849.00000000,93145.19307310,0
280,2020-04-10 00:00:00+00:00,0.00202260,0.00203560,0.00187300,0.00196500,212989247.00000000,2020-04-10 23:59:59.999000+00:00,415612.10658420,2868,100514388.00000000,196242.85418510,0
281,2020-04-11 00:00:00+00:00,0.00196540,0.00201000,0.00193490,0.00196450,76732837.00000000,2020-04-11 23:59:59.999000+00:00,150870.26228080,1405,40303855.00000000,79283.39169350,0
282,2020-04-12 00:00:00+00:00,0.00196800,0.00201200,0.00193920,0.00196730,114627907.00000000,2020-04-12 23:59:59.999000+00:00,227211.09371120,1606,54749551.00000000,108729.62604770,0
283,2020-04-13 00:00:00+00:00,0.00196410,0.00197600,0.00185980,0.00195330,185252284.00000000,2020-04-13 23:59:59.999000+00:00,353876.48739660,1979,69547628.00000000,133667.06091210,0
284,2020-04-14 00:00:00+00:00,0.00195330,0.00197700,0.00193150,0.00196560,67401911.00000000,2020-04-14 23:59:59.999000+00:00,131813.22553340,1039,27342132.00000000,53502.39594440,0
285,2020-04-15 00:00:00+00:00,0.00196460,0.00197310,0.00189000,0.00190610,143735234.00000000,2020-04-15 23:59:59.999000+00:00,276627.85136910,1612,59657499.00000000,115045.25329290,0
286,2020-04-16 00:00:00+00:00,0.00190300,0.00203000,0.00187220,0.00199500,151063706.00000000,2020-04-16 23:59:59.999000+00:00,298010.70517300,2639,98535097.00000000,194830.19705780,0
287,2020-04-17 00:00:00+00:00,0.00200020,0.00200470,0.00197400,0.00198300,55401970.00000000,2020-04-17 23:59:59.999000+00:00,110154.43829930,991,29927418.00000000,59517.32533890,0
288,2020-04-18 00:00:00+00:00,0.00198860,0.00209620,0.00198000,0.00204450,92775767.00000000,2020-04-18 23:59:59.999000+00:00,187867.64074400,1569,51711430.00000000,105005.33039550,0
289,2020-04-19 00:00:00+00:00,0.00204630,0.00207220,0.00199770,0.00203130,70450538.00000000,2020-04-19 23:59:59.999000+00:00,142682.78171030,1323,42992610.00000000,87128.56052770,0
290,2020-04-20 00:00:00+00:00,0.00203110,0.00204990,0.00193540,0.00197870,180876115.00000000,2020-04-20 23:59:59.999000+00:00,359046.48925060,2253,109229530.00000000,216799.48830950,0
291,2020-04-21 00:00:00+00:00,0.00196880,0.00200000,0.00193000,0.00195000,85730979.00000000,2020-04-21 23:59:59.999000+00:00,168119.87247520,1413,46309662.00000000,90866.23666610,0
292,2020-04-22 00:00:00+00:00,0.00194970,0.00205000,0.00194250,0.00199570,72581197.00000000,2020-04-22 23:59:59.999000+00:00,144374.99797770,1422,38036544.00000000,75751.17196400,0
293,2020-04-23 00:00:00+00:00,0.00200000,0.00216120,0.00198860,0.00205120,243115927.00000000,2020-04-23 23:59:59.999000+00:00,503945.57554650,3169,120741431.00000000,250108.32168040,0
294,2020-04-24 00:00:00+00:00,0.00204490,0.00210750,0.00204310,0.00208320,75266362.00000000,2020-04-24 23:59:59.999000+00:00,156359.20715300,1643,35391081.00000000,73602.99241990,0
295,2020-04-25 00:00:00+00:00,0.00208300,0.00215330,0.00206820,0.00212450,173120551.00000000,2020-04-25 23:59:59.999000+00:00,365457.63353290,2340,78231859.00000000,164967.46200080,0
296,2020-04-26 00:00:00+00:00,0.00213030,0.00244790,0.00212830,0.00240760,804586311.00000000,2020-04-26 23:59:59.999000+00:00,1862979.61690680,8348,355489962.00000000,823850.07139000,0
297,2020-04-27 00:00:00+00:00,0.00240320,0.00241370,0.00228210,0.00234560,475335023.00000000,2020-04-27 23:59:59.999000+00:00,1116917.34115490,5459,210683770.00000000,495448.66107780,0
298,2020-04-28 00:00:00+00:00,0.00234590,0.00235650,0.00230000,0.00232700,168260399.00000000,2020-04-28 23:59:59.999000+00:00,392514.42221820,2497,71838882.00000000,167751.85919880,0
299,2020-04-29 00:00:00+00:00,0.00231780,0.00254200,0.00230660,0.00249120,354821868.00000000,2020-04-29 23:59:59.999000+00:00,862062.23190870,5628,184081744.00000000,447858.88071170,0
300,2020-04-30 00:00:00+00:00,0.00249120,0.00269040,0.00235850,0.00243300,551825570.00000000,2020-04-30 23:59:59.999000+00:00,1385867.54029290,7570,253952146.00000000,644139.87156080,0
301,2020-05-01 00:00:00+00:00,0.00242250,0.00254660,0.00241760,0.00247490,220229951.00000000,2020-05-01 23:59:59.999000+00:00,546004.68525720,3070,96241370.00000000,238612.71845560,0
302,2020-05-02 00:00:00+00:00,0.00247820,0.00255740,0.00245010,0.00254200,148558121.00000000,2020-05-02 23:59:59.999000+00:00,370503.17067360,2607,64835448.00000000,162092.57862420,0
303,2020-05-03 00:00:00+00:00,0.00253930,0.00258000,0.00246000,0.00250010,167590125.00000000,2020-05-03 23:59:59.999000+00:00,420950.85431860,2798,94111022.00000000,236199.65121640,0
304,2020-05-04 00:00:00+00:00,0.00250110,0.00250940,0.00233750,0.00246050,151515338.00000000,2020-05-04 23:59:59.999000+00:00,368279.21058780,2903,67820793.00000000,164932.21210650,0
305,2020-05-05 00:00:00+00:00,0.00247170,0.00251830,0.00242660,0.00247380,83336304.00000000,2020-05-05 23:59:59.999000+00:00,205477.62914810,1966,41646732.00000000,102794.15986680,0
306,2020-05-06 00:00:00+00:00,0.00247760,0.00256230,0.00245720,0.00248010,180927494.00000000,2020-05-06 23:59:59.999000+00:00,453917.83324880,3001,86680455.00000000,217645.17848810,0
307,2020-05-07 00:00:00+00:00,0.00248000,0.00269750,0.00245900,0.00266270,366483103.00000000,2020-05-07 23:59:59.999000+00:00,948174.82803810,4978,218754642.00000000,565682.32881330,0
308,2020-05-08 00:00:00+00:00,0.00266320,0.00268940,0.00257000,0.00260520,259386572.00000000,2020-05-08 23:59:59.999000+00:00,677557.14790490,3922,115214156.00000000,301838.94517040,0
309,2020-05-09 00:00:00+00:00,0.00261570,0.00264530,0.00251000,0.00260750,216543474.00000000,2020-05-09 23:59:59.999000+00:00,562426.09165580,3182,107743348.00000000,279999.13677960,0
310,2020-05-10 00:00:00+00:00,0.00259860,0.00259860,0.00224250,0.00246020,321215093.00000000,2020-05-10 23:59:59.999000+00:00,783225.27412460,5494,171675909.00000000,418956.99683880,0
311,2020-05-11 00:00:00+00:00,0.00244320,0.00253730,0.00229570,0.00241250,192928752.00000000,2020-05-11 23:59:59.999000+00:00,468213.10427540,3659,84616853.00000000,205571.16281990,0
312,2020-05-12 00:00:00+00:00,0.00240450,0.00251320,0.00239930,0.00246060,107312600.00000000,2020-05-12 23:59:59.999000+00:00,264048.68703600,2209,54463153.00000000,134482.93419490,0
313,2020-05-13 00:00:00+00:00,0.00246050,0.00254250,0.00244330,0.00252450,168041623.00000000,2020-05-13 23:59:59.999000+00:00,418515.01468470,2559,88108305.00000000,219765.58810270,0
314,2020-05-14 00:00:00+00:00,0.00251910,0.00265000,0.00250000,0.00258130,315454837.00000000,2020-05-14 23:59:59.999000+00:00,811373.97578810,3986,155597498.00000000,399995.68759170,0
315,2020-05-15 00:00:00+00:00,0.00257270,0.00258280,0.00246000,0.00248880,126538135.00000000,2020-05-15 23:59:59.999000+00:00,318661.55768090,2278,65332812.00000000,164833.01748580,0
316,2020-05-16 00:00:00+00:00,0.00250050,0.00253450,0.00247280,0.00250980,82487862.00000000,2020-05-16 23:59:59.999000+00:00,206933.39209060,1624,43809644.00000000,109977.97374290,0
317,2020-05-17 00:00:00+00:00,0.00250840,0.00258000,0.00250200,0.00253310,103697263.00000000,2020-05-17 23:59:59.999000+00:00,264196.24814520,1773,40868966.00000000,104139.19843740,0
318,2020-05-18 00:00:00+00:00,0.00252500,0.00258990,0.00249870,0.00253790,93527053.00000000,2020-05-18 23:59:59.999000+00:00,237501.37099980,1726,42453762.00000000,108029.40201940,0
319,2020-05-19 00:00:00+00:00,0.00254000,0.00257750,0.00249030,0.00254870,90146889.00000000,2020-05-19 23:59:59.999000+00:00,227798.77342640,1954,42269362.00000000,106981.81593720,0
320,2020-05-20 00:00:00+00:00,0.00253940,0.00256600,0.00245880,0.00250020,152417725.00000000,2020-05-20 23:59:59.999000+00:00,383866.53246580,2223,78418309.00000000,197023.07332610,0
321,2020-05-21 00:00:00+00:00,0.00250120,0.00255140,0.00242150,0.00247740,205051270.00000000,2020-05-21 23:59:59.999000+00:00,511507.00322610,3300,100262311.00000000,250565.28703870,0
322,2020-05-22 00:00:00+00:00,0.00247700,0.00255000,0.00246270,0.00251750,107093984.00000000,2020-05-22 23:59:59.999000+00:00,269970.58440800,2059,52669974.00000000,132880.32551740,0
323,2020-05-23 00:00:00+00:00,0.00251990,0.00256310,0.00249360,0.00252710,160030526.00000000,2020-05-23 23:59:59.999000+00:00,405837.20178850,2278,83716219.00000000,212171.67606490,0
324,2020-05-24 00:00:00+00:00,0.00253560,0.00256300,0.00243500,0.00244610,160499199.00000000,2020-05-24 23:59:59.999000+00:00,403733.53305360,2733,74487346.00000000,187534.30594060,0
325,2020-05-25 00:00:00+00:00,0.00243790,0.00254800,0.00242000,0.00253240,280489252.00000000,2020-05-25 23:59:59.999000+00:00,702077.59531260,3411,145436766.00000000,363768.74432360,0
326,2020-05-26 00:00:00+00:00,0.00252510,0.00253290,0.00245710,0.00247810,186936703.00000000,2020-05-26 23:59:59.999000+00:00,466997.76429740,2897,84191634.00000000,210247.23076080,0
327,2020-05-27 00:00:00+00:00,0.00247800,0.00251860,0.00244990,0.00249980,176177359.00000000,2020-05-27 23:59:59.999000+00:00,437824.39073320,2777,93556675.00000000,232599.94063220,0
328,2020-05-28 00:00:00+00:00,0.00249980,0.00255990,0.00248160,0.00252300,256317241.00000000,2020-05-28 23:59:59.999000+00:00,645907.87536350,4064,138106070.00000000,348172.03433130,0
329,2020-05-29 00:00:00+00:00,0.00252650,0.00255330,0.00249950,0.00253030,142622163.00000000,2020-05-29 23:59:59.999000+00:00,359681.10372090,2714,69419445.00000000,175158.58752190,0
330,2020-05-30 00:00:00+00:00,0.00253020,0.00262990,0.00252600,0.00261800,217499962.00000000,2020-05-30 23:59:59.999000+00:00,560631.03866150,3622,113725711.00000000,293282.93794000,0
331,2020-05-31 00:00:00+00:00,0.00261810,0.00268220,0.00254300,0.00255990,164715811.00000000,2020-05-31 23:59:59.999000+00:00,425526.41929760,2690,78642062.00000000,203270.21979610,0
332,2020-06-01 00:00:00+00:00,0.00254920,0.00270000,0.00249970,0.00264520,291813951.00000000,2020-06-01 23:59:59.999000+00:00,756638.41000970,3732,144464920.00000000,376036.85851880,0
333,2020-06-02 00:00:00+00:00,0.00265650,0.00266470,0.00246960,0.00256660,325981114.00000000,2020-06-02 23:59:59.999000+00:00,841648.83155240,4088,149373848.00000000,386189.25002160,0
334,2020-06-03 00:00:00+00:00,0.00256100,0.00259600,0.00251770,0.00258670,130101538.00000000,2020-06-03 23:59:59.999000+00:00,333715.97157110,2049,61186368.00000000,157084.57148380,0
335,2020-06-04 00:00:00+00:00,0.00258050,0.00266790,0.00256560,0.00262300,326193437.00000000,2020-06-04 23:59:59.999000+00:00,853836.69942640,4436,184261625.00000000,482827.33092400,0
336,2020-06-05 00:00:00+00:00,0.00262300,0.00262880,0.00258000,0.00259070,114071897.00000000,2020-06-05 23:59:59.999000+00:00,296241.10848680,1687,46513918.00000000,120944.97039250,0
337,2020-06-06 00:00:00+00:00,0.00258340,0.00259990,0.00255070,0.00259260,101549796.00000000,2020-06-06 23:59:59.999000+00:00,261860.98015690,1585,34871220.00000000,89935.93497420,0
338,2020-06-07 00:00:00+00:00,0.00258990,0.00261350,0.00255000,0.00259870,132911616.00000000,2020-06-07 23:59:59.999000+00:00,342257.89989060,2050,59647331.00000000,153752.10631840,0
339,2020-06-08 00:00:00+00:00,0.00259120,0.00260380,0.00255050,0.00257860,121989865.00000000,2020-06-08 23:59:59.999000+00:00,314335.92613400,1793,53508508.00000000,137942.24727830,0
340,2020-06-09 00:00:00+00:00,0.00258480,0.00258880,0.00249000,0.00255860,116938419.00000000,2020-06-09 23:59:59.999000+00:00,298457.65894510,1995,50839254.00000000,129928.30193360,0
341,2020-06-10 00:00:00+00:00,0.00255860,0.00259530,0.00254090,0.00257610,113128228.00000000,2020-06-10 23:59:59.999000+00:00,289821.68484840,1804,51171698.00000000,131175.18481580,0
342,2020-06-11 00:00:00+00:00,0.00258000,0.00259380,0.00238010,0.00244630,169023974.00000000,2020-06-11 23:59:59.999000+00:00,421840.10844920,3029,78137778.00000000,195338.17080210,0
343,2020-06-12 00:00:00+00:00,0.00244630,0.00252500,0.00243510,0.00250000,133287436.00000000,2020-06-12 23:59:59.999000+00:00,331958.49954030,1833,59442145.00000000,147987.05622460,0
344,2020-06-13 00:00:00+00:00,0.00251400,0.00253380,0.00248690,0.00252410,93631744.00000000,2020-06-13 23:59:59.999000+00:00,235195.58293960,1318,50975623.00000000,128144.08444190,0
345,2020-06-14 00:00:00+00:00,0.00251350,0.00253190,0.00248200,0.00249720,65658290.00000000,2020-06-14 23:59:59.999000+00:00,164610.21186270,1324,28062106.00000000,70365.70250080,0
346,2020-06-15 00:00:00+00:00,0.00248860,0.00249410,0.00239630,0.00247430,147058752.00000000,2020-06-15 23:59:59.999000+00:00,357761.14971870,2370,63493846.00000000,154571.56037390,0
347,2020-06-16 00:00:00+00:00,0.00247010,0.00249990,0.00240870,0.00248550,219496367.00000000,2020-06-16 23:59:59.999000+00:00,539262.63378210,2327,132045016.00000000,323799.11375070,0
348,2020-06-17 00:00:00+00:00,0.00248560,0.00250240,0.00244450,0.00248060,136091681.00000000,2020-06-17 23:59:59.999000+00:00,336718.97805420,1868,53283355.00000000,131940.01509050,0
349,2020-06-18 00:00:00+00:00,0.00247880,0.00249190,0.00243220,0.00245750,59137982.00000000,2020-06-18 23:59:59.999000+00:00,146070.54299870,1973,26969343.00000000,66639.87098440,0
350,2020-06-19 00:00:00+00:00,0.00245700,0.00246800,0.00242560,0.00243990,84566591.00000000,2020-06-19 23:59:59.999000+00:00,206576.62093160,1773,34705192.00000000,84752.01761860,0
351,2020-06-20 00:00:00+00:00,0.00243990,0.00245160,0.00239210,0.00244190,59266072.00000000,2020-06-20 23:59:59.999000+00:00,144330.99426590,1049,31751694.00000000,77365.91423960,0
352,2020-06-21 00:00:00+00:00,0.00244660,0.00246580,0.00242770,0.00242950,84555177.00000000,2020-06-21 23:59:59.999000+00:00,207128.35282450,1193,41527255.00000000,101771.26364200,0
353,2020-06-22 00:00:00+00:00,0.00243570,0.00250010,0.00243200,0.00247310,118270150.00000000,2020-06-22 23:59:59.999000+00:00,291759.92927550,1709,68293696.00000000,168430.52097670,0
354,2020-06-23 00:00:00+00:00,0.00248280,0.00249090,0.00246150,0.00246860,96686433.00000000,2020-06-23 23:59:59.999000+00:00,239484.98379680,1508,44490142.00000000,110183.84870070,0
355,2020-06-24 00:00:00+00:00,0.00247750,0.00248670,0.00237720,0.00241930,124832546.00000000,2020-06-24 23:59:59.999000+00:00,303149.32263850,1852,54508415.00000000,132218.73633990,0
356,2020-06-25 00:00:00+00:00,0.00242470,0.00242880,0.00237800,0.00240810,73502899.00000000,2020-06-25 23:59:59.999000+00:00,176637.56628610,1271,35314009.00000000,85011.08462700,0
357,2020-06-26 00:00:00+00:00,0.00241110,0.00241700,0.00234650,0.00235930,69665977.00000000,2020-06-26 23:59:59.999000+00:00,164907.97630220,1377,26453948.00000000,62526.40853960,0
358,2020-06-27 00:00:00+00:00,0.00235150,0.00236350,0.00227000,0.00230450,94867690.00000000,2020-06-27 23:59:59.999000+00:00,219390.51360920,1775,48016684.00000000,110894.40451770,0
359,2020-06-28 00:00:00+00:00,0.00230410,0.00234590,0.00227840,0.00231420,116394661.00000000,2020-06-28 23:59:59.999000+00:00,269144.62259210,1378,59001893.00000000,136432.59149980,0
360,2020-06-29 00:00:00+00:00,0.00231940,0.00233000,0.00229080,0.00230770,85385099.00000000,2020-06-29 23:59:59.999000+00:00,197138.58291130,1278,49211848.00000000,113651.23867730,0
361,2020-06-30 00:00:00+00:00,0.00230300,0.00232570,0.00228210,0.00231850,58330225.00000000,2020-06-30 23:59:59.999000+00:00,134528.60931070,1307,28474323.00000000,65709.19114230,0
362,2020-07-01 00:00:00+00:00,0.00231010,0.00237090,0.00230000,0.00232030,120676078.00000000,2020-07-01 23:59:59.999000+00:00,279624.27407910,1728,54584545.00000000,126584.87151520,0
363,2020-07-02 00:00:00+00:00,0.00232510,0.00234980,0.00228390,0.00232200,97986311.00000000,2020-07-02 23:59:59.999000+00:00,227145.17677340,1569,49965419.00000000,115951.27442170,0
364,2020-07-03 00:00:00+00:00,0.00231720,0.00233450,0.00228820,0.00231390,76387879.00000000,2020-07-03 23:59:59.999000+00:00,176631.68460830,1385,40656226.00000000,94079.33719780,0
365,2020-07-04 00:00:00+00:00,0.00231550,0.00233120,0.00229930,0.00230120,60368775.00000000,2020-07-04 23:59:59.999000+00:00,139621.34072880,1682,30183523.00000000,69854.22561300,0
366,2020-07-05 00:00:00+00:00,0.00230330,0.00231900,0.00227870,0.00230290,88706470.00000000,2020-07-05 23:59:59.999000+00:00,203511.94008300,1812,49680739.00000000,113927.13259580,0
367,2020-07-06 00:00:00+00:00,0.00229880,0.00262200,0.00229300,0.00261930,461294907.00000000,2020-07-06 23:59:59.999000+00:00,1145683.70767170,5806,258399449.00000000,644620.53293190,0
368,2020-07-07 00:00:00+00:00,0.00261910,0.00329530,0.00259990,0.00313600,3965388549.00000000,2020-07-07 23:59:59.999000+00:00,11296654.27969010,38231,2056214157.00000000,5852862.30340770,0
369,2020-07-08 00:00:00+00:00,0.00313600,0.00559990,0.00291000,0.00476570,23657008079.00000000,2020-07-08 23:59:59.999000+00:00,101506480.14546680,249147,11491107761.00000000,49384109.10513180,0
370,2020-07-09 00:00:00+00:00,0.00476260,0.00505940,0.00405000,0.00432140,8645375967.00000000,2020-07-09 23:59:59.999000+00:00,39396921.91965070,101738,4232648469.00000000,19305135.23234770,0
371,2020-07-10 00:00:00+00:00,0.00432250,0.00433340,0.00340010,0.00353130,7536784753.00000000,2020-07-10 23:59:59.999000+00:00,28616762.43205760,78683,3530282370.00000000,13395776.26611770,0
372,2020-07-11 00:00:00+00:00,0.00353130,0.00396340,0.00345550,0.00380410,3661361202.00000000,2020-07-11 23:59:59.999000+00:00,13597638.00740290,43223,1806017447.00000000,6709832.66814270,0
373,2020-07-12 00:00:00+00:00,0.00381090,0.00385010,0.00357990,0.00363580,1546255634.00000000,2020-07-12 23:59:59.999000+00:00,5732308.10720140,22147,776052002.00000000,2876653.09209570,0
374,2020-07-13 00:00:00+00:00,0.00363570,0.00364080,0.00297670,0.00316770,4007164536.00000000,2020-07-13 23:59:59.999000+00:00,13240577.80390920,44346,1772719694.00000000,5862741.33097920,0
375,2020-07-14 00:00:00+00:00,0.00315870,0.00339000,0.00303020,0.00328880,2316802022.00000000,2020-07-14 23:59:59.999000+00:00,7460255.24829800,25055,1149566448.00000000,3709610.41617630,0
376,2020-07-15 00:00:00+00:00,0.00329110,0.00329110,0.00305600,0.00308680,1386310052.00000000,2020-07-15 23:59:59.999000+00:00,4373658.41915600,14159,633177694.00000000,2000055.12231640,0
377,2020-07-16 00:00:00+00:00,0.00309540,0.00309600,0.00285250,0.00298080,2070197756.00000000,2020-07-16 23:59:59.999000+00:00,6142528.43434500,22399,948541077.00000000,2816038.55363180,0
378,2020-07-17 00:00:00+00:00,0.00298080,0.00309000,0.00291690,0.00305280,1885382230.00000000,2020-07-17 23:59:59.999000+00:00,5696096.95114960,20631,954430687.00000000,2887244.38733480,0
379,2020-07-18 00:00:00+00:00,0.00305280,0.00368000,0.00301300,0.00344900,8332776850.00000000,2020-07-18 23:59:59.999000+00:00,28742129.43046750,78567,4204783315.00000000,14494627.81472420,0
380,2020-07-19 00:00:00+00:00,0.00344880,0.00377890,0.00331040,0.00338110,3659586603.00000000,2020-07-19 23:59:59.999000+00:00,12865942.95115640,39495,1835121148.00000000,6458134.82647080,0
381,2020-07-20 00:00:00+00:00,0.00338110,0.00343150,0.00314000,0.00322010,1636615889.00000000,2020-07-20 23:59:59.999000+00:00,5349671.38860510,20224,782528139.00000000,2560178.64096450,0
382,2020-07-21 00:00:00+00:00,0.00321920,0.00336590,0.00313770,0.00329790,1188848956.00000000,2020-07-21 23:59:59.999000+00:00,3864934.87070070,16473,594603270.00000000,1934200.47509250,0
383,2020-07-22 00:00:00+00:00,0.00329780,0.00330500,0.00320890,0.00328680,591711751.00000000,2020-07-22 23:59:59.999000+00:00,1919262.47928350,8618,281468048.00000000,913514.29595910,0
384,2020-07-23 00:00:00+00:00,0.00329170,0.00333700,0.00325980,0.00329970,792908063.00000000,2020-07-23 23:59:59.999000+00:00,2614505.87420080,10427,410561585.00000000,1354380.41295670,0
385,2020-07-24 00:00:00+00:00,0.00330350,0.00331140,0.00314650,0.00321130,824558980.00000000,2020-07-24 23:59:59.999000+00:00,2649236.96662650,11301,386401969.00000000,1241163.05817600,0
386,2020-07-25 00:00:00+00:00,0.00321730,0.00334330,0.00317610,0.00324750,867588133.00000000,2020-07-25 23:59:59.999000+00:00,2807891.53619980,13236,427121081.00000000,1384079.32375170,0
387,2020-07-26 00:00:00+00:00,0.00324900,0.00328980,0.00317280,0.00323230,888157925.00000000,2020-07-26 23:59:59.999000+00:00,2862719.28344220,11216,439625936.00000000,1417092.92972580,0
388,2020-07-27 00:00:00+00:00,0.00323740,0.00324410,0.00300190,0.00316940,1339892681.00000000,2020-07-27 23:59:59.999000+00:00,4208685.60639350,19472,708386039.00000000,2224518.81152890,0
389,2020-07-28 00:00:00+00:00,0.00317000,0.00322500,0.00312380,0.00318800,649930752.00000000,2020-07-28 23:59:59.999000+00:00,2058669.33361460,9254,323991255.00000000,1026689.86295900,0
390,2020-07-29 00:00:00+00:00,0.00318860,0.00330000,0.00315420,0.00316630,675383829.00000000,2020-07-29 23:59:59.999000+00:00,2172422.14235910,9617,367519248.00000000,1182961.49674830,0
391,2020-07-30 00:00:00+00:00,0.00317070,0.00325000,0.00313340,0.00322810,523325865.00000000,2020-07-30 23:59:59.999000+00:00,1672086.14342040,7163,282843503.00000000,904094.47771800,0
392,2020-07-31 00:00:00+00:00,0.00323040,0.00324120,0.00317130,0.00322400,632319202.00000000,2020-07-31 23:59:59.999000+00:00,2028272.17578770,8136,340487032.00000000,1092689.04846500,0
393,2020-08-01 00:00:00+00:00,0.00322040,0.00390000,0.00320010,0.00371440,4298724372.00000000,2020-08-01 23:59:59.999000+00:00,15649896.43451690,54095,2233622863.00000000,8130299.65385510,0
394,2020-08-02 00:00:00+00:00,0.00370960,0.00377540,0.00310000,0.00333120,2337347018.00000000,2020-08-02 23:59:59.999000+00:00,8071547.84964190,31924,1204967963.00000000,4167315.87482270,0
395,2020-08-03 00:00:00+00:00,0.00333510,0.00344680,0.00329950,0.00338180,859800460.00000000,2020-08-03 23:59:59.999000+00:00,2913667.29088610,11674,432019864.00000000,1465451.62629530,0
396,2020-08-04 00:00:00+00:00,0.00338280,0.00357460,0.00336080,0.00354580,1247440791.00000000,2020-08-04 23:59:59.999000+00:00,4314999.34609690,18131,612650572.00000000,2119399.49543760,0
397,2020-08-05 00:00:00+00:00,0.00354590,0.00358710,0.00344900,0.00350280,1099317757.00000000,2020-08-05 23:59:59.999000+00:00,3870838.15603590,11922,571792610.00000000,2014493.26327980,0
398,2020-08-06 00:00:00+00:00,0.00350240,0.00365000,0.00345000,0.00356000,908946142.00000000,2020-08-06 23:59:59.999000+00:00,3214795.55842590,11915,445388468.00000000,1575248.58364670,0
399,2020-08-07 00:00:00+00:00,0.00356020,0.00361700,0.00331700,0.00349600,886076044.00000000,2020-08-07 23:59:59.999000+00:00,3111647.74487270,12418,465349884.00000000,1633329.43716760,0
400,2020-08-08 00:00:00+00:00,0.00349610,0.00352490,0.00339810,0.00351340,624969060.00000000,2020-08-08 23:59:59.999000+00:00,2177104.31806510,8728,312652265.00000000,1089392.36113160,0
401,2020-08-09 00:00:00+00:00,0.00351790,0.00353000,0.00341030,0.00346640,587442093.00000000,2020-08-09 23:59:59.999000+00:00,2034641.85488640,7965,283452000.00000000,981975.63367120,0
402,2020-08-10 00:00:00+00:00,0.00346770,0.00355590,0.00340890,0.00349520,826540351.00000000,2020-08-10 23:59:59.999000+00:00,2884467.96230530,12588,404705136.00000000,1413322.29520880,0
403,2020-08-11 00:00:00+00:00,0.00349470,0.00357780,0.00331680,0.00339060,1215986149.00000000,2020-08-11 23:59:59.999000+00:00,4194766.14539400,16427,623840234.00000000,2151665.92613250,0
404,2020-08-12 00:00:00+00:00,0.00338730,0.00349650,0.00331650,0.00346060,829060692.00000000,2020-08-12 23:59:59.999000+00:00,2848256.47237170,12181,411682463.00000000,1415224.28603580,0
405,2020-08-13 00:00:00+00:00,0.00345990,0.00352080,0.00333500,0.00348770,1141424689.00000000,2020-08-13 23:59:59.999000+00:00,3933847.54703250,15982,556805117.00000000,1920056.53630240,0
406,2020-08-14 00:00:00+00:00,0.00348770,0.00359000,0.00343340,0.00357310,852114289.00000000,2020-08-14 23:59:59.999000+00:00,2975855.60898090,12567,413341234.00000000,1444626.33436720,0
407,2020-08-15 00:00:00+00:00,0.00357360,0.00362430,0.00346170,0.00353280,1065565878.00000000,2020-08-15 23:59:59.999000+00:00,3787913.75846510,14904,523955759.00000000,1863501.15834090,0
408,2020-08-16 00:00:00+00:00,0.00353190,0.00355830,0.00343820,0.00353020,756283319.00000000,2020-08-16 23:59:59.999000+00:00,2651576.16842570,9673,364369083.00000000,1277959.97066340,0
409,2020-08-17 00:00:00+00:00,0.00352600,0.00372380,0.00349270,0.00358770,1596549440.00000000,2020-08-17 23:59:59.999000+00:00,5773809.27900980,28754,795517613.00000000,2878820.01134980,0
410,2020-08-18 00:00:00+00:00,0.00358210,0.00371650,0.00342970,0.00347600,1122350625.00000000,2020-08-18 23:59:59.999000+00:00,4004406.76702900,22262,586485719.00000000,2093002.87031340,0
411,2020-08-19 00:00:00+00:00,0.00347950,0.00353740,0.00333410,0.00341960,865075768.00000000,2020-08-19 23:59:59.999000+00:00,2954690.35564670,20199,469338865.00000000,1603194.51243020,0
412,2020-08-20 00:00:00+00:00,0.00341970,0.00350430,0.00337110,0.00343990,483184322.00000000,2020-08-20 23:59:59.999000+00:00,1662882.31225300,8666,239862424.00000000,825464.86884210,0
413,2020-08-21 00:00:00+00:00,0.00343860,0.00356510,0.00336220,0.00337760,1082335183.00000000,2020-08-21 23:59:59.999000+00:00,3757250.49488440,16479,556493834.00000000,1929343.36736530,0
414,2020-08-22 00:00:00+00:00,0.00338080,0.00346050,0.00332010,0.00343310,663901289.00000000,2020-08-22 23:59:59.999000+00:00,2251536.34155810,9515,370051953.00000000,1255665.62812230,0
415,2020-08-23 00:00:00+00:00,0.00343100,0.00345620,0.00336070,0.00339550,449353268.00000000,2020-08-23 23:59:59.999000+00:00,1532571.01362980,7322,219428433.00000000,748338.70020700,0
416,2020-08-24 00:00:00+00:00,0.00339770,0.00346890,0.00337150,0.00341160,697239432.00000000,2020-08-24 23:59:59.999000+00:00,2378653.75687360,11380,331983237.00000000,1132890.58213320,0
417,2020-08-25 00:00:00+00:00,0.00340700,0.00342610,0.00320920,0.00329070,804352786.00000000,2020-08-25 23:59:59.999000+00:00,2676804.71309310,12375,423163805.00000000,1408176.06543610,0
418,2020-08-26 00:00:00+00:00,0.00328960,0.00334610,0.00323230,0.00329390,573094887.00000000,2020-08-26 23:59:59.999000+00:00,1888107.76964520,9453,274201803.00000000,903369.06760610,0
419,2020-08-27 00:00:00+00:00,0.00329160,0.00330780,0.00314270,0.00319970,811879341.00000000,2020-08-27 23:59:59.999000+00:00,2609215.19113220,11821,412745303.00000000,1326335.58589130,0
420,2020-08-28 00:00:00+00:00,0.00320170,0.00326870,0.00316780,0.00326370,414648220.00000000,2020-08-28 23:59:59.999000+00:00,1338117.15404030,6087,194387876.00000000,627531.56672010,0
421,2020-08-29 00:00:00+00:00,0.00326360,0.00329730,0.00322850,0.00327490,443081651.00000000,2020-08-29 23:59:59.999000+00:00,1447550.32073510,6459,224853469.00000000,734568.86670830,0
422,2020-08-30 00:00:00+00:00,0.00327510,0.00334800,0.00326100,0.00329810,456619299.00000000,2020-08-30 23:59:59.999000+00:00,1504546.82321530,7491,223120004.00000000,735379.70633650,0
423,2020-08-31 00:00:00+00:00,0.00329810,0.00330540,0.00318410,0.00320730,792397030.00000000,2020-08-31 23:59:59.999000+00:00,2573557.48676290,11098,398645594.00000000,1294435.83449290,0
424,2020-09-01 00:00:00+00:00,0.00320610,0.00327840,0.00315190,0.00324110,728992095.00000000,2020-09-01 23:59:59.999000+00:00,2356677.45574270,11798,354370929.00000000,1145911.12350010,0
425,2020-09-02 00:00:00+00:00,0.00323980,0.00326260,0.00301010,0.00311610,758139570.00000000,2020-09-02 23:59:59.999000+00:00,2369224.26228620,13948,384368222.00000000,1200881.66975070,0
426,2020-09-03 00:00:00+00:00,0.00311850,0.00312650,0.00270000,0.00276920,1202524192.00000000,2020-09-03 23:59:59.999000+00:00,3562917.95934440,20893,623124253.00000000,1846802.48731730,0
427,2020-09-04 00:00:00+00:00,0.00277040,0.00296320,0.00270060,0.00287970,1128781264.00000000,2020-09-04 23:59:59.999000+00:00,3174925.34879330,17045,549429247.00000000,1546071.72239270,0
428,2020-09-05 00:00:00+00:00,0.00287890,0.00292690,0.00267860,0.00276400,1058743832.00000000,2020-09-05 23:59:59.999000+00:00,2978479.75808310,16157,523679282.00000000,1472057.52992560,0
429,2020-09-06 00:00:00+00:00,0.00275050,0.00280680,0.00268750,0.00278590,1165434272.00000000,2020-09-06 23:59:59.999000+00:00,3204635.21020140,14684,572446129.00000000,1574318.07587000,0
430,2020-09-07 00:00:00+00:00,0.00278140,0.00283730,0.00268800,0.00281510,930536034.00000000,2020-09-07 23:59:59.999000+00:00,2567211.93695400,14173,488885206.00000000,1349260.89490630,0
431,2020-09-08 00:00:00+00:00,0.00281880,0.00283860,0.00267420,0.00274700,602845165.00000000,2020-09-08 23:59:59.999000+00:00,1655447.61325490,11497,303352497.00000000,833080.45074760,0
432,2020-09-09 00:00:00+00:00,0.00274550,0.00280500,0.00268630,0.00277900,603901405.00000000,2020-09-09 23:59:59.999000+00:00,1663114.62177440,9284,303079987.00000000,834860.48144650,0
433,2020-09-10 00:00:00+00:00,0.00277790,0.00284800,0.00275220,0.00280770,589054621.00000000,2020-09-10 23:59:59.999000+00:00,1648875.75546170,10331,310244523.00000000,869138.26929390,0
434,2020-09-11 00:00:00+00:00,0.00280600,0.00282000,0.00273640,0.00279560,633511688.00000000,2020-09-11 23:59:59.999000+00:00,1758441.83549630,8993,311760772.00000000,865664.92737570,0
435,2020-09-12 00:00:00+00:00,0.00279520,0.00283210,0.00276000,0.00281410,538072324.00000000,2020-09-12 23:59:59.999000+00:00,1501887.97541890,8718,277225901.00000000,774322.33154380,0
436,2020-09-13 00:00:00+00:00,0.00281400,0.00281990,0.00274030,0.00278300,736932793.00000000,2020-09-13 23:59:59.999000+00:00,2049607.06270690,11723,326504871.00000000,908539.18715630,0
437,2020-09-14 00:00:00+00:00,0.00278360,0.00281430,0.00273340,0.00278510,622069203.00000000,2020-09-14 23:59:59.999000+00:00,1725639.75254650,10167,324788143.00000000,901562.58050920,0
438,2020-09-15 00:00:00+00:00,0.00278760,0.00286990,0.00277510,0.00282780,837946931.00000000,2020-09-15 23:59:59.999000+00:00,2365715.48907410,15850,489493782.00000000,1382378.96981360,0
439,2020-09-16 00:00:00+00:00,0.00282700,0.00285000,0.00278000,0.00280530,718768350.00000000,2020-09-16 23:59:59.999000+00:00,2026840.49310840,11484,364930014.00000000,1029695.53638610,0
440,2020-09-17 00:00:00+00:00,0.00280790,0.00285770,0.00276250,0.00280780,708422584.00000000,2020-09-17 23:59:59.999000+00:00,1984643.65431850,10988,348802593.00000000,977504.08947310,0
441,2020-09-18 00:00:00+00:00,0.00280470,0.00281500,0.00274680,0.00278920,596841059.00000000,2020-09-18 23:59:59.999000+00:00,1665094.33264150,9387,294772414.00000000,822735.60848730,0
442,2020-09-19 00:00:00+00:00,0.00278760,0.00280990,0.00276350,0.00279010,896333697.00000000,2020-09-19 23:59:59.999000+00:00,2499702.98781420,9964,448922652.00000000,1252296.35883280,0
443,2020-09-20 00:00:00+00:00,0.00279180,0.00280090,0.00272340,0.00277290,893231406.00000000,2020-09-20 23:59:59.999000+00:00,2473479.89994280,11573,432806491.00000000,1198871.87421650,0
444,2020-09-21 00:00:00+00:00,0.00277320,0.00280350,0.00256880,0.00259720,1374012637.00000000,2020-09-21 23:59:59.999000+00:00,3696051.30046610,17357,693724834.00000000,1865858.65713360,0
445,2020-09-22 00:00:00+00:00,0.00259460,0.00265880,0.00258020,0.00264320,695672800.00000000,2020-09-22 23:59:59.999000+00:00,1823237.62382160,9391,344019429.00000000,902386.87317910,0
446,2020-09-23 00:00:00+00:00,0.00264100,0.00264930,0.00253640,0.00254440,499113155.00000000,2020-09-23 23:59:59.999000+00:00,1296563.69061600,9153,247889614.00000000,644301.07861170,0
447,2020-09-24 00:00:00+00:00,0.00254030,0.00266120,0.00252770,0.00262970,388768314.00000000,2020-09-24 23:59:59.999000+00:00,1012883.26844910,7154,210545456.00000000,548653.79481060,0
448,2020-09-25 00:00:00+00:00,0.00262970,0.00271920,0.00261460,0.00270150,513362397.00000000,2020-09-25 23:59:59.999000+00:00,1371685.08673770,8468,289038118.00000000,772487.32191670,0
449,2020-09-26 00:00:00+00:00,0.00270440,0.00276100,0.00267240,0.00269720,311169397.00000000,2020-09-26 23:59:59.999000+00:00,843037.93040190,5603,167644708.00000000,454299.91617890,0
450,2020-09-27 00:00:00+00:00,0.00269730,0.00273510,0.00265810,0.00269540,236020657.00000000,2020-09-27 23:59:59.999000+00:00,636286.32607200,4693,125454959.00000000,338384.15426520,0
